GB_id,GB_Title,GB_ReleaseYear,Search,Match,GB_AmazonLink,Amazon_Flag,GB_StarzLink,Starz_Flag,GB_NetflixLink,Netflix_flag,GB_NbcLink,Nbc_flag,GB_CBSLink,CBS_flag,GB_VuduLink,Vudu_flag,GB_ItunesLink,Itunes_flag,Ozone_Ott_flag,RoviID,Result
33,Bob Marley & the Wailers: Catch a Fire,2000,TRUE,FALSE,['B017OEUTMI'],FALSE,,FALSE,,FALSE,,FALSE,,FALSE,,FALSE,,FALSE,FALSE,,Couldn't Map
2371,Chic: Live at Montreux 2004,2004,TRUE,FALSE,['B003OBFUH0'],FALSE,,FALSE,,FALSE,,FALSE,,FALSE,,FALSE,,FALSE,FALSE,,Couldn't Map
4001,Stuff: Live at Montreux 1976,1976,TRUE,FALSE,['B017OJL350'],FALSE,,FALSE,,FALSE,,FALSE,,FALSE,,FALSE,,FALSE,FALSE,,Couldn't Map
4163,Keane: Curate a Night for War Child,2007,TRUE,FALSE,['B017OJL0OE'],FALSE,,FALSE,,FALSE,,FALSE,,FALSE,,FALSE,,FALSE,FALSE,,Couldn't Map
4169,The Groundhogs: Live at the Astoria,1998,TRUE,FALSE,['B017OIVM5W'],FALSE,,FALSE,,FALSE,,FALSE,,FALSE,,FALSE,,FALSE,FALSE,,Couldn't Map
5093,Dan Zanes and Friends: The Fine Friends Are Here!,2008,TRUE,FALSE,"['B017OIVM8E', 'B00TKYID9W']",FALSE,,FALSE,,FALSE,,FALSE,,FALSE,,FALSE,,FALSE,FALSE,,Couldn't Map
8787,Adventure Scouts,2010,TRUE,FALSE,['B00B99UBS2'],FALSE,,FALSE,,FALSE,,FALSE,,FALSE,,FALSE,,FALSE,FALSE,,Couldn't Map
11374,Wet Wet Wet: Playing Away at Home,1997,TRUE,FALSE,['B017ORVYYM'],FALSE,,FALSE,,FALSE,,FALSE,,FALSE,,FALSE,,FALSE,FALSE,,Couldn't Map
11859,Macbeth,2008,TRUE,FALSE,,FALSE,,FALSE,,FALSE,,FALSE,,FALSE,,FALSE,['1088432125'],FALSE,FALSE,,Couldn't Map
14578,Overkill: Live at Wacken,2007,TRUE,FALSE,['B017OL36ZI'],FALSE,,FALSE,,FALSE,,FALSE,,FALSE,,FALSE,,FALSE,FALSE,,Couldn't Map
18359,The Shadows,2007,TRUE,FALSE,"['B012PJLCDC', 'B012PK3VZI', 'B012PJLCDC']",FALSE,,FALSE,,FALSE,,FALSE,,FALSE,,FALSE,,FALSE,FALSE,,Couldn't Map
20236,2012: Prophecy or Panic,2011,TRUE,FALSE,['B017X2UHSC'],FALSE,,FALSE,,FALSE,,FALSE,,FALSE,,FALSE,,FALSE,FALSE,,Couldn't Map
25140,Magnum: Live in London,2005,TRUE,FALSE,"['B017OL2VR2', 'B01G60HMLC']",FALSE,,FALSE,,FALSE,,FALSE,,FALSE,,FALSE,,FALSE,FALSE,,Couldn't Map
33913,Mute Math: Flesh and Bone Electric Fun,2007,TRUE,FALSE,['B017OL1XQ2'],FALSE,,FALSE,,FALSE,,FALSE,,FALSE,,FALSE,,FALSE,FALSE,,Couldn't Map
33923,Babyshambles: Up the Shambles: Live in Manchester,2004,TRUE,FALSE,['B017OETSCK'],FALSE,,FALSE,,FALSE,,FALSE,,FALSE,,FALSE,,FALSE,FALSE,,Couldn't Map
35007,Tax Day,1998,TRUE,FALSE,['B01MEDE3YE'],FALSE,,FALSE,,FALSE,,FALSE,,FALSE,,FALSE,,FALSE,FALSE,,Couldn't Map
36794,How Hitler Lost the War,1989,TRUE,FALSE,['B000UVB1XY'],FALSE,,FALSE,,FALSE,,FALSE,,FALSE,,FALSE,,FALSE,FALSE,,Couldn't Map
37427,Crunch: CardioSculpt,2003,TRUE,FALSE,['B000Y7RHLE'],FALSE,,FALSE,,FALSE,,FALSE,,FALSE,,FALSE,,FALSE,FALSE,,Couldn't Map
37939,The Things We Carry,2009,TRUE,FALSE,['B07DF4NL77'],FALSE,,FALSE,,FALSE,,FALSE,,FALSE,,FALSE,,FALSE,FALSE,,Couldn't Map
38201,The Soldier's Tale,2007,TRUE,FALSE,['B01MAW9SGE'],FALSE,,FALSE,,FALSE,,FALSE,,FALSE,,FALSE,,FALSE,FALSE,,Couldn't Map
39453,Under the Roofs of Paris,1930,TRUE,FALSE,['B077SH4DRH'],FALSE,,FALSE,,FALSE,,FALSE,,FALSE,,FALSE,,FALSE,FALSE,,Couldn't Map
41468,Discovering Masterpieces of Classical Music: Bela Bartok,2003,TRUE,FALSE,['B017OETQMW'],FALSE,,FALSE,,FALSE,,FALSE,,FALSE,,FALSE,,FALSE,FALSE,,Couldn't Map
42104,VeggieTales: Dave and the Giant Pickle,1996,TRUE,FALSE,['B003CJH8YM'],FALSE,,FALSE,,FALSE,,FALSE,,FALSE,,FALSE,,FALSE,FALSE,,Couldn't Map
42851,Hugh Masekela: Homecoming Concert,2000,TRUE,FALSE,['B017OL2KRI'],FALSE,,FALSE,,FALSE,,FALSE,,FALSE,,FALSE,,FALSE,FALSE,,Couldn't Map
43367,Supervivientes de los Andes,1976,TRUE,FALSE,['B01MAVUWYH'],FALSE,,FALSE,,FALSE,,FALSE,,FALSE,,FALSE,,FALSE,FALSE,,Couldn't Map
45110,Brutes and Savages,1976,TRUE,FALSE,['B01HCM9FRW'],FALSE,,FALSE,,FALSE,,FALSE,,FALSE,,FALSE,,FALSE,FALSE,,Couldn't Map
46125,A Night with Chieli Minucci,2006,TRUE,FALSE,"['B01BWBITKS', 'B007FAGO76']",FALSE,,FALSE,,FALSE,,FALSE,,FALSE,,FALSE,,FALSE,FALSE,,Couldn't Map
46821,Guerrilla Girl,1953,TRUE,FALSE,['B07846R6NF'],FALSE,,FALSE,,FALSE,,FALSE,,FALSE,,FALSE,,FALSE,FALSE,,Couldn't Map
47625,The Corpse Grinders II,2000,TRUE,FALSE,['B00IL61ZPO'],FALSE,,FALSE,,FALSE,,FALSE,,FALSE,,FALSE,,FALSE,FALSE,,Couldn't Map
48948,The Swingtime Collection: Vol. 1: Half-Past Jump Time!,2009,TRUE,FALSE,['B017OJM3X6'],FALSE,,FALSE,,FALSE,,FALSE,,FALSE,,FALSE,,FALSE,FALSE,,Couldn't Map
50064,Lou Reed: Live at Montreux 2000,2000,TRUE,FALSE,['B017VDEJW8'],FALSE,,FALSE,,FALSE,,FALSE,,FALSE,,FALSE,,FALSE,FALSE,,Couldn't Map
52639,Eric Clapton: Crossroads Guitar Festival 2004,2004,TRUE,FALSE,,FALSE,,FALSE,,FALSE,,FALSE,,FALSE,,FALSE,['733293995'],FALSE,FALSE,,Couldn't Map
55676,Deader Country,2009,TRUE,FALSE,['B003IB5NJG'],FALSE,,FALSE,,FALSE,,FALSE,,FALSE,,FALSE,,FALSE,FALSE,,Couldn't Map
56279,The Engagement,2006,TRUE,FALSE,"['B01N0VWW5F', 'B01N0VWW5F']",FALSE,,FALSE,,FALSE,,FALSE,,FALSE,,FALSE,,FALSE,FALSE,,Couldn't Map
58588,El Sicario: Room 164,2010,TRUE,FALSE,['B00DU4I26W'],FALSE,,FALSE,,FALSE,,FALSE,,FALSE,,FALSE,,FALSE,FALSE,,Couldn't Map
58897,The Company,2007,TRUE,FALSE,['B000XQ6SMK'],FALSE,,FALSE,,FALSE,,FALSE,,FALSE,,FALSE,,FALSE,FALSE,,Couldn't Map
60693,Wayne Shorter: Live at Montreux 1996,1996,TRUE,FALSE,['B017OEURCU'],FALSE,,FALSE,,FALSE,,FALSE,,FALSE,,FALSE,,FALSE,FALSE,,Couldn't Map
61588,The Lost Skeleton Returns Again,2010,TRUE,FALSE,['B0041GBSAU'],FALSE,,FALSE,,FALSE,,FALSE,,FALSE,,FALSE,,FALSE,FALSE,,Couldn't Map
61671,Denise Austin: Hot Body Yoga,2010,TRUE,FALSE,['B008Y5SV2W'],FALSE,,FALSE,,FALSE,,FALSE,,FALSE,,FALSE,,FALSE,FALSE,,Couldn't Map
63058,Restoration,2011,TRUE,FALSE,['B01MA39SYY'],FALSE,,FALSE,,FALSE,,FALSE,,FALSE,,FALSE,,FALSE,FALSE,,Couldn't Map
63471,Greatest Heroes and Legends of the Bible: David and Goliath,2003,TRUE,FALSE,['B017UPRHYO'],FALSE,,FALSE,,FALSE,,FALSE,,FALSE,,FALSE,,FALSE,FALSE,,Couldn't Map
63613,De La Soul: Me Myself & I,1997,TRUE,FALSE,"['B01AU00ZIQ', 'B008VTY9WC']",FALSE,,FALSE,,FALSE,,FALSE,,FALSE,,FALSE,,FALSE,FALSE,,Couldn't Map
63844,Disconnect,2010,TRUE,FALSE,"['B07373GBQP', 'B07373GBQP']",FALSE,,FALSE,,FALSE,,FALSE,,FALSE,,FALSE,,FALSE,FALSE,,Couldn't Map
63879,Kim Waters: In the Groove,2005,TRUE,FALSE,['B007GFNUAE'],FALSE,,FALSE,,FALSE,,FALSE,,FALSE,,FALSE,,FALSE,FALSE,,Couldn't Map
64359,Masters of the Country Blues: John Lee Hooker and Furry Lewis,2002,TRUE,FALSE,['B017VDCA1A'],FALSE,,FALSE,,FALSE,,FALSE,,FALSE,,FALSE,,FALSE,FALSE,,Couldn't Map
65034,Marc Almond: Live at Lokerse Feesten 2000,2000,TRUE,FALSE,"['B01FYC9X74', 'B004HE4Q6E']",FALSE,,FALSE,,FALSE,,FALSE,,FALSE,,FALSE,,FALSE,FALSE,,Couldn't Map
65727,L.A. Mass Choir,1991,TRUE,FALSE,['B017OIVIM4'],FALSE,,FALSE,,FALSE,,FALSE,,FALSE,,FALSE,,FALSE,FALSE,,Couldn't Map
66492,VeggieTales Classics: Josh and the Big Wall!,1997,TRUE,FALSE,['B003CJJ6UG'],FALSE,,FALSE,,FALSE,,FALSE,,FALSE,,FALSE,,FALSE,FALSE,,Couldn't Map
69985,Skatalites: Live at Lokerse Feesten 1997 & 2002,2008,TRUE,FALSE,['B017OL460M'],FALSE,,FALSE,,FALSE,,FALSE,,FALSE,,FALSE,,FALSE,FALSE,,Couldn't Map
70746,La Bohème,2008,TRUE,FALSE,,FALSE,,FALSE,,FALSE,,FALSE,,FALSE,,FALSE,['1031351656'],FALSE,FALSE,,Couldn't Map
72107,The Whole Shootin' Match,1978,TRUE,FALSE,['B01MA556CO'],FALSE,,FALSE,,FALSE,,FALSE,,FALSE,,FALSE,,FALSE,FALSE,,Couldn't Map
73078,The Mark of the Beast,1997,TRUE,FALSE,['B01DQ8AF7K'],FALSE,,FALSE,,FALSE,,FALSE,,FALSE,,FALSE,,FALSE,FALSE,,Couldn't Map
75048,Bollywood Burn with Hemalayaa,2007,TRUE,FALSE,['B00461AJ14'],FALSE,,FALSE,,FALSE,,FALSE,,FALSE,,FALSE,,FALSE,FALSE,,Couldn't Map
76883,Sicario,1994,TRUE,FALSE,"['B01FROHM4A', 'B01FROHS3A']",FALSE,,FALSE,,FALSE,,FALSE,,FALSE,,FALSE,['1083740134'],FALSE,FALSE,,Couldn't Map
77650,Greatest Heroes and Legends of the Bible: Jonah and the Whale,2003,TRUE,FALSE,['B017UPS19O'],FALSE,,FALSE,,FALSE,,FALSE,,FALSE,,FALSE,,FALSE,FALSE,,Couldn't Map
77679,Shaggy: Live at Chiemsee Reggae Summer,2007,TRUE,FALSE,"['B01ATZYYHA', 'B00A469YSE']",FALSE,,FALSE,,FALSE,,FALSE,,FALSE,,FALSE,,FALSE,FALSE,,Couldn't Map
77692,Sheryl Crow: Wildflower Tour,2006,TRUE,FALSE,['B017OJLJ86'],FALSE,,FALSE,,FALSE,,FALSE,,FALSE,,FALSE,,FALSE,FALSE,,Couldn't Map
78265,Willie Smith: Willie the Lion,2004,TRUE,FALSE,"['B01D8YZ5VI', 'B007F8UL4A']",FALSE,,FALSE,,FALSE,,FALSE,,FALSE,,FALSE,,FALSE,FALSE,,Couldn't Map
79797,Yoga of Light,2004,TRUE,FALSE,['B00DM0X6RY'],FALSE,,FALSE,,FALSE,,FALSE,,FALSE,,FALSE,,FALSE,FALSE,,Couldn't Map
79856,Testament: Live in London,2005,TRUE,FALSE,['B017OL4LW0'],FALSE,,FALSE,,FALSE,,FALSE,,FALSE,,FALSE,,FALSE,FALSE,,Couldn't Map
81346,Blancanieves,2012,TRUE,FALSE,['B00ESUP4MM'],FALSE,,FALSE,,FALSE,,FALSE,,FALSE,,FALSE,,FALSE,FALSE,,Couldn't Map
81588,Uriah Heep: Magic Night,2004,TRUE,FALSE,"['B00FXMF9JW', 'B00FXMFQIG']",FALSE,,FALSE,,FALSE,,FALSE,,FALSE,,FALSE,,FALSE,FALSE,,Couldn't Map
82486,Greatest Heroes and Legends of the Bible: Samson and Delilah,2003,TRUE,FALSE,['B017UPTT18'],FALSE,,FALSE,,FALSE,,FALSE,,FALSE,,FALSE,,FALSE,FALSE,,Couldn't Map
83104,Jazz Singer,1959,TRUE,FALSE,,FALSE,,FALSE,,FALSE,,FALSE,,FALSE,,FALSE,['498024613'],FALSE,FALSE,,Couldn't Map
83260,Woody Allen: A Documentary Part 1,2011,TRUE,FALSE,"['B07DS72NC8', 'B006N0QTQU']",FALSE,,FALSE,,FALSE,,FALSE,,FALSE,,FALSE,['484634613'],FALSE,FALSE,,Couldn't Map
83598,The Beaches of Agnes,2008,TRUE,FALSE,['B017UPRHKI'],FALSE,,FALSE,,FALSE,,FALSE,,FALSE,,FALSE,,FALSE,FALSE,,Couldn't Map
83846,Transcendence,2012,TRUE,FALSE,['B008NS941M'],FALSE,,FALSE,,FALSE,,FALSE,,FALSE,,FALSE,['542556512'],FALSE,FALSE,,Couldn't Map
84254,Moto 2: The Movie,2010,TRUE,FALSE,['B00EV9WKM2'],FALSE,,FALSE,,FALSE,,FALSE,,FALSE,,FALSE,['405330330'],FALSE,FALSE,,Couldn't Map
85056,Korn: Live at the Hollywood Palladium,2012,TRUE,FALSE,['B017OFD4GA'],FALSE,,FALSE,,FALSE,,FALSE,,FALSE,,FALSE,,FALSE,FALSE,,Couldn't Map
85220,Lucky Texan,1934,TRUE,FALSE,"['B000H3Z744', 'B000H3Z744']",FALSE,,FALSE,,FALSE,,FALSE,,FALSE,,FALSE,,FALSE,FALSE,,Couldn't Map
85398,Monster,1987,TRUE,FALSE,"['B01IUCLLXE', 'B01IUCLLXE']",FALSE,,FALSE,,FALSE,,FALSE,,FALSE,,FALSE,,FALSE,FALSE,,Couldn't Map
87643,Forget Paris,2012,TRUE,FALSE,['B00AAT75D6'],FALSE,,FALSE,,FALSE,,FALSE,,FALSE,,FALSE,,FALSE,FALSE,,Couldn't Map
87997,Titans of the Savannah,2010,TRUE,FALSE,['B00E8AY7PM'],FALSE,,FALSE,,FALSE,,FALSE,,FALSE,,FALSE,,FALSE,FALSE,,Couldn't Map
88005,Happy for No Reason,2008,TRUE,FALSE,"['B018IW4AV6', 'B00E3OYYGU']",FALSE,,FALSE,,FALSE,,FALSE,,FALSE,,FALSE,,FALSE,FALSE,,Couldn't Map
89113,Dance Off The Inches: Country Line Dance Party,2010,TRUE,FALSE,['B00FY196LE'],FALSE,,FALSE,,FALSE,,FALSE,,FALSE,,FALSE,,FALSE,FALSE,,Couldn't Map
89368,Grindstone Redux,2010,TRUE,FALSE,['B017OJM4G2'],FALSE,,FALSE,,FALSE,,FALSE,,FALSE,,FALSE,,FALSE,FALSE,,Couldn't Map
90416,Arc,2014,TRUE,FALSE,['B00GXPV9UG'],FALSE,,FALSE,,FALSE,,FALSE,,FALSE,,FALSE,['767623394'],FALSE,FALSE,,Couldn't Map
90841,Superman II: The Richard Donner Cut,2006,TRUE,FALSE,,FALSE,,FALSE,,FALSE,,FALSE,,FALSE,,FALSE,['417575516'],FALSE,FALSE,,Couldn't Map
91259,Olga's Journey,2005,TRUE,FALSE,['B017OIV5WW'],FALSE,,FALSE,,FALSE,,FALSE,,FALSE,,FALSE,,FALSE,FALSE,,Couldn't Map
92776,Lone,2014,TRUE,FALSE,['B00N1Q6KTU'],FALSE,,FALSE,,FALSE,,FALSE,,FALSE,,FALSE,['906153704'],FALSE,FALSE,,Couldn't Map
93233,Surprise Surprise,2014,TRUE,FALSE,"['B06XS49YJC', 'B06XS49YJC']",FALSE,,FALSE,,FALSE,,FALSE,,FALSE,,FALSE,,FALSE,FALSE,,Couldn't Map
94219,North Mississippi Allstars: Live from Bluebird Theatre Denver CO - 11.11.11,2011,TRUE,FALSE,"['B07CCZH2W9', 'B007QODOYM']",FALSE,,FALSE,,FALSE,,FALSE,,FALSE,,FALSE,,FALSE,FALSE,,Couldn't Map
94366,King Of The Roaring 20s,1961,TRUE,FALSE,,FALSE,,FALSE,,FALSE,,FALSE,,FALSE,,FALSE,['398122862'],FALSE,FALSE,,Couldn't Map
95020,Solos: The Jazz Sessions - Lee Konitz,2009,TRUE,FALSE,"['B0038ZUOIC', 'B001QITMFO']",FALSE,,FALSE,,FALSE,,FALSE,,FALSE,,FALSE,,FALSE,FALSE,,Couldn't Map
95133,Shooter,2009,TRUE,FALSE,['B018AQJFV0'],FALSE,,FALSE,,FALSE,,FALSE,,FALSE,,FALSE,,FALSE,FALSE,,Couldn't Map
95135,Plague,2009,TRUE,FALSE,['B017OP64H6'],FALSE,,FALSE,,FALSE,,FALSE,,FALSE,,FALSE,,FALSE,FALSE,,Couldn't Map
96152,RWBY: Volume 2,2014,TRUE,FALSE,"['B07BLSRX3C', 'B00PEJ19X4']",FALSE,,FALSE,,FALSE,,FALSE,,FALSE,,FALSE,['926628845'],FALSE,FALSE,,Couldn't Map
96243,First Date,2014,TRUE,FALSE,['B017OP7YW0'],FALSE,,FALSE,,FALSE,,FALSE,,FALSE,,FALSE,,FALSE,FALSE,,Couldn't Map
96447,The Science Of Changing Your Mind,2015,TRUE,FALSE,['B00R1HNJO4'],FALSE,,FALSE,,FALSE,,FALSE,,FALSE,,FALSE,,FALSE,FALSE,,Couldn't Map
96472,American Biker,2013,TRUE,FALSE,"['B00PLGE0AE', 'B00PLGAH24', 'B00PLG9L7Q']",FALSE,,FALSE,,FALSE,,FALSE,,FALSE,,FALSE,['923885970'],FALSE,FALSE,,Couldn't Map
97152,Manhunt,1972,TRUE,FALSE,"['B002KOGD4G', 'B0055QQPJ4', 'B002KOGD4G']",FALSE,,FALSE,,FALSE,,FALSE,,FALSE,,FALSE,,FALSE,FALSE,,Couldn't Map
97432,Serj Tankian - Live at Forum,2000,TRUE,FALSE,['B017OJM1XS'],FALSE,,FALSE,,FALSE,,FALSE,,FALSE,,FALSE,,FALSE,FALSE,,Couldn't Map
97443,Dashboard Confessional - Live at Madison Square Garden,2000,TRUE,FALSE,['B017OJLY54'],FALSE,,FALSE,,FALSE,,FALSE,,FALSE,,FALSE,,FALSE,FALSE,,Couldn't Map
97445,Jason Donovan - Live From the Point Dublin,2000,TRUE,FALSE,['B017OL1L4Q'],FALSE,,FALSE,,FALSE,,FALSE,,FALSE,,FALSE,,FALSE,FALSE,,Couldn't Map
97485,Supergrass - Live in London,2000,TRUE,FALSE,['B017OL3FB8'],FALSE,,FALSE,,FALSE,,FALSE,,FALSE,,FALSE,,FALSE,FALSE,,Couldn't Map
97487,The Veronicas - Revenge is Sweeter Tour,2000,TRUE,FALSE,['B003A3UWO8'],FALSE,,FALSE,,FALSE,,FALSE,,FALSE,,FALSE,,FALSE,FALSE,,Couldn't Map
97488,Kurt Masur and the Gewandhausorchester - Celebrate Germany's Peaceful Revolution,2000,TRUE,FALSE,['B017OIUEPG'],FALSE,,FALSE,,FALSE,,FALSE,,FALSE,,FALSE,,FALSE,FALSE,,Couldn't Map
97489,Oceansize - Live at Garage Saarbrucken in Germany,2000,TRUE,FALSE,['B017OJLUYE'],FALSE,,FALSE,,FALSE,,FALSE,,FALSE,,FALSE,,FALSE,FALSE,,Couldn't Map
97530,Ronald Isley - Live at Soundstage,2000,TRUE,FALSE,['B017OJLY90'],FALSE,,FALSE,,FALSE,,FALSE,,FALSE,,FALSE,,FALSE,FALSE,,Couldn't Map
97531,Macy Gray - Macy Gray Live at Soundstage,2000,TRUE,FALSE,['B017OEUHPW'],FALSE,,FALSE,,FALSE,,FALSE,,FALSE,,FALSE,,FALSE,FALSE,,Couldn't Map
97552,James Brown - Legends in Concert,2000,TRUE,FALSE,['B017VBM8QE'],FALSE,,FALSE,,FALSE,,FALSE,,FALSE,,FALSE,,FALSE,FALSE,,Couldn't Map
97553,Giuseppe Verdi - Un Ballo in Maschera Act I,2000,TRUE,FALSE,['B017OJLLVQ'],FALSE,,FALSE,,FALSE,,FALSE,,FALSE,,FALSE,,FALSE,FALSE,,Couldn't Map
97554,Gallows - Live at the Forum London,2000,TRUE,FALSE,['B017OL27OY'],FALSE,,FALSE,,FALSE,,FALSE,,FALSE,,FALSE,,FALSE,FALSE,,Couldn't Map
97706,Master of the World,2013,TRUE,FALSE,,FALSE,,FALSE,,FALSE,,FALSE,,FALSE,,FALSE,['772087295'],FALSE,FALSE,,Couldn't Map
97762,The Promoter,2013,TRUE,FALSE,['B00LKDXSNW'],FALSE,,FALSE,,FALSE,,FALSE,,FALSE,,FALSE,,FALSE,FALSE,,Couldn't Map
97793,Yo-Yo Ma: The Goat Rodeo Sessions Live,2013,TRUE,FALSE,"['B07BQNC8LW', 'B00HD6R976']",FALSE,,FALSE,,FALSE,,FALSE,,FALSE,,FALSE,,FALSE,FALSE,,Couldn't Map
97887,The Civil Wars - Live from One Eyed Jacks: New Orleans LA,2011,TRUE,FALSE,['B017OL14JI'],FALSE,,FALSE,,FALSE,,FALSE,,FALSE,,FALSE,,FALSE,FALSE,,Couldn't Map
97956,Starzinger 2,2011,TRUE,FALSE,['B00ENYW200'],FALSE,,FALSE,,FALSE,,FALSE,,FALSE,,FALSE,,FALSE,FALSE,,Couldn't Map
97974,Man Man - Live at Terminal 5,2011,TRUE,FALSE,['B017OJML1A'],FALSE,,FALSE,,FALSE,,FALSE,,FALSE,,FALSE,,FALSE,FALSE,,Couldn't Map
97975,The String Cheese Incident - Live at the Electric Forest Festival: Day 3 Part II,2011,TRUE,FALSE,['B017OIUJBU'],FALSE,,FALSE,,FALSE,,FALSE,,FALSE,,FALSE,,FALSE,FALSE,,Couldn't Map
97988,Kristin Diable - Live from the French Quarter: New Orleans LA,2011,TRUE,FALSE,['B017OJMHOQ'],FALSE,,FALSE,,FALSE,,FALSE,,FALSE,,FALSE,,FALSE,FALSE,,Couldn't Map
97995,PRAYFIT 33-Day Body Toning System,2012,TRUE,FALSE,['B00AHN55Z0'],FALSE,,FALSE,,FALSE,,FALSE,,FALSE,,FALSE,,FALSE,FALSE,,Couldn't Map
98019,John Michael Rouchelle - Live at the Martine Chaisson Gallery: New Orleans LA,2011,TRUE,FALSE,['B017OFDWGC'],FALSE,,FALSE,,FALSE,,FALSE,,FALSE,,FALSE,,FALSE,FALSE,,Couldn't Map
98061,Starzinger,2011,TRUE,FALSE,['B00ENYS6NM'],FALSE,,FALSE,,FALSE,,FALSE,,FALSE,,FALSE,,FALSE,FALSE,,Couldn't Map
98159,Saves the Day - Daybreak,2011,TRUE,FALSE,['B017OIUNOS'],FALSE,,FALSE,,FALSE,,FALSE,,FALSE,,FALSE,,FALSE,FALSE,,Couldn't Map
98180,The Magnolia Beacon - Live from Studio Liveset: New Orleans LA,2011,TRUE,FALSE,['B017OIVOKA'],FALSE,,FALSE,,FALSE,,FALSE,,FALSE,,FALSE,,FALSE,FALSE,,Couldn't Map
98192,Sound Tribe Sector 9 - Live at Red Rocks Amphitheatre (Day 2),2011,TRUE,FALSE,['B017OJN0UG'],FALSE,,FALSE,,FALSE,,FALSE,,FALSE,,FALSE,,FALSE,FALSE,,Couldn't Map
98195,Empress Hotel - Live from The French Quarter: New Orleans LA,2011,TRUE,FALSE,['B017OJL4SG'],FALSE,,FALSE,,FALSE,,FALSE,,FALSE,,FALSE,,FALSE,FALSE,,Couldn't Map
98220,Mastodon - Live at the Hammersmith Apollo,2008,TRUE,FALSE,['B017OJKP0O'],FALSE,,FALSE,,FALSE,,FALSE,,FALSE,,FALSE,,FALSE,FALSE,,Couldn't Map
98221,The Mission - Live in Cologne Germany,2008,TRUE,FALSE,['B017OIVFSG'],FALSE,,FALSE,,FALSE,,FALSE,,FALSE,,FALSE,,FALSE,FALSE,,Couldn't Map
98223,Various Artists - Save the 100 Club Benefit Concert,2008,TRUE,FALSE,['B017OL1VXC'],FALSE,,FALSE,,FALSE,,FALSE,,FALSE,,FALSE,,FALSE,FALSE,,Couldn't Map
98249,Torn,2011,TRUE,FALSE,['B018AF0664'],FALSE,,FALSE,,FALSE,,FALSE,,FALSE,,FALSE,,FALSE,FALSE,,Couldn't Map
98258,Sound Tribe Sector 9 - Live at Red Rocks Amphitheatre (Day 1),2011,TRUE,FALSE,['B017OJMAAC'],FALSE,,FALSE,,FALSE,,FALSE,,FALSE,,FALSE,,FALSE,FALSE,,Couldn't Map
98270,Dionne Warwick - Legends in Concert,2000,TRUE,FALSE,['B017VDCO3E'],FALSE,,FALSE,,FALSE,,FALSE,,FALSE,,FALSE,,FALSE,FALSE,,Couldn't Map
98300,Lindsey Buckingham - Live at Soundstage,2000,TRUE,FALSE,['B017OL39XW'],FALSE,,FALSE,,FALSE,,FALSE,,FALSE,,FALSE,,FALSE,FALSE,,Couldn't Map
98321,Chris Norman - Live at the Tempodrom Berlin,2000,TRUE,FALSE,['B017OIVH02'],FALSE,,FALSE,,FALSE,,FALSE,,FALSE,,FALSE,,FALSE,FALSE,,Couldn't Map
98329,Heart - Live at Soundstage (Part 2),2000,TRUE,FALSE,['B017OIUYWO'],FALSE,,FALSE,,FALSE,,FALSE,,FALSE,,FALSE,,FALSE,FALSE,,Couldn't Map
98330,Marilyn Manson - Guns God And Government World Tour,2002,TRUE,FALSE,"['B003OBJPNA', 'B003OBJPNA']",FALSE,,FALSE,,FALSE,,FALSE,,FALSE,,FALSE,,FALSE,FALSE,,Couldn't Map
98331,Everlast - Live in Centralstation Germany,2000,TRUE,FALSE,['B017VDDR80'],FALSE,,FALSE,,FALSE,,FALSE,,FALSE,,FALSE,,FALSE,FALSE,,Couldn't Map
98332,All American Rejects - Live at Soundstage,2000,TRUE,FALSE,['B017OJMF66'],FALSE,,FALSE,,FALSE,,FALSE,,FALSE,,FALSE,,FALSE,FALSE,,Couldn't Map
98360,Ringo Starr - Live at Soundstage,2003,TRUE,FALSE,['B017OJKRPM'],FALSE,,FALSE,,FALSE,,FALSE,,FALSE,,FALSE,,FALSE,FALSE,,Couldn't Map
98366,Andrew Duhon - Live from Studio Liveset: New Orleans LA,2011,TRUE,FALSE,['B017OFCI8K'],FALSE,,FALSE,,FALSE,,FALSE,,FALSE,,FALSE,,FALSE,FALSE,,Couldn't Map
98367,Andrew Hill - Jazz Solos,2000,TRUE,FALSE,['B017OEUVCG'],FALSE,,FALSE,,FALSE,,FALSE,,FALSE,,FALSE,,FALSE,FALSE,,Couldn't Map
98368,The Beatles - Big Beat Box,2000,TRUE,FALSE,['B017VDDYLA'],FALSE,,FALSE,,FALSE,,FALSE,,FALSE,,FALSE,,FALSE,FALSE,,Couldn't Map
98394,Little Richard - Legends in Concert,2000,TRUE,FALSE,['B017VBLAFY'],FALSE,,FALSE,,FALSE,,FALSE,,FALSE,,FALSE,,FALSE,FALSE,,Couldn't Map
98396,Destruction - Live at Wacken 2007,2000,TRUE,FALSE,['B017OIVBS0'],FALSE,,FALSE,,FALSE,,FALSE,,FALSE,,FALSE,,FALSE,FALSE,,Couldn't Map
98427,Metric - Live at Metropolis,2000,TRUE,FALSE,['B017OJN6IC'],FALSE,,FALSE,,FALSE,,FALSE,,FALSE,,FALSE,,FALSE,FALSE,,Couldn't Map
98448,John Fogerty - Live at Soundstage (Part 1),2000,TRUE,FALSE,['B017OL2316'],FALSE,,FALSE,,FALSE,,FALSE,,FALSE,,FALSE,,FALSE,FALSE,,Couldn't Map
98449,moe. - Live at the All Good Music Festival 2011,2000,TRUE,FALSE,['B017OIVL80'],FALSE,,FALSE,,FALSE,,FALSE,,FALSE,,FALSE,,FALSE,FALSE,,Couldn't Map
98464,Aunt Martha - Live from 5th Street Studios in Austin TX,2012,TRUE,FALSE,['B017OEUY4Q'],FALSE,,FALSE,,FALSE,,FALSE,,FALSE,,FALSE,,FALSE,FALSE,,Couldn't Map
98486,Giuseppe Verdi - Nabucco,2000,TRUE,FALSE,['B017OJKRTI'],FALSE,,FALSE,,FALSE,,FALSE,,FALSE,,FALSE,,FALSE,FALSE,,Couldn't Map
98488,Bridge School Benefit Concert,2000,TRUE,FALSE,['B017OJLZOY'],FALSE,,FALSE,,FALSE,,FALSE,,FALSE,,FALSE,,FALSE,FALSE,,Couldn't Map
98520,Trace Adkins - Live at Soundstage,2003,TRUE,FALSE,['B017OJNKK6'],FALSE,,FALSE,,FALSE,,FALSE,,FALSE,,FALSE,,FALSE,FALSE,,Couldn't Map
98657,All Hallows' Eve,2007,TRUE,FALSE,"['B0016PPLFM', 'B0016PPLFM']",FALSE,,FALSE,,FALSE,,FALSE,,FALSE,,FALSE,,FALSE,FALSE,,Couldn't Map
98670,Blind Pilot - Live at the 7th Ward: New Orleans LA,2000,TRUE,FALSE,['B017OIVKCC'],FALSE,,FALSE,,FALSE,,FALSE,,FALSE,,FALSE,,FALSE,FALSE,,Couldn't Map
98672,Tupac Shakur - Live at Club 662,2000,TRUE,FALSE,['B017OIVUT0'],FALSE,,FALSE,,FALSE,,FALSE,,FALSE,,FALSE,,FALSE,FALSE,,Couldn't Map
98679,The New York Dolls - Live at Soundstage,2000,TRUE,FALSE,['B017OL2LEA'],FALSE,,FALSE,,FALSE,,FALSE,,FALSE,,FALSE,,FALSE,FALSE,,Couldn't Map
98684,Uwe Scholz - Mozart: The Great Mass,2000,TRUE,FALSE,['B017OEUFBS'],FALSE,,FALSE,,FALSE,,FALSE,,FALSE,,FALSE,,FALSE,FALSE,,Couldn't Map
98695,moe. - Live at the Summer Camp Music Festival Day 3,2000,TRUE,FALSE,['B017OIVNU6'],FALSE,,FALSE,,FALSE,,FALSE,,FALSE,,FALSE,,FALSE,FALSE,,Couldn't Map
98696,Delphic - Live at The NME Awards Tour,2000,TRUE,FALSE,['B017VDFNOQ'],FALSE,,FALSE,,FALSE,,FALSE,,FALSE,,FALSE,,FALSE,FALSE,,Couldn't Map
99215,Culinary Travels-California Gold,2000,TRUE,FALSE,['B00500B8MY'],FALSE,,FALSE,,FALSE,,FALSE,,FALSE,,FALSE,,FALSE,FALSE,,Couldn't Map
100424,The Architect,2012,TRUE,FALSE,['B017OO09QY'],FALSE,,FALSE,,FALSE,,FALSE,,FALSE,,FALSE,,FALSE,FALSE,,Couldn't Map
100488,Jack and the Beanstalk,2012,TRUE,FALSE,['B018AQKYY2'],FALSE,,FALSE,,FALSE,,FALSE,,FALSE,,FALSE,,FALSE,FALSE,,Couldn't Map
100808,Big Dream Little Bears,2012,TRUE,FALSE,['B01M7UD3IW'],FALSE,,FALSE,,FALSE,,FALSE,,FALSE,,FALSE,,FALSE,FALSE,,Couldn't Map
102550,The Deep End,2013,TRUE,FALSE,['B018T9VTJO'],FALSE,,FALSE,,FALSE,,FALSE,,FALSE,,FALSE,,FALSE,FALSE,,Couldn't Map
102590,La Ronde,2011,TRUE,FALSE,['B018AQLHZW'],FALSE,,FALSE,,FALSE,,FALSE,,FALSE,,FALSE,,FALSE,FALSE,,Couldn't Map
102613,Salma,2011,TRUE,FALSE,['B018AQRBU2'],FALSE,,FALSE,,FALSE,,FALSE,,FALSE,,FALSE,,FALSE,FALSE,,Couldn't Map
105736,Trapped in Tia Juana (1932),2005,TRUE,FALSE,['B004S57LVE'],FALSE,,FALSE,,FALSE,,FALSE,,FALSE,,FALSE,,FALSE,FALSE,,Couldn't Map
108085,Craig Ferguson: Live at the Paley Center: A Special Two-Event Set,2013,TRUE,FALSE,['B00GX52GX0'],FALSE,,FALSE,,FALSE,,FALSE,,FALSE,,FALSE,,FALSE,FALSE,,Couldn't Map
109628,Anastasia,1997,TRUE,FALSE,"['B009N94HFI', 'B009N94K9Q']",FALSE,,FALSE,,FALSE,,FALSE,,FALSE,,FALSE,,FALSE,FALSE,,Couldn't Map
110206,Pietà,1998,TRUE,FALSE,['B01MA1UDX8'],FALSE,,FALSE,,FALSE,,FALSE,,FALSE,,FALSE,,FALSE,FALSE,,Couldn't Map
110281,This Unnameable Little Broom,1985,TRUE,FALSE,['B01MA55HV5'],FALSE,,FALSE,,FALSE,,FALSE,,FALSE,,FALSE,,FALSE,FALSE,,Couldn't Map
110308,The Black Balloon,2012,TRUE,FALSE,['B01LZQHK4R'],FALSE,,FALSE,,FALSE,,FALSE,,FALSE,,FALSE,,FALSE,FALSE,,Couldn't Map
110328,Night Hunter,2011,TRUE,FALSE,['B01M0DYA6G'],FALSE,,FALSE,,FALSE,,FALSE,,FALSE,,FALSE,,FALSE,FALSE,,Couldn't Map
110470,Masquerade,1981,TRUE,FALSE,['B01MA52N2H'],FALSE,,FALSE,,FALSE,,FALSE,,FALSE,,FALSE,,FALSE,FALSE,,Couldn't Map
110473,Madness,1980,TRUE,FALSE,['B01LARH1N0'],FALSE,,FALSE,,FALSE,,FALSE,,FALSE,,FALSE,,FALSE,FALSE,,Couldn't Map
110493,The Scenic Route,1978,TRUE,FALSE,['B01M2WME5N'],FALSE,,FALSE,,FALSE,,FALSE,,FALSE,,FALSE,,FALSE,FALSE,,Couldn't Map
110505,Local Color,1977,TRUE,FALSE,['B01M2YJKAZ'],FALSE,,FALSE,,FALSE,,FALSE,,FALSE,,FALSE,,FALSE,FALSE,,Couldn't Map
110551,Once Upon a Time,1974,TRUE,FALSE,['B01M23ZPZS'],FALSE,,FALSE,,FALSE,,FALSE,,FALSE,,FALSE,,FALSE,FALSE,,Couldn't Map
110582,All Stars,2006,TRUE,FALSE,['B01MA3ZEVD'],FALSE,,FALSE,,FALSE,,FALSE,,FALSE,,FALSE,,FALSE,FALSE,,Couldn't Map
110599,Scrapple,2004,TRUE,FALSE,"['B01F7VQI7A', 'B01F7VQI7A']",FALSE,,FALSE,,FALSE,,FALSE,,FALSE,,FALSE,,FALSE,FALSE,,Couldn't Map
110699,Ambrose's Fury,1915,TRUE,FALSE,['B01MEGB0C7'],FALSE,,FALSE,,FALSE,,FALSE,,FALSE,,FALSE,,FALSE,FALSE,,Couldn't Map
110701,Ambrose's Sour Grapes,1915,TRUE,FALSE,['B01MDLL4TS'],FALSE,,FALSE,,FALSE,,FALSE,,FALSE,,FALSE,,FALSE,FALSE,,Couldn't Map
110766,Christmas Cracker,1963,TRUE,FALSE,['B01M1D3QZ5'],FALSE,,FALSE,,FALSE,,FALSE,,FALSE,,FALSE,,FALSE,FALSE,,Couldn't Map
110848,Three Cheers for the Whale,1972,TRUE,FALSE,['B01MAV0ZQ9'],FALSE,,FALSE,,FALSE,,FALSE,,FALSE,,FALSE,,FALSE,FALSE,,Couldn't Map
110862,Priklyucheniya krasnykh galstukov,1971,TRUE,FALSE,['B01MEDEA7S'],FALSE,,FALSE,,FALSE,,FALSE,,FALSE,,FALSE,,FALSE,FALSE,,Couldn't Map
110928,The Night Before Christmas,1905,TRUE,FALSE,['B01M3PHMD9'],FALSE,,FALSE,,FALSE,,FALSE,,FALSE,,FALSE,,FALSE,FALSE,,Couldn't Map
110995,Jack and the Beanstalk,1902,TRUE,FALSE,['B01M5AVAKQ'],FALSE,,FALSE,,FALSE,,FALSE,,FALSE,,FALSE,,FALSE,FALSE,,Couldn't Map
111332,The Kiss,1901,TRUE,FALSE,['B01M2YJKHN'],FALSE,,FALSE,,FALSE,,FALSE,,FALSE,,FALSE,,FALSE,FALSE,,Couldn't Map
111358,The Morning Alarm,1901,TRUE,FALSE,['B01M2YJP2N'],FALSE,,FALSE,,FALSE,,FALSE,,FALSE,,FALSE,,FALSE,FALSE,,Couldn't Map
111374,The Barbershop,1901,TRUE,FALSE,['B01M4GJOZE'],FALSE,,FALSE,,FALSE,,FALSE,,FALSE,,FALSE,,FALSE,FALSE,,Couldn't Map
111401,The Center of the Web,1914,TRUE,FALSE,['B01M59TPH2'],FALSE,,FALSE,,FALSE,,FALSE,,FALSE,,FALSE,,FALSE,FALSE,,Couldn't Map
111450,His Trust Fulfilled,1911,TRUE,FALSE,['B01MA50J64'],FALSE,,FALSE,,FALSE,,FALSE,,FALSE,,FALSE,,FALSE,FALSE,,Couldn't Map
111458,A Christmas Carol,1910,TRUE,FALSE,['B01M7P3GLT'],FALSE,,FALSE,,FALSE,,FALSE,,FALSE,,FALSE,,FALSE,FALSE,,Couldn't Map
111490,New Black Diamond Express,1901,TRUE,FALSE,['B01M25WK7A'],FALSE,,FALSE,,FALSE,,FALSE,,FALSE,,FALSE,,FALSE,FALSE,,Couldn't Map
111525,Niagara Falls,1901,TRUE,FALSE,['B01M3OCBZS'],FALSE,,FALSE,,FALSE,,FALSE,,FALSE,,FALSE,,FALSE,FALSE,,Couldn't Map
111617,Breathe Deep,2012,TRUE,FALSE,['B01MEEG41G'],FALSE,,FALSE,,FALSE,,FALSE,,FALSE,,FALSE,,FALSE,FALSE,,Couldn't Map
111621,Broken News,2012,TRUE,FALSE,['B01MF61WTC'],FALSE,,FALSE,,FALSE,,FALSE,,FALSE,,FALSE,,FALSE,FALSE,,Couldn't Map
111639,August Song,2011,TRUE,FALSE,['B01MCRKNCX'],FALSE,,FALSE,,FALSE,,FALSE,,FALSE,,FALSE,,FALSE,FALSE,,Couldn't Map
111922,Loudmouth Collective,2003,TRUE,FALSE,['B01MEE9LWB'],FALSE,,FALSE,,FALSE,,FALSE,,FALSE,,FALSE,,FALSE,FALSE,,Couldn't Map
111978,Kings of the Road,2000,TRUE,FALSE,['B01M6TJLSS'],FALSE,,FALSE,,FALSE,,FALSE,,FALSE,,FALSE,,FALSE,FALSE,,Couldn't Map
112007,Welcome to Serendipity,1998,TRUE,FALSE,['B01MEEPUKX'],FALSE,,FALSE,,FALSE,,FALSE,,FALSE,,FALSE,,FALSE,FALSE,,Couldn't Map
112183,Dr. Hawaii,1976,TRUE,FALSE,['B01MAV0MM2'],FALSE,,FALSE,,FALSE,,FALSE,,FALSE,,FALSE,,FALSE,FALSE,,Couldn't Map
112196,Drawers,1975,TRUE,FALSE,['B01M62HOO3'],FALSE,,FALSE,,FALSE,,FALSE,,FALSE,,FALSE,,FALSE,FALSE,,Couldn't Map
112785,Casey at the Bat,1899,TRUE,FALSE,['B01M65D4YK'],FALSE,,FALSE,,FALSE,,FALSE,,FALSE,,FALSE,,FALSE,FALSE,,Couldn't Map
112979,Gaiam Portraits of Inspiring Lives with Byron Katie,2011,TRUE,FALSE,['B00HFGD6E4'],FALSE,,FALSE,,FALSE,,FALSE,,FALSE,,FALSE,,FALSE,FALSE,,Couldn't Map
113007,Gavin Degraw: Live at House of Blues New Orleans,2009,TRUE,FALSE,"['B017OEUMPW', 'B00KLEHYDG']",FALSE,,FALSE,,FALSE,,FALSE,,FALSE,,FALSE,,FALSE,FALSE,,Couldn't Map
113068,Enemy Within,2014,TRUE,FALSE,,FALSE,,FALSE,,FALSE,,FALSE,,FALSE,,FALSE,['879741531'],FALSE,FALSE,,Couldn't Map
113208,Let There Be,2013,TRUE,FALSE,['B017OJKF5Y'],FALSE,,FALSE,,FALSE,,FALSE,,FALSE,,FALSE,,FALSE,FALSE,,Couldn't Map
113361,Arbor,2012,TRUE,FALSE,['B01M5AMF6D'],FALSE,,FALSE,,FALSE,,FALSE,,FALSE,,FALSE,,FALSE,FALSE,,Couldn't Map
114275,Ghost in the Shell: Arise - Border 4: Ghost Stands Alone,2014,TRUE,FALSE,['B016WX1H28'],FALSE,,FALSE,,FALSE,,FALSE,,FALSE,,FALSE,,FALSE,FALSE,,Couldn't Map
114508,Split,1993,TRUE,FALSE,['B01MEERWC0'],FALSE,,FALSE,,FALSE,,FALSE,,FALSE,,FALSE,,FALSE,FALSE,,Couldn't Map
115709,The D Train,2011,TRUE,FALSE,['B01MF64LUX'],FALSE,,FALSE,,FALSE,,FALSE,,FALSE,,FALSE,,FALSE,FALSE,,Couldn't Map
116609,Being There,2011,TRUE,FALSE,['B00VE6F53Q'],FALSE,,FALSE,,FALSE,,FALSE,,FALSE,,FALSE,,FALSE,FALSE,,Couldn't Map
117288,First Comes Love,1991,TRUE,FALSE,['B01MEDEPVW'],FALSE,,FALSE,,FALSE,,FALSE,,FALSE,,FALSE,,FALSE,FALSE,,Couldn't Map
117368,Fidel,2002,TRUE,FALSE,['B01M2YJDBI'],FALSE,,FALSE,,FALSE,,FALSE,,FALSE,,FALSE,,FALSE,FALSE,,Couldn't Map
117800,Sons of Jeremiah Johnson,2014,TRUE,FALSE,['B00IMQP464'],FALSE,,FALSE,,FALSE,,FALSE,,FALSE,,FALSE,,FALSE,FALSE,,Couldn't Map
119822,Bill Hicks: Totally Bill Hicks,1994,TRUE,FALSE,"['B07L6SJDCB', 'B01EBL6N5O', 'B07L6SJDCB']",FALSE,,FALSE,,FALSE,,FALSE,,FALSE,,FALSE,['1225435890'],FALSE,FALSE,,Couldn't Map
119887,El Camino Solo,2015,TRUE,FALSE,['B017OP8H4E'],FALSE,,FALSE,,FALSE,,FALSE,,FALSE,,FALSE,,FALSE,FALSE,,Couldn't Map
120551,Alfie,2015,TRUE,FALSE,['B018AQM8V4'],FALSE,,FALSE,,FALSE,,FALSE,,FALSE,,FALSE,,FALSE,FALSE,,Couldn't Map
121071,The Beach Boys Good Vibrations Tour,1976,TRUE,FALSE,['B017OIV1QW'],FALSE,,FALSE,,FALSE,,FALSE,,FALSE,,FALSE,,FALSE,FALSE,,Couldn't Map
121494,Bloodlights: Live at Garage,2008,TRUE,FALSE,['B017OJML2E'],FALSE,,FALSE,,FALSE,,FALSE,,FALSE,,FALSE,,FALSE,FALSE,,Couldn't Map
121567,Daniel Barenboim & Radek Baborak - Europa Konzert 2006 from Prague,2000,TRUE,FALSE,['B017OJL2I8'],FALSE,,FALSE,,FALSE,,FALSE,,FALSE,,FALSE,,FALSE,FALSE,,Couldn't Map
121611,To Live,2010,TRUE,FALSE,['B01M11DZ3C'],FALSE,,FALSE,,FALSE,,FALSE,,FALSE,,FALSE,,FALSE,FALSE,,Couldn't Map
121672,Out of Reach,2016,TRUE,FALSE,['B01MAV13PX'],FALSE,,FALSE,,FALSE,,FALSE,,FALSE,,FALSE,,FALSE,FALSE,,Couldn't Map
121808,Hidden Away,2014,TRUE,FALSE,['B01D1ZX9R6'],FALSE,,FALSE,,FALSE,,FALSE,,FALSE,,FALSE,['1068031533'],FALSE,FALSE,,Couldn't Map
121889,Above Below,2008,TRUE,FALSE,['B01MEGAX0O'],FALSE,,FALSE,,FALSE,,FALSE,,FALSE,,FALSE,,FALSE,FALSE,,Couldn't Map
121900,Men Seeking Women,2007,TRUE,FALSE,['B01MFXN61K'],FALSE,,FALSE,,FALSE,,FALSE,,FALSE,,FALSE,,FALSE,FALSE,,Couldn't Map
121908,Orange,2009,TRUE,FALSE,['B01MDNMS10'],FALSE,,FALSE,,FALSE,,FALSE,,FALSE,,FALSE,,FALSE,FALSE,,Couldn't Map
121943,Daydreams,2004,TRUE,FALSE,['B01M6VBO13'],FALSE,,FALSE,,FALSE,,FALSE,,FALSE,,FALSE,,FALSE,FALSE,,Couldn't Map
121970,Rage,2001,TRUE,FALSE,['B01MA3LHXX'],FALSE,,FALSE,,FALSE,,FALSE,,FALSE,,FALSE,,FALSE,FALSE,,Couldn't Map
121998,Winter Light,1983,TRUE,FALSE,['B01MF5T5VI'],FALSE,,FALSE,,FALSE,,FALSE,,FALSE,,FALSE,,FALSE,FALSE,,Couldn't Map
122060,Alice in Wonderland,2010,TRUE,FALSE,['B01M62HVGX'],FALSE,,FALSE,,FALSE,,FALSE,,FALSE,,FALSE,,FALSE,FALSE,,Couldn't Map
122097,Big Sur,1966,TRUE,FALSE,['B01M3PCZYY'],FALSE,,FALSE,,FALSE,,FALSE,,FALSE,,FALSE,,FALSE,FALSE,,Couldn't Map
122116,Teeth,1973,TRUE,FALSE,['B01M9B63BJ'],FALSE,,FALSE,,FALSE,,FALSE,,FALSE,,FALSE,,FALSE,FALSE,,Couldn't Map
122735,Step-by-Step Strength Training,2010,TRUE,FALSE,['B003TV0PD4'],FALSE,,FALSE,,FALSE,,FALSE,,FALSE,,FALSE,,FALSE,FALSE,,Couldn't Map
123519,Snowden,2007,TRUE,FALSE,"['B002WPJET4', 'B002WPJET4', 'B002WPJET4']",FALSE,,FALSE,,FALSE,,FALSE,,FALSE,,FALSE,,FALSE,FALSE,,Couldn't Map
125748,Winning Softball Coaching Techniques - Winning Strategy,0,TRUE,FALSE,['B00EXR2YLE'],FALSE,,FALSE,,FALSE,,FALSE,,FALSE,,FALSE,,FALSE,FALSE,,Couldn't Map
126106,Progression,2014,TRUE,FALSE,,FALSE,,FALSE,,FALSE,,FALSE,,FALSE,,FALSE,['947438267'],FALSE,FALSE,,Couldn't Map
126213,Paul Rodgers & Friends: Live At Montreux 1994,2011,TRUE,FALSE,['B017OEU9KU'],FALSE,,FALSE,,FALSE,,FALSE,,FALSE,,FALSE,,FALSE,FALSE,,Couldn't Map
126291,Underoath: Survive Kaleidoscope,2008,TRUE,FALSE,['B017OL3FUE'],FALSE,,FALSE,,FALSE,,FALSE,,FALSE,,FALSE,,FALSE,FALSE,,Couldn't Map
126303,Playing For Change - Live,2010,TRUE,FALSE,"['B017OJM9US', 'B00QE5A7JE']",FALSE,,FALSE,,FALSE,,FALSE,,FALSE,,FALSE,,FALSE,FALSE,,Couldn't Map
126330,Black Kids: NME Breakthrough - Koko London,2010,TRUE,FALSE,['B01FYED3SW'],FALSE,,FALSE,,FALSE,,FALSE,,FALSE,,FALSE,,FALSE,FALSE,,Couldn't Map
126459,Seabiscuit: The Lost Documentary,2003,TRUE,FALSE,"['B07DLGB3T6', 'B07DLGB3T6']",FALSE,,FALSE,,FALSE,,FALSE,,FALSE,,FALSE,['922520631'],FALSE,FALSE,,Couldn't Map
126544,Road to Your Heart,2014,TRUE,FALSE,"['B010FH852W', 'B01C7ZIILI', 'B010FH852W']",FALSE,,FALSE,,FALSE,,FALSE,,FALSE,,FALSE,,FALSE,FALSE,,Couldn't Map
126576,Jimmy Doolittle: An American Hero,2011,TRUE,FALSE,['B000UUHSA0'],FALSE,,FALSE,,FALSE,,FALSE,,FALSE,,FALSE,,FALSE,FALSE,,Couldn't Map
126640,Charles Darwin: The Devil's Chaplain?,2008,TRUE,FALSE,"['B06ZY5B2FT', 'B07QWYB38X']",FALSE,,FALSE,,FALSE,,FALSE,,FALSE,,FALSE,,FALSE,FALSE,,Couldn't Map
127362,Hearst Castle: Hearst San Simeon State Historical Monument,2009,TRUE,FALSE,"['B00FL416XK', 'B00FL416XK']",FALSE,,FALSE,,FALSE,,FALSE,,FALSE,,FALSE,,FALSE,FALSE,,Couldn't Map
127491,Charles Manson: The Man Who Killed the 60's,0,TRUE,FALSE,"['B07KNSRMGD', 'B01EIJ6CJ6', 'B07KNSRMGD']",FALSE,,FALSE,,FALSE,,FALSE,,FALSE,,FALSE,,FALSE,FALSE,,Couldn't Map
127952,Displaced Person,1981,TRUE,FALSE,['B01MF5WCSG'],FALSE,,FALSE,,FALSE,,FALSE,,FALSE,,FALSE,,FALSE,FALSE,,Couldn't Map
128204,Shroud,2007,TRUE,FALSE,"['B000RY288G', 'B000RY288G']",FALSE,,FALSE,,FALSE,,FALSE,,FALSE,,FALSE,,FALSE,FALSE,,Couldn't Map
128260,Alaska,0,TRUE,FALSE,"['B002R1OM4A', 'B002R1OM4A']",FALSE,,FALSE,,FALSE,,FALSE,,FALSE,,FALSE,,FALSE,FALSE,,Couldn't Map
128575,9 Days,2015,TRUE,FALSE,['B01MF7048O'],FALSE,,FALSE,,FALSE,,FALSE,,FALSE,,FALSE,,FALSE,FALSE,,Couldn't Map
130579,Chang,1927,TRUE,FALSE,['B01M7P30FU'],FALSE,,FALSE,,FALSE,,FALSE,,FALSE,,FALSE,,FALSE,FALSE,,Couldn't Map
130580,Grass,1925,TRUE,FALSE,['B01M4KGEDR'],FALSE,,FALSE,,FALSE,,FALSE,,FALSE,,FALSE,,FALSE,FALSE,,Couldn't Map
130962,Premonition,1995,TRUE,FALSE,['B01MCRMQHR'],FALSE,,FALSE,,FALSE,,FALSE,,FALSE,,FALSE,,FALSE,FALSE,,Couldn't Map
131230,Circle,2014,TRUE,FALSE,['B0169Z01L2'],FALSE,,FALSE,,FALSE,,FALSE,,FALSE,,FALSE,['1033563851'],FALSE,FALSE,,Couldn't Map
131911,The Flying House,1921,TRUE,FALSE,['B01M0DY4XQ'],FALSE,,FALSE,,FALSE,,FALSE,,FALSE,,FALSE,,FALSE,FALSE,,Couldn't Map
132998,Circle of Friends,2005,TRUE,FALSE,['B01M7O3TD1'],FALSE,,FALSE,,FALSE,,FALSE,,FALSE,,FALSE,,FALSE,FALSE,,Couldn't Map
133366,Shake,0,TRUE,FALSE,['B079Y2M27R'],FALSE,,FALSE,,FALSE,,FALSE,,FALSE,,FALSE,,FALSE,FALSE,,Couldn't Map
134070,Eros,2008,TRUE,FALSE,['B01M3OENSM'],FALSE,,FALSE,,FALSE,,FALSE,,FALSE,,FALSE,,FALSE,FALSE,,Couldn't Map
134225,Hare Krishna,1966,TRUE,FALSE,['B01M2WGZFX'],FALSE,,FALSE,,FALSE,,FALSE,,FALSE,,FALSE,,FALSE,FALSE,,Couldn't Map
136373,Still Life,2007,TRUE,FALSE,['B01M24VNS8'],FALSE,,FALSE,,FALSE,,FALSE,,FALSE,,FALSE,,FALSE,FALSE,,Couldn't Map
136543,Songhua,2007,TRUE,FALSE,['B01MAXXZU6'],FALSE,,FALSE,,FALSE,,FALSE,,FALSE,,FALSE,,FALSE,FALSE,,Couldn't Map
137692,The Merry Widow,2016,TRUE,FALSE,,FALSE,,FALSE,,FALSE,,FALSE,,FALSE,,FALSE,['1088437162'],FALSE,FALSE,,Couldn't Map
138043,To Live and Die in Amsterdam,2014,TRUE,FALSE,,FALSE,,FALSE,,FALSE,,FALSE,,FALSE,,FALSE,['1349700090'],FALSE,FALSE,,Couldn't Map
138170,Still Dreaming,2015,TRUE,FALSE,"['B01EA1IDJY', 'B01EA1IDJY']",FALSE,,FALSE,,FALSE,,FALSE,,FALSE,,FALSE,,FALSE,FALSE,,Couldn't Map
138291,The Box,2017,TRUE,FALSE,['B01FYFOE4S'],FALSE,,FALSE,,FALSE,,FALSE,,FALSE,,FALSE,,FALSE,FALSE,,Couldn't Map
138402,Untitled,2010,TRUE,FALSE,['B01MA3ONW8'],FALSE,,FALSE,,FALSE,,FALSE,,FALSE,,FALSE,,FALSE,FALSE,,Couldn't Map
139484,Don't Look in the Basement 2,2015,TRUE,FALSE,"['B01IQEZR2M', 'B01IQEZR2M']",FALSE,,FALSE,,FALSE,,FALSE,,FALSE,,FALSE,['1156955098'],FALSE,FALSE,,Couldn't Map
139549,DIRT,2013,TRUE,FALSE,['B01GF3WD4Q'],FALSE,,FALSE,,FALSE,,FALSE,,FALSE,,FALSE,,FALSE,FALSE,,Couldn't Map
140480,Tiny Robots,2008,TRUE,FALSE,"['B01KP432PK', 'B01KP432PK']",FALSE,,FALSE,,FALSE,,FALSE,,FALSE,,FALSE,,FALSE,FALSE,,Couldn't Map
141126,Richard the Lionheart: Rebellion,2015,TRUE,FALSE,"['B075ZPWM45', 'B075ZPWM45']",FALSE,,FALSE,,FALSE,,FALSE,,FALSE,,FALSE,,FALSE,FALSE,,Couldn't Map
141803,Sirens,2015,TRUE,FALSE,"['B01IE0GIOO', 'B01IE0GIOO']",FALSE,,FALSE,,FALSE,,FALSE,,FALSE,,FALSE,,FALSE,FALSE,,Couldn't Map
141884,The Ride,2018,TRUE,FALSE,"['B077YCX35P', 'B01MPXOX03']",FALSE,,FALSE,,FALSE,,FALSE,,FALSE,,FALSE,['1146382486'],FALSE,FALSE,,Couldn't Map
142733,The Glen Campbell Goodtime Hour: Country Special (January 11 1972),1972,TRUE,FALSE,['B01M13EQJB'],FALSE,,FALSE,,FALSE,,FALSE,,FALSE,,FALSE,,FALSE,FALSE,,Couldn't Map
142867,False Witness,2015,TRUE,FALSE,['B01HBYJHEW'],FALSE,,FALSE,,FALSE,,FALSE,,FALSE,,FALSE,,FALSE,FALSE,,Couldn't Map
143254,Ham & The Piper,2013,TRUE,FALSE,"['B075X4HRL7', 'B075X4HRL7']",FALSE,,FALSE,,FALSE,,FALSE,,FALSE,,FALSE,,FALSE,FALSE,,Couldn't Map
143484,The Oldest People in the World,0,TRUE,FALSE,"['B01LXWTHNX', 'B01LX9BDJK']",FALSE,,FALSE,,FALSE,,FALSE,,FALSE,,FALSE,,FALSE,FALSE,,Couldn't Map
144283,Inside A Trader's Brain,2015,TRUE,FALSE,['B017ORVPB4'],FALSE,,FALSE,,FALSE,,FALSE,,FALSE,,FALSE,,FALSE,FALSE,,Couldn't Map
144288,The Great Australian Fly,2014,TRUE,FALSE,['B017ORVD5C'],FALSE,,FALSE,,FALSE,,FALSE,,FALSE,,FALSE,,FALSE,FALSE,,Couldn't Map
144325,Morning Yoga: 20-minute Energizing Flow,2015,TRUE,FALSE,['B01GT35D1C'],FALSE,,FALSE,,FALSE,,FALSE,,FALSE,,FALSE,,FALSE,FALSE,,Couldn't Map
144540,DENISE AUSTIN: YOGA BOOTY LIFT,2014,TRUE,FALSE,['B00PZEMYGO'],FALSE,,FALSE,,FALSE,,FALSE,,FALSE,,FALSE,,FALSE,FALSE,,Couldn't Map
144600,|Fat Burning and Abs Workout Level 1 || BeFit in 30 Extreme|,2013,TRUE,FALSE,['B01EBHU6DS'],FALSE,,FALSE,,FALSE,,FALSE,,FALSE,,FALSE,,FALSE,FALSE,,Couldn't Map
144614,|Leg Thigh and Butt Workout Level 1|| BeFit in 30 Extreme|,2013,TRUE,FALSE,['B01EBHTGFC'],FALSE,,FALSE,,FALSE,,FALSE,,FALSE,,FALSE,,FALSE,FALSE,,Couldn't Map
144778,Various Artists - Rockwell 2009,2019,TRUE,FALSE,['B017OJLP9E'],FALSE,,FALSE,,FALSE,,FALSE,,FALSE,,FALSE,,FALSE,FALSE,,Couldn't Map
144779,Dave Davies - Mystical Journey,2019,TRUE,FALSE,['B017OJMPTI'],FALSE,,FALSE,,FALSE,,FALSE,,FALSE,,FALSE,,FALSE,FALSE,,Couldn't Map
144782,Bat For Lashes - Live at The Shepherds Bush Empire,2019,TRUE,FALSE,['B017OEU3UG'],FALSE,,FALSE,,FALSE,,FALSE,,FALSE,,FALSE,,FALSE,FALSE,,Couldn't Map
144785,Various Artists - Benicassim 2009,2019,TRUE,FALSE,['B017OIVANQ'],FALSE,,FALSE,,FALSE,,FALSE,,FALSE,,FALSE,,FALSE,FALSE,,Couldn't Map
144787,Pentagram Chile - Live at Wacken '09,2019,TRUE,FALSE,['B017OIUUNC'],FALSE,,FALSE,,FALSE,,FALSE,,FALSE,,FALSE,,FALSE,FALSE,,Couldn't Map
144788,Charlie Daniels Band - A Twin Pines Christmas,2019,TRUE,FALSE,['B017VBMI9G'],FALSE,,FALSE,,FALSE,,FALSE,,FALSE,,FALSE,,FALSE,FALSE,,Couldn't Map
144790,Vasco Rossi - Il Mondo Che Vorrei -Intrevista,2019,TRUE,FALSE,['B017OFE2BG'],FALSE,,FALSE,,FALSE,,FALSE,,FALSE,,FALSE,,FALSE,FALSE,,Couldn't Map
144792,Various Artists - Europa Koncert 2009,2019,TRUE,FALSE,['B017OL5F6Q'],FALSE,,FALSE,,FALSE,,FALSE,,FALSE,,FALSE,,FALSE,FALSE,,Couldn't Map
144810,M Pokora - Live at Trabendo Session,2018,TRUE,FALSE,['B017VDEZYA'],FALSE,,FALSE,,FALSE,,FALSE,,FALSE,,FALSE,,FALSE,FALSE,,Couldn't Map
144811,Yelle - Trabendo Session,2018,TRUE,FALSE,['B017OL4T3Q'],FALSE,,FALSE,,FALSE,,FALSE,,FALSE,,FALSE,,FALSE,FALSE,,Couldn't Map
144819,Lee Ann Womack - Live at Soundstage,2017,TRUE,FALSE,['B017OJN5VK'],FALSE,,FALSE,,FALSE,,FALSE,,FALSE,,FALSE,,FALSE,FALSE,,Couldn't Map
144821,John Fogerty - Live at Soundstage (Part 2),2017,TRUE,FALSE,['B017OEU9AK'],FALSE,,FALSE,,FALSE,,FALSE,,FALSE,,FALSE,,FALSE,FALSE,,Couldn't Map
144822,Naturally 7 - Live in Montreux 2007,2017,TRUE,FALSE,['B017OL38IS'],FALSE,,FALSE,,FALSE,,FALSE,,FALSE,,FALSE,,FALSE,FALSE,,Couldn't Map
144823,Municipal Waste - Live at Wacken 2007,2017,TRUE,FALSE,['B017OL1GX2'],FALSE,,FALSE,,FALSE,,FALSE,,FALSE,,FALSE,,FALSE,FALSE,,Couldn't Map
144827,Enslaved - Live at Wacken,2017,TRUE,FALSE,['B017OJKYXM'],FALSE,,FALSE,,FALSE,,FALSE,,FALSE,,FALSE,,FALSE,FALSE,,Couldn't Map
144829,Supergrass - Glange Fever,2017,TRUE,FALSE,['B017OJMFH0'],FALSE,,FALSE,,FALSE,,FALSE,,FALSE,,FALSE,,FALSE,FALSE,,Couldn't Map
144831,Renaud - Tournée Rouge Sang 2007,2017,TRUE,FALSE,['B017OL21OA'],FALSE,,FALSE,,FALSE,,FALSE,,FALSE,,FALSE,,FALSE,FALSE,,Couldn't Map
144832,Cristina Donà  - Live at MTV.it,2017,TRUE,FALSE,['B017OIVHZW'],FALSE,,FALSE,,FALSE,,FALSE,,FALSE,,FALSE,,FALSE,FALSE,,Couldn't Map
144834,Steve Lukather and Edgar Winter - Live At North Sea Jazz Festival,2016,TRUE,FALSE,['B01E7V1EN4'],FALSE,,FALSE,,FALSE,,FALSE,,FALSE,,FALSE,,FALSE,FALSE,,Couldn't Map
144836,Solomon Burke - Live at Montreux 2006,2016,TRUE,FALSE,['B017OL26XG'],FALSE,,FALSE,,FALSE,,FALSE,,FALSE,,FALSE,,FALSE,FALSE,,Couldn't Map
144839,Daniel Barenboim - Beethoven: Piano Concerto No.5,2017,TRUE,FALSE,['B017OL1KNS'],FALSE,,FALSE,,FALSE,,FALSE,,FALSE,,FALSE,,FALSE,FALSE,,Couldn't Map
144844,Charlie Daniels Band - Live From Iraq,2016,TRUE,FALSE,['B017OEUX5Q'],FALSE,,FALSE,,FALSE,,FALSE,,FALSE,,FALSE,,FALSE,FALSE,,Couldn't Map
144845,Niels Lan Doky - The Close Encounter,2016,TRUE,FALSE,['B017VBL9DM'],FALSE,,FALSE,,FALSE,,FALSE,,FALSE,,FALSE,,FALSE,FALSE,,Couldn't Map
144846,M - De L'aube À L'aurore,2016,TRUE,FALSE,['B017OIVLE4'],FALSE,,FALSE,,FALSE,,FALSE,,FALSE,,FALSE,,FALSE,FALSE,,Couldn't Map
144848,Daniel Barenboim - A Tango Night - Live from Buenos Aires,2016,TRUE,FALSE,['B017OJMAR0'],FALSE,,FALSE,,FALSE,,FALSE,,FALSE,,FALSE,,FALSE,FALSE,,Couldn't Map
144849,Camela - La Grabación De 10 De Corazón (10 Años Con Camela),2016,TRUE,FALSE,['B017OL4C7O'],FALSE,,FALSE,,FALSE,,FALSE,,FALSE,,FALSE,,FALSE,FALSE,,Couldn't Map
144858,Rush - Rush On Demand,2015,TRUE,FALSE,['B017OJLAHG'],FALSE,,FALSE,,FALSE,,FALSE,,FALSE,,FALSE,,FALSE,FALSE,,Couldn't Map
144860,Charlie Daniels Band - LIVE,2015,TRUE,FALSE,['B017OL3CTI'],FALSE,,FALSE,,FALSE,,FALSE,,FALSE,,FALSE,,FALSE,FALSE,,Couldn't Map
144866,Various Artists - Live in Tokyo,2015,TRUE,FALSE,['B017OJLS8M'],FALSE,,FALSE,,FALSE,,FALSE,,FALSE,,FALSE,,FALSE,FALSE,,Couldn't Map
144869,The Fame Riot - Band in Seattle Concert 215,2015,TRUE,FALSE,['B017OFDG5E'],FALSE,,FALSE,,FALSE,,FALSE,,FALSE,,FALSE,,FALSE,FALSE,,Couldn't Map
144870,Prom Queen - Band In Seattle - 201 Concert,2015,TRUE,FALSE,['B017OJLE2C'],FALSE,,FALSE,,FALSE,,FALSE,,FALSE,,FALSE,,FALSE,FALSE,,Couldn't Map
144872,Grynch - Band in Seattle - 203A Concert,2015,TRUE,FALSE,['B017OJKP1S'],FALSE,,FALSE,,FALSE,,FALSE,,FALSE,,FALSE,,FALSE,FALSE,,Couldn't Map
144874,Raphael - Résistance À La Nuit: Live,2006,TRUE,FALSE,['B017OJM4P8'],FALSE,,FALSE,,FALSE,,FALSE,,FALSE,,FALSE,,FALSE,FALSE,,Couldn't Map
144875,Fly Moon Royalty: Band In Seattle Concert 213 B,2015,TRUE,FALSE,['B017OIUMVW'],FALSE,,FALSE,,FALSE,,FALSE,,FALSE,,FALSE,,FALSE,FALSE,,Couldn't Map
144879,Polecat - Band in Seattle: Live Debut - Concert 202,2015,TRUE,FALSE,['B017OL2ICU'],FALSE,,FALSE,,FALSE,,FALSE,,FALSE,,FALSE,,FALSE,FALSE,,Couldn't Map
144880,Grace Love And The True Loves - Band in Seattle Concert 214,2015,TRUE,FALSE,['B017OJME8U'],FALSE,,FALSE,,FALSE,,FALSE,,FALSE,,FALSE,,FALSE,FALSE,,Couldn't Map
144882,The Young Evils - Band In Seattle: Live Debut - Concert 204,2015,TRUE,FALSE,['B017OL4JT0'],FALSE,,FALSE,,FALSE,,FALSE,,FALSE,,FALSE,,FALSE,FALSE,,Couldn't Map
144883,Romaro - Band in Seattle - Concert 203B,2015,TRUE,FALSE,['B017OL28VQ'],FALSE,,FALSE,,FALSE,,FALSE,,FALSE,,FALSE,,FALSE,FALSE,,Couldn't Map
144884,Elkie Brooks And Friends - Pearls - Live,2015,TRUE,FALSE,['B017OL1PR4'],FALSE,,FALSE,,FALSE,,FALSE,,FALSE,,FALSE,,FALSE,FALSE,,Couldn't Map
144885,Gilbert Bécaud  - Suite 05,2015,TRUE,FALSE,['B017OJML60'],FALSE,,FALSE,,FALSE,,FALSE,,FALSE,,FALSE,,FALSE,FALSE,,Couldn't Map
144886,Vaudeville Etiquette - Band in Seattle: Concert 205,2015,TRUE,FALSE,['B017OJM71Y'],FALSE,,FALSE,,FALSE,,FALSE,,FALSE,,FALSE,,FALSE,FALSE,,Couldn't Map
144887,Ourvinyl Tv - A Collection of Live Performances,2015,TRUE,FALSE,['B017OJM65G'],FALSE,,FALSE,,FALSE,,FALSE,,FALSE,,FALSE,,FALSE,FALSE,,Couldn't Map
144889,Celtic Woman - Emerald Music Gems,2014,TRUE,FALSE,['B017OJKMNE'],FALSE,,FALSE,,FALSE,,FALSE,,FALSE,,FALSE,,FALSE,FALSE,,Couldn't Map
144896,Joey + Rory - Country Classics: A Tapestry Of Our Musical Heritage,2014,TRUE,FALSE,['B017OFD1J0'],FALSE,,FALSE,,FALSE,,FALSE,,FALSE,,FALSE,,FALSE,FALSE,,Couldn't Map
144899,The Roots - Live in Austria,2014,TRUE,FALSE,['B017OL1LFA'],FALSE,,FALSE,,FALSE,,FALSE,,FALSE,,FALSE,,FALSE,FALSE,,Couldn't Map
144900,Darkside - Psychic: Live,2014,TRUE,FALSE,['B017OJNXP8'],FALSE,,FALSE,,FALSE,,FALSE,,FALSE,,FALSE,,FALSE,FALSE,,Couldn't Map
144905,Marianne Faithfull - Live In Hollywood,2014,TRUE,FALSE,['B017OJKQGM'],FALSE,,FALSE,,FALSE,,FALSE,,FALSE,,FALSE,,FALSE,FALSE,,Couldn't Map
144906,Trace Adkins - The Christmas Show,2014,TRUE,FALSE,['B017OL1RUE'],FALSE,,FALSE,,FALSE,,FALSE,,FALSE,,FALSE,,FALSE,FALSE,,Couldn't Map
144907,Stan Webb's Chicken Shack - I'd Rather Go Live,2014,TRUE,FALSE,['B017OL218G'],FALSE,,FALSE,,FALSE,,FALSE,,FALSE,,FALSE,,FALSE,FALSE,,Couldn't Map
144908,Jake Bugg - Live At The Royal Albert Hall,2014,TRUE,FALSE,['B017OJKP22'],FALSE,,FALSE,,FALSE,,FALSE,,FALSE,,FALSE,,FALSE,FALSE,,Couldn't Map
144910,Ian Mellencamp - Qello Sessions,2014,TRUE,FALSE,['B017OL2CFI'],FALSE,,FALSE,,FALSE,,FALSE,,FALSE,,FALSE,,FALSE,FALSE,,Couldn't Map
144911,Various Artists - Artist Setlist: O.A.R.,2014,TRUE,FALSE,['B017OIUXIO'],FALSE,,FALSE,,FALSE,,FALSE,,FALSE,,FALSE,,FALSE,FALSE,,Couldn't Map
144915,Maya Plisetskaya: Diva of Dance,2014,TRUE,FALSE,['B00IXE4VTQ'],FALSE,,FALSE,,FALSE,,FALSE,,FALSE,,FALSE,,FALSE,FALSE,,Couldn't Map
144919,Blake Noble: Band In Seattle Concert 212,2015,TRUE,FALSE,['B017OL2MB2'],FALSE,,FALSE,,FALSE,,FALSE,,FALSE,,FALSE,,FALSE,FALSE,,Couldn't Map
144920,Sweet Kiss Momma - Band in Seattle Concert 211A,2015,TRUE,FALSE,['B017OJO4Q0'],FALSE,,FALSE,,FALSE,,FALSE,,FALSE,,FALSE,,FALSE,FALSE,,Couldn't Map
144922,Wishbeard - Band in Seattle Concert 210,2015,TRUE,FALSE,['B017OJLXXW'],FALSE,,FALSE,,FALSE,,FALSE,,FALSE,,FALSE,,FALSE,FALSE,,Couldn't Map
144923,Tangerine - Band In Seattle Concert 210,2015,TRUE,FALSE,['B017OIVLEO'],FALSE,,FALSE,,FALSE,,FALSE,,FALSE,,FALSE,,FALSE,FALSE,,Couldn't Map
144924,Clearly Beloved - Band in Seattle Concert 211B,2015,TRUE,FALSE,['B017OIVIOW'],FALSE,,FALSE,,FALSE,,FALSE,,FALSE,,FALSE,,FALSE,FALSE,,Couldn't Map
144925,Thunderpussy - Band in Seattle Concert 208,2015,TRUE,FALSE,['B017OIVFZO'],FALSE,,FALSE,,FALSE,,FALSE,,FALSE,,FALSE,,FALSE,FALSE,,Couldn't Map
144926,Whitney Monge - Band in Seattle - Concert 206,2015,TRUE,FALSE,['B017OFEG1C'],FALSE,,FALSE,,FALSE,,FALSE,,FALSE,,FALSE,,FALSE,FALSE,,Couldn't Map
144927,TBASA: Band In Seattle Concert 213 A,2015,TRUE,FALSE,['B017OETYII'],FALSE,,FALSE,,FALSE,,FALSE,,FALSE,,FALSE,,FALSE,FALSE,,Couldn't Map
144933,Mickey3d - Live �� Saint-��tienne,2014,TRUE,FALSE,['B017OL2KI2'],FALSE,,FALSE,,FALSE,,FALSE,,FALSE,,FALSE,,FALSE,FALSE,,Couldn't Map
144935,Blackheart Honeymoon - Band in Seattle: Live debut - Concert 115 A,2014,TRUE,FALSE,['B017OIVMHA'],FALSE,,FALSE,,FALSE,,FALSE,,FALSE,,FALSE,,FALSE,FALSE,,Couldn't Map
144938,Smashing Pumpkins - Guitar Center Sessions,2013,TRUE,FALSE,['B017OIV58Q'],FALSE,,FALSE,,FALSE,,FALSE,,FALSE,,FALSE,,FALSE,FALSE,,Couldn't Map
144943,Various Artists - Farm Aid 2003: Part 2,2013,TRUE,FALSE,['B017OFD8KM'],FALSE,,FALSE,,FALSE,,FALSE,,FALSE,,FALSE,,FALSE,FALSE,,Couldn't Map
144947,Fitz And The Tantrums - Guitar Center Sessions,2013,TRUE,FALSE,['B017OL15AG'],FALSE,,FALSE,,FALSE,,FALSE,,FALSE,,FALSE,,FALSE,FALSE,,Couldn't Map
144949,Dolly Rottens - Band in Seattle: Live debut - Concert 103 A,2013,TRUE,FALSE,['B017OETUQO'],FALSE,,FALSE,,FALSE,,FALSE,,FALSE,,FALSE,,FALSE,FALSE,,Couldn't Map
144951,Charles Bradley - Live at the Main Square Festival,2013,TRUE,FALSE,['B017OL0T4O'],FALSE,,FALSE,,FALSE,,FALSE,,FALSE,,FALSE,,FALSE,FALSE,,Couldn't Map
144954,The Used - Live at the Henry Fonda Music Theater,2013,TRUE,FALSE,['B017OJKRK2'],FALSE,,FALSE,,FALSE,,FALSE,,FALSE,,FALSE,,FALSE,FALSE,,Couldn't Map
144955,Talib Kweli - Guitar Center Sessions,2013,TRUE,FALSE,['B017OFD6H2'],FALSE,,FALSE,,FALSE,,FALSE,,FALSE,,FALSE,,FALSE,FALSE,,Couldn't Map
144957,Spoonshine - Band in Seattle: Live debut - Concert 112 B,2013,TRUE,FALSE,['B017OL2EEC'],FALSE,,FALSE,,FALSE,,FALSE,,FALSE,,FALSE,,FALSE,FALSE,,Couldn't Map
144959,Margarita La Diosa De La Cumbia - Desde mis Raíces - Zona Preferente,2013,TRUE,FALSE,['B017OIVDCO'],FALSE,,FALSE,,FALSE,,FALSE,,FALSE,,FALSE,,FALSE,FALSE,,Couldn't Map
144960,Ayron Jones And The Way - Band in Seattle: Live debut - Concert 109 S,2013,TRUE,FALSE,['B017OFD0S2'],FALSE,,FALSE,,FALSE,,FALSE,,FALSE,,FALSE,,FALSE,FALSE,,Couldn't Map
144961,Nicholas Russel Band - Band in Seattle: Live debut - Concert 110 B,2013,TRUE,FALSE,['B017OJLJV8'],FALSE,,FALSE,,FALSE,,FALSE,,FALSE,,FALSE,,FALSE,FALSE,,Couldn't Map
144963,Summer Babes - Band in Seattle: Live debut - Concert 103 B,2013,TRUE,FALSE,['B017OIVLSA'],FALSE,,FALSE,,FALSE,,FALSE,,FALSE,,FALSE,,FALSE,FALSE,,Couldn't Map
144964,Dead Man - Band in Seattle: Live debut - Concert 102 A,2013,TRUE,FALSE,['B017OJM1GA'],FALSE,,FALSE,,FALSE,,FALSE,,FALSE,,FALSE,,FALSE,FALSE,,Couldn't Map
144965,Sleeping Beauty - Sleeping Beauty Act II,2013,TRUE,FALSE,['B017OJM87M'],FALSE,,FALSE,,FALSE,,FALSE,,FALSE,,FALSE,,FALSE,FALSE,,Couldn't Map
144966,Acid Angels - 101 A  Concert - Band in Seattle,2013,TRUE,FALSE,['B017OJM6J2'],FALSE,,FALSE,,FALSE,,FALSE,,FALSE,,FALSE,,FALSE,FALSE,,Couldn't Map
144967,Big Sur - Band in Seattle: Live debut - Concert 101 B,2013,TRUE,FALSE,['B017OFDROO'],FALSE,,FALSE,,FALSE,,FALSE,,FALSE,,FALSE,,FALSE,FALSE,,Couldn't Map
144968,Gunn - Band in Seattle: Live debut - Concert 106 A,2013,TRUE,FALSE,['B017OEUJAU'],FALSE,,FALSE,,FALSE,,FALSE,,FALSE,,FALSE,,FALSE,FALSE,,Couldn't Map
144970,Furniture Girls - Band in Seattle: Live debut - Concert 106 B,2013,TRUE,FALSE,['B017OIUJ74'],FALSE,,FALSE,,FALSE,,FALSE,,FALSE,,FALSE,,FALSE,FALSE,,Couldn't Map
144971,Kingdom Crumbs - Band in Seattle: Live debut - Concert 111 S,2013,TRUE,FALSE,['B017OEUCSO'],FALSE,,FALSE,,FALSE,,FALSE,,FALSE,,FALSE,,FALSE,FALSE,,Couldn't Map
144973,PonyTime - Band in Seattle Concert 209,2014,TRUE,FALSE,['B017OL51YM'],FALSE,,FALSE,,FALSE,,FALSE,,FALSE,,FALSE,,FALSE,FALSE,,Couldn't Map
144975,Mike Dumovich - Band In Seattle Concert 206,2014,TRUE,FALSE,['B017OJM7SC'],FALSE,,FALSE,,FALSE,,FALSE,,FALSE,,FALSE,,FALSE,FALSE,,Couldn't Map
144981,McTuff: Band in Seattle,2013,TRUE,FALSE,['B017OFD5ZK'],FALSE,,FALSE,,FALSE,,FALSE,,FALSE,,FALSE,,FALSE,FALSE,,Couldn't Map
144982,Le Sang Song - Band in Seattle: Live debut - Concert 115 B,2013,TRUE,FALSE,['B017OL4QOS'],FALSE,,FALSE,,FALSE,,FALSE,,FALSE,,FALSE,,FALSE,FALSE,,Couldn't Map
144984,The Bend - Band in Seattle: Live debut - Concert 105 B,2013,TRUE,FALSE,['B017OL2B0E'],FALSE,,FALSE,,FALSE,,FALSE,,FALSE,,FALSE,,FALSE,FALSE,,Couldn't Map
144985,Adam Jensen - Live at Kiss FM Boston,2013,TRUE,FALSE,['B017OJMJVC'],FALSE,,FALSE,,FALSE,,FALSE,,FALSE,,FALSE,,FALSE,FALSE,,Couldn't Map
144986,Crooked Veils - Band in Seattle: Live debut - Concert 105 A,2013,TRUE,FALSE,['B017OJMJ4Y'],FALSE,,FALSE,,FALSE,,FALSE,,FALSE,,FALSE,,FALSE,FALSE,,Couldn't Map
144987,Big World Breaks - Band in Seattle: Live debut - Concert 110 A,2013,TRUE,FALSE,['B017OJMDBS'],FALSE,,FALSE,,FALSE,,FALSE,,FALSE,,FALSE,,FALSE,FALSE,,Couldn't Map
144990,Mts & Tunnels - Band in Seattle: Live debut - Concert 108 B,2013,TRUE,FALSE,['B017OIVLFI'],FALSE,,FALSE,,FALSE,,FALSE,,FALSE,,FALSE,,FALSE,FALSE,,Couldn't Map
144991,The Chasers - Band in Seattle: Live debut - Concert 113 A,2013,TRUE,FALSE,['B017OIVJ00'],FALSE,,FALSE,,FALSE,,FALSE,,FALSE,,FALSE,,FALSE,FALSE,,Couldn't Map
144992,Letters From Traffic - Band in Seattle: Live debut - Concert 102 B,2013,TRUE,FALSE,['B017OEUTFK'],FALSE,,FALSE,,FALSE,,FALSE,,FALSE,,FALSE,,FALSE,FALSE,,Couldn't Map
145005,Edward Sharpe and The Magnetic Zeros - Live At World Cafe,2012,TRUE,FALSE,['B017OJKPMM'],FALSE,,FALSE,,FALSE,,FALSE,,FALSE,,FALSE,,FALSE,FALSE,,Couldn't Map
145010,Colbie Callait - Guitar Center Sessions,2012,TRUE,FALSE,['B017OIVO28'],FALSE,,FALSE,,FALSE,,FALSE,,FALSE,,FALSE,,FALSE,FALSE,,Couldn't Map
145017,Bellamy Brothers - Legends on Stage,2012,TRUE,FALSE,['B017VDENDS'],FALSE,,FALSE,,FALSE,,FALSE,,FALSE,,FALSE,,FALSE,FALSE,,Couldn't Map
145018,Perry Como - Legends in Concert,2012,TRUE,FALSE,['B017VBMPLW'],FALSE,,FALSE,,FALSE,,FALSE,,FALSE,,FALSE,,FALSE,FALSE,,Couldn't Map
145022,Midge Ure -Rewind: The Greatest,2013,TRUE,FALSE,['B017OIVHNE'],FALSE,,FALSE,,FALSE,,FALSE,,FALSE,,FALSE,,FALSE,FALSE,,Couldn't Map
145024,Something in The Trees: Band In Seattle Concert 107 B,2013,TRUE,FALSE,['B017OJMKAC'],FALSE,,FALSE,,FALSE,,FALSE,,FALSE,,FALSE,,FALSE,FALSE,,Couldn't Map
145026,Cody Beebe & The Crooks : Band In Seattle - Concert 112 A,2013,TRUE,FALSE,['B017OFEO28'],FALSE,,FALSE,,FALSE,,FALSE,,FALSE,,FALSE,,FALSE,FALSE,,Couldn't Map
145033,Julienne Taylor - Julienne Taylor Live At The Lyric,2013,TRUE,FALSE,['B017OFD1YU'],FALSE,,FALSE,,FALSE,,FALSE,,FALSE,,FALSE,,FALSE,FALSE,,Couldn't Map
145034,Imany - AVO Session,2012,TRUE,FALSE,['B017OEU9UU'],FALSE,,FALSE,,FALSE,,FALSE,,FALSE,,FALSE,,FALSE,FALSE,,Couldn't Map
145035,Berliner Philharmoniker Andris Nelsons - Waldbühne 2012,2012,TRUE,FALSE,['B017OIUFIC'],FALSE,,FALSE,,FALSE,,FALSE,,FALSE,,FALSE,,FALSE,FALSE,,Couldn't Map
145036,Plain White T's - Guitar Center Sessions,2012,TRUE,FALSE,['B017OJMKSE'],FALSE,,FALSE,,FALSE,,FALSE,,FALSE,,FALSE,,FALSE,FALSE,,Couldn't Map
145038,Vanesa Martín - Vanesa Martín Ven siéntate y me lo cuentas...,2012,TRUE,FALSE,['B017OJMK70'],FALSE,,FALSE,,FALSE,,FALSE,,FALSE,,FALSE,,FALSE,FALSE,,Couldn't Map
145039,Stefanie Heinzmann - AVO Session,2012,TRUE,FALSE,['B017OIUA4Q'],FALSE,,FALSE,,FALSE,,FALSE,,FALSE,,FALSE,,FALSE,FALSE,,Couldn't Map
145040,Connie Talbot - Beautiful World Live,2012,TRUE,FALSE,['B017OJL332'],FALSE,,FALSE,,FALSE,,FALSE,,FALSE,,FALSE,,FALSE,FALSE,,Couldn't Map
145041,Antonello Venditti - AVO Session,2012,TRUE,FALSE,['B017OJKO14'],FALSE,,FALSE,,FALSE,,FALSE,,FALSE,,FALSE,,FALSE,FALSE,,Couldn't Map
145042,Nubya - AVO Sesion,2012,TRUE,FALSE,['B018AEZVBK'],FALSE,,FALSE,,FALSE,,FALSE,,FALSE,,FALSE,,FALSE,FALSE,,Couldn't Map
145046,Gilbert Bécaud  - Olympia: Spectacle Bleu,2012,TRUE,FALSE,['B017OJM5C0'],FALSE,,FALSE,,FALSE,,FALSE,,FALSE,,FALSE,,FALSE,FALSE,,Couldn't Map
145047,Akhenaton - Live Aux Docks Des Sud,2012,TRUE,FALSE,['B017VDE9GE'],FALSE,,FALSE,,FALSE,,FALSE,,FALSE,,FALSE,,FALSE,FALSE,,Couldn't Map
145048,Matt White - Live at Soundstage,2012,TRUE,FALSE,['B017OL4H5G'],FALSE,,FALSE,,FALSE,,FALSE,,FALSE,,FALSE,,FALSE,FALSE,,Couldn't Map
145051,Nick Lowe - AVO Session,2012,TRUE,FALSE,['B017OJLY3Q'],FALSE,,FALSE,,FALSE,,FALSE,,FALSE,,FALSE,,FALSE,FALSE,,Couldn't Map
145052,Gilbert Bécaud  - Olympia: Spectacle Rouge,2012,TRUE,FALSE,['B017OIVMH0'],FALSE,,FALSE,,FALSE,,FALSE,,FALSE,,FALSE,,FALSE,FALSE,,Couldn't Map
145053,Julien Clerc - Demenage,2012,TRUE,FALSE,['B017OEUEDC'],FALSE,,FALSE,,FALSE,,FALSE,,FALSE,,FALSE,,FALSE,FALSE,,Couldn't Map
145059,Cake - Guitar Center Sessions,2011,TRUE,FALSE,['B017OJLU2Q'],FALSE,,FALSE,,FALSE,,FALSE,,FALSE,,FALSE,,FALSE,FALSE,,Couldn't Map
145065,Bush - Guitar Center Sessions,2011,TRUE,FALSE,['B017OL2HKS'],FALSE,,FALSE,,FALSE,,FALSE,,FALSE,,FALSE,,FALSE,FALSE,,Couldn't Map
145066,Blondie - Guitar Center Sessions,2011,TRUE,FALSE,['B017OIU816'],FALSE,,FALSE,,FALSE,,FALSE,,FALSE,,FALSE,,FALSE,FALSE,,Couldn't Map
145072,Jacob Dylan - Guitar Center Sessions,2011,TRUE,FALSE,['B017OETROY'],FALSE,,FALSE,,FALSE,,FALSE,,FALSE,,FALSE,,FALSE,FALSE,,Couldn't Map
145073,Ray Charles - Live in France 1961: Antibes Jazz Festival,2011,TRUE,FALSE,['B017VBKFN2'],FALSE,,FALSE,,FALSE,,FALSE,,FALSE,,FALSE,,FALSE,FALSE,,Couldn't Map
145076,Various Artists - Verbier Festival 2011,2011,TRUE,FALSE,['B017OL198O'],FALSE,,FALSE,,FALSE,,FALSE,,FALSE,,FALSE,,FALSE,FALSE,,Couldn't Map
145091,Peter Frampton - Guitar Center Sessions,2011,TRUE,FALSE,['B017OL32T8'],FALSE,,FALSE,,FALSE,,FALSE,,FALSE,,FALSE,,FALSE,FALSE,,Couldn't Map
145095,Kronos Quartet & Kimmo Pohjonen's Kluster - Uniko,2011,TRUE,FALSE,['B017OIV78O'],FALSE,,FALSE,,FALSE,,FALSE,,FALSE,,FALSE,,FALSE,FALSE,,Couldn't Map
145096,Sophie Hunger - AVO Session,2011,TRUE,FALSE,['B017OL5BV0'],FALSE,,FALSE,,FALSE,,FALSE,,FALSE,,FALSE,,FALSE,FALSE,,Couldn't Map
145097,Claude Nougaro - Au Théâtre Des Champs Elysées,2011,TRUE,FALSE,['B017OL2YEC'],FALSE,,FALSE,,FALSE,,FALSE,,FALSE,,FALSE,,FALSE,FALSE,,Couldn't Map
145098,Rolando Villazon - A Mexican Dream,2011,TRUE,FALSE,['B017OEUQXK'],FALSE,,FALSE,,FALSE,,FALSE,,FALSE,,FALSE,,FALSE,FALSE,,Couldn't Map
145105,Jane's Addiction - Guitar Center Sessions,2010,TRUE,FALSE,['B017OJM7V4'],FALSE,,FALSE,,FALSE,,FALSE,,FALSE,,FALSE,,FALSE,FALSE,,Couldn't Map
145107,Lang Lang - Live in Vienna (Part 2),2010,TRUE,FALSE,['B017OEU01I'],FALSE,,FALSE,,FALSE,,FALSE,,FALSE,,FALSE,,FALSE,FALSE,,Couldn't Map
145110,The Fray - Live At Soundstage,2010,TRUE,FALSE,['B017OL11FA'],FALSE,,FALSE,,FALSE,,FALSE,,FALSE,,FALSE,,FALSE,FALSE,,Couldn't Map
145115,Sir Simon Rattle - Berliner Philharmoniker The Singapore Concert,2010,TRUE,FALSE,['B017OIVQ1M'],FALSE,,FALSE,,FALSE,,FALSE,,FALSE,,FALSE,,FALSE,FALSE,,Couldn't Map
145122,Lang Lang - Live in Vienna (Part 1),2010,TRUE,FALSE,['B017OEUEXM'],FALSE,,FALSE,,FALSE,,FALSE,,FALSE,,FALSE,,FALSE,FALSE,,Couldn't Map
145123,Various Artists - Peace One Day: 2010,2010,TRUE,FALSE,['B017OL30SG'],FALSE,,FALSE,,FALSE,,FALSE,,FALSE,,FALSE,,FALSE,FALSE,,Couldn't Map
145124,Jim Reeves - Legends in Concert - The Gentle Man,2010,TRUE,FALSE,['B017VDETLE'],FALSE,,FALSE,,FALSE,,FALSE,,FALSE,,FALSE,,FALSE,FALSE,,Couldn't Map
145125,Daniel Harding - Frauenkirche Concert Homage to Robert Schumann,2010,TRUE,FALSE,['B017OL2BMW'],FALSE,,FALSE,,FALSE,,FALSE,,FALSE,,FALSE,,FALSE,FALSE,,Couldn't Map
145126,De Toppers - Live In Concert 2010,2010,TRUE,FALSE,['B017OJM6LU'],FALSE,,FALSE,,FALSE,,FALSE,,FALSE,,FALSE,,FALSE,FALSE,,Couldn't Map
145128,Estrella Morente - Casacueva y Escenario,2010,TRUE,FALSE,['B017OIVMJ8'],FALSE,,FALSE,,FALSE,,FALSE,,FALSE,,FALSE,,FALSE,FALSE,,Couldn't Map
145129,Ivan Neville - Gettin' Funkier All The Time,2010,TRUE,FALSE,"['B01FYH10Y8', 'B0042NRHHK']",FALSE,,FALSE,,FALSE,,FALSE,,FALSE,,FALSE,,FALSE,FALSE,,Couldn't Map
145132,Murray Perahia - Not this World,2010,TRUE,FALSE,['B017OL2GPE'],FALSE,,FALSE,,FALSE,,FALSE,,FALSE,,FALSE,,FALSE,FALSE,,Couldn't Map
145134,Headband: Live,2010,TRUE,FALSE,['B017VBN41W'],FALSE,,FALSE,,FALSE,,FALSE,,FALSE,,FALSE,,FALSE,FALSE,,Couldn't Map
145140,Liane Foly - Acoustique Tour,1999,TRUE,FALSE,['B017OL5GQ0'],FALSE,,FALSE,,FALSE,,FALSE,,FALSE,,FALSE,,FALSE,FALSE,,Couldn't Map
145142,Royal Philharmonic Orchestra - Royal Philharmonic Opera: 50 Years,1997,TRUE,FALSE,['B017VDDG3G'],FALSE,,FALSE,,FALSE,,FALSE,,FALSE,,FALSE,,FALSE,FALSE,,Couldn't Map
145144,Phil Collins - Live at Montruex 1996,1996,TRUE,FALSE,['B017OIUQVS'],FALSE,,FALSE,,FALSE,,FALSE,,FALSE,,FALSE,,FALSE,FALSE,,Couldn't Map
145146,Various Artists - Gold and Silver Gala,1996,TRUE,FALSE,['B017OIUOH4'],FALSE,,FALSE,,FALSE,,FALSE,,FALSE,,FALSE,,FALSE,FALSE,,Couldn't Map
145148,Arrested Development - People Everyday,1994,TRUE,FALSE,['B017OETSGQ'],FALSE,,FALSE,,FALSE,,FALSE,,FALSE,,FALSE,,FALSE,FALSE,,Couldn't Map
145150,Supergrass - A Home Movie,1994,TRUE,FALSE,['B017OJLVBQ'],FALSE,,FALSE,,FALSE,,FALSE,,FALSE,,FALSE,,FALSE,FALSE,,Couldn't Map
145151,Romeo Et Juliette - Romeo et Juliette: Royal Opera House Acts I & II,1994,TRUE,FALSE,['B017OETR7Q'],FALSE,,FALSE,,FALSE,,FALSE,,FALSE,,FALSE,,FALSE,FALSE,,Couldn't Map
145156,Otello - Otello: Royal Opera House Pioneer Act I,1992,TRUE,FALSE,['B017OIV5BI'],FALSE,,FALSE,,FALSE,,FALSE,,FALSE,,FALSE,,FALSE,FALSE,,Couldn't Map
145161,Ann Peebles - I Can't Stand the Rain,2009,TRUE,FALSE,['B017OIUVR2'],FALSE,,FALSE,,FALSE,,FALSE,,FALSE,,FALSE,,FALSE,FALSE,,Couldn't Map
145166,Giuseppe Verdi - Un Ballo in Maschera Act II,1990,TRUE,FALSE,['B017OJLKAS'],FALSE,,FALSE,,FALSE,,FALSE,,FALSE,,FALSE,,FALSE,FALSE,,Couldn't Map
145180,Lightning Hopkins And Roosvelt Sykes - Masters of Country Blues,1968,TRUE,FALSE,['B017OJKOZA'],FALSE,,FALSE,,FALSE,,FALSE,,FALSE,,FALSE,,FALSE,FALSE,,Couldn't Map
145184,Tony Bennett - Legends in Concert - The Sound of Velvet,1950,TRUE,FALSE,['B017VDCNN0'],FALSE,,FALSE,,FALSE,,FALSE,,FALSE,,FALSE,,FALSE,FALSE,,Couldn't Map
145189,Mike & The Mechanics - Live at Shepherds Bush Empire,0,TRUE,FALSE,['B003PGJQ0Q'],FALSE,,FALSE,,FALSE,,FALSE,,FALSE,,FALSE,,FALSE,FALSE,,Couldn't Map
145211,Mango Sticky Rice,2016,TRUE,FALSE,['B01LX1P8SQ'],FALSE,,FALSE,,FALSE,,FALSE,,FALSE,,FALSE,,FALSE,FALSE,,Couldn't Map
145373,Dance Hoop Workout,2015,TRUE,FALSE,['B01ATYMUT0'],FALSE,,FALSE,,FALSE,,FALSE,,FALSE,,FALSE,,FALSE,FALSE,,Couldn't Map
145381,Happy Thoughts,2015,TRUE,FALSE,['B01GKTHBAQ'],FALSE,,FALSE,,FALSE,,FALSE,,FALSE,,FALSE,,FALSE,FALSE,,Couldn't Map
145731,Celtic Myths - Magic and Kings,2012,TRUE,FALSE,['B01AVEXGDC'],FALSE,,FALSE,,FALSE,,FALSE,,FALSE,,FALSE,,FALSE,FALSE,,Couldn't Map
145738,Celtic Myths - Sex and Supernature,2012,TRUE,FALSE,['B01L2VSNEK'],FALSE,,FALSE,,FALSE,,FALSE,,FALSE,,FALSE,,FALSE,FALSE,,Couldn't Map
145747,The Fall of Womenland,2012,TRUE,FALSE,['B01ASF5AZG'],FALSE,,FALSE,,FALSE,,FALSE,,FALSE,,FALSE,,FALSE,FALSE,,Couldn't Map
145751,Traditional Chinese Medicine,2012,TRUE,FALSE,['B01ASFRCXE'],FALSE,,FALSE,,FALSE,,FALSE,,FALSE,,FALSE,,FALSE,FALSE,,Couldn't Map
145756,Sense of Danger: How Animals Anticipate Natural Disasters,2012,TRUE,FALSE,['B01AVJ4730'],FALSE,,FALSE,,FALSE,,FALSE,,FALSE,,FALSE,,FALSE,FALSE,,Couldn't Map
145769,The Dolphin: Born To Be Wild,2012,TRUE,FALSE,['B01AS8NQ0E'],FALSE,,FALSE,,FALSE,,FALSE,,FALSE,,FALSE,,FALSE,FALSE,,Couldn't Map
145928,Traveler,2011,TRUE,FALSE,['B01AUHZGLA'],FALSE,,FALSE,,FALSE,,FALSE,,FALSE,,FALSE,,FALSE,FALSE,,Couldn't Map
146040,Kapha Balancing AM PM Class,2010,TRUE,FALSE,['B017VADJ9A'],FALSE,,FALSE,,FALSE,,FALSE,,FALSE,,FALSE,,FALSE,FALSE,,Couldn't Map
146684,The Happy Heart Flow,1990,TRUE,FALSE,['B017YGOGJS'],FALSE,,FALSE,,FALSE,,FALSE,,FALSE,,FALSE,,FALSE,FALSE,,Couldn't Map
146717,Carpe Diem,1990,TRUE,FALSE,['B017UPSAIG'],FALSE,,FALSE,,FALSE,,FALSE,,FALSE,,FALSE,,FALSE,FALSE,,Couldn't Map
146720,Winds of Change,1990,TRUE,FALSE,['B017UPRZJG'],FALSE,,FALSE,,FALSE,,FALSE,,FALSE,,FALSE,,FALSE,FALSE,,Couldn't Map
146821,SIMON,2016,TRUE,FALSE,"['B01LWBGDVB', 'B01LWBGDVB']",FALSE,,FALSE,,FALSE,,FALSE,,FALSE,,FALSE,,FALSE,FALSE,,Couldn't Map
147108,3-in-1 Total Body Fitness,2008,TRUE,FALSE,['B004A9KQ56'],FALSE,,FALSE,,FALSE,,FALSE,,FALSE,,FALSE,,FALSE,FALSE,,Couldn't Map
147286,Little Mermaid,2016,TRUE,FALSE,"['B01MQCI2PY', 'B01MQCI2PY']",FALSE,,FALSE,,FALSE,,FALSE,,FALSE,,FALSE,['1198693306'],FALSE,FALSE,,Couldn't Map
147307,DAKOTA,1950,TRUE,FALSE,['B01LYTV2B1'],FALSE,,FALSE,,FALSE,,FALSE,,FALSE,,FALSE,,FALSE,FALSE,,Couldn't Map
147754,Clean,2004,TRUE,FALSE,['B01M99HSKA'],FALSE,,FALSE,,FALSE,,FALSE,,FALSE,,FALSE,,FALSE,FALSE,,Couldn't Map
147762,Trans-Europe Express,1967,TRUE,FALSE,['B01LCUAFZQ'],FALSE,,FALSE,,FALSE,,FALSE,,FALSE,,FALSE,,FALSE,FALSE,,Couldn't Map
147807,Zero Hour,0,TRUE,FALSE,['B01N0KXJ86'],FALSE,,FALSE,,FALSE,,FALSE,,FALSE,,FALSE,,FALSE,FALSE,,Couldn't Map
148156,The Cook,0,TRUE,FALSE,"['B01MUBPXNU', 'B01MUBPXNU']",FALSE,,FALSE,,FALSE,,FALSE,,FALSE,,FALSE,,FALSE,FALSE,,Couldn't Map
148277,ABCs of Death 2.5,2016,TRUE,FALSE,['B01MYX3W3R'],FALSE,,FALSE,,FALSE,,FALSE,,FALSE,,FALSE,,FALSE,FALSE,,Couldn't Map
148297,How to Clean Up a Thrift Store Find,2016,TRUE,FALSE,['B01NAHJKN6'],FALSE,,FALSE,,FALSE,,FALSE,,FALSE,,FALSE,,FALSE,FALSE,,Couldn't Map
149175,Emma,2015,TRUE,FALSE,"['B01LPG8UF4', 'B01LPG8UF4']",FALSE,,FALSE,,FALSE,,FALSE,,FALSE,,FALSE,,FALSE,FALSE,,Couldn't Map
149840,Haunted Hollywood: Horror Express,2017,TRUE,FALSE,['B01N39ET1A'],FALSE,,FALSE,,FALSE,,FALSE,,FALSE,,FALSE,,FALSE,FALSE,,Couldn't Map
149933,You May Now Kill The Bride,2016,TRUE,FALSE,['B01NCUV4OZ'],FALSE,,FALSE,,FALSE,,FALSE,,FALSE,,FALSE,,FALSE,FALSE,,Couldn't Map
149975,Vintage Videozone: Hideous!,2017,TRUE,FALSE,['B06VVXHBWZ'],FALSE,,FALSE,,FALSE,,FALSE,,FALSE,,FALSE,,FALSE,FALSE,,Couldn't Map
150023,Once Upon a Time,0,TRUE,FALSE,['B06X6JLBQ7'],FALSE,,FALSE,,FALSE,,FALSE,,FALSE,,FALSE,,FALSE,FALSE,,Couldn't Map
150108,Full Moon's Monthly Vidcast: February 2017,2017,TRUE,FALSE,['B06VW9WSF1'],FALSE,,FALSE,,FALSE,,FALSE,,FALSE,,FALSE,,FALSE,FALSE,,Couldn't Map
150273,Kara,0,TRUE,FALSE,"['B01N2VPE2H', 'B01N2VPE2H']",FALSE,,FALSE,,FALSE,,FALSE,,FALSE,,FALSE,,FALSE,FALSE,,Couldn't Map
150505,Mathematics for Lovers: Mandelbrot Sets and Julia Sets,1990,TRUE,FALSE,['B06XGSRRRK'],FALSE,,FALSE,,FALSE,,FALSE,,FALSE,,FALSE,,FALSE,FALSE,,Couldn't Map
150641,William Shatner's Full Moon Fright Night: Castle Freak,2002,TRUE,FALSE,"['B076H8RZJC', 'B06WD5QCZH']",FALSE,,FALSE,,FALSE,,FALSE,,FALSE,,FALSE,,FALSE,FALSE,,Couldn't Map
151007,Everything Or Nothing,2007,TRUE,FALSE,['B00KEZ28Q0'],FALSE,,FALSE,,FALSE,,FALSE,,FALSE,,FALSE,,FALSE,FALSE,,Couldn't Map
151265,All of Me,2014,TRUE,FALSE,['B06Y3M5TXD'],FALSE,,FALSE,,FALSE,,FALSE,,FALSE,,FALSE,['1220293883'],FALSE,FALSE,,Couldn't Map
151307,Heidi,2014,TRUE,FALSE,"['B079SRTTYW', 'B079SRTTYW']",FALSE,,FALSE,,FALSE,,FALSE,,FALSE,,FALSE,,FALSE,FALSE,,Couldn't Map
151332,Beyond The Mountains,2017,TRUE,FALSE,['B071XPM2T2'],FALSE,,FALSE,,FALSE,,FALSE,,FALSE,,FALSE,,FALSE,FALSE,,Couldn't Map
151517,Supernatural Fandom: The Movie,0,TRUE,FALSE,['B07M9T2Q57'],FALSE,,FALSE,,FALSE,,FALSE,,FALSE,,FALSE,,FALSE,FALSE,,Couldn't Map
151662,Full Moon's Monthly Vidcast: April 2017,2017,TRUE,FALSE,['B071KW21V3'],FALSE,,FALSE,,FALSE,,FALSE,,FALSE,,FALSE,,FALSE,FALSE,,Couldn't Map
151776,2500 km,2017,TRUE,FALSE,['B0718ZBY81'],FALSE,,FALSE,,FALSE,,FALSE,,FALSE,,FALSE,,FALSE,FALSE,,Couldn't Map
151811,Jackson,2017,TRUE,FALSE,['B071NJ4C26'],FALSE,,FALSE,,FALSE,,FALSE,,FALSE,,FALSE,,FALSE,FALSE,,Couldn't Map
151893,The Fix,2017,TRUE,FALSE,"['B072F4MNJT', 'B075DHLPNJ']",FALSE,,FALSE,,FALSE,,FALSE,,FALSE,,FALSE,,FALSE,FALSE,,Couldn't Map
152376,Sleeping Beauties,2017,TRUE,FALSE,"['B07M85X5GG', 'B07MCVR9K8']",FALSE,,FALSE,,FALSE,,FALSE,,FALSE,,FALSE,,FALSE,FALSE,,Couldn't Map
152437,The Drifter,2015,TRUE,FALSE,"['B071J81CZ2', 'B072M276LX']",FALSE,,FALSE,,FALSE,,FALSE,,FALSE,,FALSE,['1240490726'],FALSE,FALSE,,Couldn't Map
152493,Hiawatha,2017,TRUE,FALSE,"['B07DB3H1PL', 'B072M5W9WQ']",FALSE,,FALSE,,FALSE,,FALSE,,FALSE,,FALSE,['1228947457'],FALSE,FALSE,,Couldn't Map
152539,Remorse,2016,TRUE,FALSE,"['B071YJ6KHT', 'B071YJ6KHT']",FALSE,,FALSE,,FALSE,,FALSE,,FALSE,,FALSE,,FALSE,FALSE,,Couldn't Map
152583,Semyon Bychkov - Semyon Bychkov And Wiener Philharmoniker - Summer Night Concert,2016,TRUE,FALSE,['B06Y4GKS8X'],FALSE,,FALSE,,FALSE,,FALSE,,FALSE,,FALSE,,FALSE,FALSE,,Couldn't Map
153642,State of the Union,0,TRUE,FALSE,"['B01MQQWYY0', 'B01MQQWYY0']",FALSE,,FALSE,,FALSE,,FALSE,,FALSE,,FALSE,,FALSE,FALSE,,Couldn't Map
153740,My Little Pony Equestria Girls: Magical Movie Night,2017,TRUE,FALSE,['B074KS7CY1'],FALSE,,FALSE,,FALSE,,FALSE,,FALSE,,FALSE,['1248500540'],FALSE,FALSE,,Couldn't Map
154180,Interior,2014,TRUE,FALSE,"['B07FYXG2M2', 'B07FYXG2M2']",FALSE,,FALSE,,FALSE,,FALSE,,FALSE,,FALSE,['1266532238'],FALSE,FALSE,,Couldn't Map
154391,Faithful Polygamists,2012,TRUE,FALSE,['B01LX1TYFV'],FALSE,,FALSE,,FALSE,,FALSE,,FALSE,,FALSE,,FALSE,FALSE,,Couldn't Map
2445,Thomas & Friends: Best of James,2002,TRUE,FALSE,['B005SFZ8HW'],FALSE,,FALSE,,FALSE,,FALSE,,FALSE,,FALSE,,FALSE,FALSE,,Couldn't Map
22008,Truth Prevails: The Undying Faith of Jan Hus,2007,TRUE,FALSE,"['B07Q7Q372T', 'B07Q7Q372T']",FALSE,,FALSE,,FALSE,,FALSE,,FALSE,,FALSE,,FALSE,FALSE,,Couldn't Map
22992,Sugar Valentine,2004,TRUE,FALSE,['B01NBT4ZDV'],FALSE,,FALSE,,FALSE,,FALSE,,FALSE,,FALSE,,FALSE,FALSE,,Couldn't Map
27553,VeggieTales: Sweetpea Beauty,2010,TRUE,FALSE,['B003Y6ID4C'],FALSE,,FALSE,,FALSE,,FALSE,,FALSE,,FALSE,,FALSE,FALSE,,Couldn't Map
30750,Dar Williams: Live at Bearsville Theater,2007,TRUE,FALSE,"['B00F91SIKE', 'B00F91QFPO']",FALSE,,FALSE,,FALSE,,FALSE,,FALSE,,FALSE,,FALSE,FALSE,,Couldn't Map
48851,Step-by-Step Tai Chi with Tiffany Chen,2007,TRUE,FALSE,['B076CWLH17'],FALSE,,FALSE,,FALSE,,FALSE,,FALSE,,FALSE,,FALSE,FALSE,,Couldn't Map
110030,Brutal Boxer,1972,TRUE,FALSE,['B076QM3JBZ'],FALSE,,FALSE,,FALSE,,FALSE,,FALSE,,FALSE,,FALSE,FALSE,,Couldn't Map
154819,The Gaelic King,2017,TRUE,FALSE,"['B075QYNLPV', 'B075QYNLPV']",FALSE,,FALSE,,FALSE,,FALSE,,FALSE,,FALSE,,FALSE,FALSE,,Couldn't Map
155166,Wait,2015,TRUE,FALSE,['B01N9VN4XH'],FALSE,,FALSE,,FALSE,,FALSE,,FALSE,,FALSE,['1195710180'],FALSE,FALSE,,Couldn't Map
155538,Fall of Grace,2017,TRUE,FALSE,['B0771ZBLZ8'],FALSE,,FALSE,,FALSE,,FALSE,,FALSE,,FALSE,,FALSE,FALSE,,Couldn't Map
156114,An Irish Christmas,2002,TRUE,FALSE,['B014UOK3UI'],FALSE,,FALSE,,FALSE,,FALSE,,FALSE,,FALSE,,FALSE,FALSE,,Couldn't Map
156530,Cuentas Por Cobrar,2017,TRUE,FALSE,['B07792S2LZ'],FALSE,,FALSE,,FALSE,,FALSE,,FALSE,,FALSE,,FALSE,FALSE,,Couldn't Map
30928,Trapped,2008,TRUE,FALSE,"['B0784VJCPD', 'B0784VJCPD']",FALSE,,FALSE,,FALSE,,FALSE,,FALSE,,FALSE,['375558866'],FALSE,FALSE,,Couldn't Map
2185,Alicia Keys: Diary of Alicia,2004,TRUE,FALSE,['B017OIUH80'],FALSE,,FALSE,,FALSE,,FALSE,,FALSE,,FALSE,,FALSE,FALSE,,Couldn't Map
15348,Cause of Death,2000,TRUE,FALSE,['B07PW4SFKZ'],FALSE,,FALSE,,FALSE,,FALSE,,FALSE,,FALSE,,FALSE,FALSE,,Couldn't Map
22320,Venezuelan Brass Ensemble: Gran Fanfaria,2007,TRUE,FALSE,['B01FYEBNM0'],FALSE,,FALSE,,FALSE,,FALSE,,FALSE,,FALSE,,FALSE,FALSE,,Couldn't Map
36464,Starsailor: Love Is Here: Live,2002,TRUE,FALSE,['B017VDF4MW'],FALSE,,FALSE,,FALSE,,FALSE,,FALSE,,FALSE,,FALSE,FALSE,,Couldn't Map
52125,Shotgun,1989,TRUE,FALSE,['B075C6BL28'],FALSE,,FALSE,,FALSE,,FALSE,,FALSE,,FALSE,,FALSE,FALSE,,Couldn't Map
113926,Kingdom of the Vampire,2007,TRUE,FALSE,"['B0019IM9NI', 'B0019IQCSG']",FALSE,,FALSE,,FALSE,,FALSE,,FALSE,,FALSE,,FALSE,FALSE,,Couldn't Map
154526,Hallows Eve,2016,TRUE,FALSE,['B07LD5CZKN'],FALSE,,FALSE,,FALSE,,FALSE,,FALSE,,FALSE,,FALSE,FALSE,,Couldn't Map
154778,Recep Ivedik 5,2017,TRUE,FALSE,,FALSE,,FALSE,,FALSE,,FALSE,,FALSE,,FALSE,['1202814016'],FALSE,FALSE,,Couldn't Map
155153,Hong Kong Trilogy,2015,TRUE,FALSE,['B075RYJ1SB'],FALSE,,FALSE,,FALSE,,FALSE,,FALSE,,FALSE,,FALSE,FALSE,,Couldn't Map
155487,Le Nozze di Figaro,1985,TRUE,FALSE,,FALSE,,FALSE,,FALSE,,FALSE,,FALSE,,FALSE,['1135017199'],FALSE,FALSE,,Couldn't Map
155571,Quique Gonzalez - Ajuste de Cuentas,2016,TRUE,FALSE,['B076FJRFKF'],FALSE,,FALSE,,FALSE,,FALSE,,FALSE,,FALSE,,FALSE,FALSE,,Couldn't Map
155572,Maná - Drama y Luz,2015,TRUE,FALSE,['B076FK2VZK'],FALSE,,FALSE,,FALSE,,FALSE,,FALSE,,FALSE,,FALSE,FALSE,,Couldn't Map
155856,Maniac,2010,TRUE,FALSE,['B018WUA5QI'],FALSE,,FALSE,,FALSE,,FALSE,,FALSE,,FALSE,,FALSE,FALSE,,Couldn't Map
156474,The Mute,2014,TRUE,FALSE,,FALSE,,FALSE,,FALSE,,FALSE,,FALSE,,FALSE,['1261436988'],FALSE,FALSE,,Couldn't Map
81256,Donnie Darko: Director's Cut,2001,TRUE,FALSE,,FALSE,,FALSE,,FALSE,,FALSE,,FALSE,,FALSE,['1181241774'],FALSE,FALSE,,Couldn't Map
156487,Lazer Team 2,2017,TRUE,FALSE,['B07CS157ZD'],FALSE,,FALSE,,FALSE,,FALSE,,FALSE,,FALSE,['1374409221'],FALSE,FALSE,,Couldn't Map
147354,Carbon Copy,0,TRUE,FALSE,['B01N8RNEHQ'],FALSE,,FALSE,,FALSE,,FALSE,,FALSE,,FALSE,,FALSE,FALSE,,Couldn't Map
157163,Special Unit,2017,TRUE,FALSE,"['B07PQF93TC', 'B07PQF93TC']",FALSE,,FALSE,,FALSE,,FALSE,,FALSE,,FALSE,,FALSE,FALSE,,Couldn't Map
157216,The Runaway,2017,TRUE,FALSE,"['B075MD4SJD', 'B075MD4SJD']",FALSE,,FALSE,,FALSE,,FALSE,,FALSE,,FALSE,['1348071836'],FALSE,FALSE,,Couldn't Map
157245,Brackenmore,2017,TRUE,FALSE,"['B074J47ZS4', 'B074J47ZS4']",FALSE,,FALSE,,FALSE,,FALSE,,FALSE,,FALSE,['1294728990'],FALSE,FALSE,,Couldn't Map
147617,The Little Match Girl,1990,TRUE,FALSE,['B07DF7XNNV'],FALSE,,FALSE,,FALSE,,FALSE,,FALSE,,FALSE,['1292500454'],FALSE,FALSE,,Couldn't Map
156640,A Town Called Panic: Christmas Panic!,2013,TRUE,FALSE,['B0789YHW77'],FALSE,,FALSE,,FALSE,,FALSE,,FALSE,,FALSE,['1304700344'],FALSE,FALSE,,Couldn't Map
137874,A Father's Secret,2016,TRUE,FALSE,['B078JG59Q2'],FALSE,,FALSE,,FALSE,,FALSE,,FALSE,,FALSE,,FALSE,FALSE,,Couldn't Map
157708,By My Side,2017,TRUE,FALSE,,FALSE,,FALSE,,FALSE,,FALSE,,FALSE,,FALSE,['1317697944'],FALSE,FALSE,,Couldn't Map
38799,Sanai Chaughade,2009,TRUE,FALSE,,FALSE,,FALSE,['70116578'],FALSE,,FALSE,,FALSE,,FALSE,,FALSE,FALSE,,Couldn't Map
157869,A Step Toward Tomorrow,1997,TRUE,FALSE,['B0773VT7RN'],FALSE,,FALSE,,FALSE,,FALSE,,FALSE,,FALSE,,FALSE,FALSE,,Couldn't Map
158086,Resurrection Science: Defying Evolution,2011,TRUE,FALSE,['B01J90CTO6'],FALSE,,FALSE,,FALSE,,FALSE,,FALSE,,FALSE,,FALSE,FALSE,,Couldn't Map
158151,Remnants,2016,TRUE,FALSE,"['B077KBZ1XD', 'B077KBZ1XD']",FALSE,,FALSE,,FALSE,,FALSE,,FALSE,,FALSE,,FALSE,FALSE,,Couldn't Map
158173,Survival,0,TRUE,FALSE,"['B06VX3YLQ1', 'B06VX3YLQ1']",FALSE,,FALSE,,FALSE,,FALSE,,FALSE,,FALSE,,FALSE,FALSE,,Couldn't Map
158230,True Beauty,2015,TRUE,FALSE,['B075VGVH6G'],FALSE,,FALSE,,FALSE,,FALSE,,FALSE,,FALSE,,FALSE,FALSE,,Couldn't Map
157795,Trauma,2018,TRUE,FALSE,"['B07BVH8WBZ', 'B0794RCNYV']",FALSE,,FALSE,,FALSE,,FALSE,,FALSE,,FALSE,['1320270681'],FALSE,FALSE,,Couldn't Map
101732,Eyes Wide Open,2007,TRUE,FALSE,"['B0795WVND6', 'B0795WVND6']",FALSE,,FALSE,,FALSE,,FALSE,,FALSE,,FALSE,,FALSE,FALSE,,Couldn't Map
157705,The Rocket,2018,TRUE,FALSE,"['B0788Z1YND', 'B0788ZK765']",FALSE,,FALSE,,FALSE,,FALSE,,FALSE,,FALSE,['1325471361'],FALSE,FALSE,,Couldn't Map
158412,Untitled (a film),2017,TRUE,FALSE,"['B07896MZN9', 'B07896MZN9']",FALSE,,FALSE,,FALSE,,FALSE,,FALSE,,FALSE,['1375822683'],FALSE,FALSE,,Couldn't Map
158586,Amelia's Closet,2018,TRUE,FALSE,"['B0799YLWKV', 'B0799SHG23']",FALSE,,FALSE,,FALSE,,FALSE,,FALSE,,FALSE,,FALSE,FALSE,,Couldn't Map
158588,Plaquemines,2018,TRUE,FALSE,"['B079B5JZHF', 'B079B3T5DF']",FALSE,,FALSE,,FALSE,,FALSE,,FALSE,,FALSE,,FALSE,FALSE,,Couldn't Map
158646,3 Minutes,2014,TRUE,FALSE,['B079598KMD'],FALSE,,FALSE,,FALSE,,FALSE,,FALSE,,FALSE,['1300283955'],FALSE,FALSE,,Couldn't Map
158703,Knights Templar Secret Found,2017,TRUE,FALSE,['B0781743TY'],FALSE,,FALSE,,FALSE,,FALSE,,FALSE,,FALSE,,FALSE,FALSE,,Couldn't Map
158808,Solange and the Living,2016,TRUE,FALSE,['B076HB7R4L'],FALSE,,FALSE,,FALSE,,FALSE,,FALSE,,FALSE,,FALSE,FALSE,,Couldn't Map
158810,Quartet,2015,TRUE,FALSE,['B073JZBM6D'],FALSE,,FALSE,,FALSE,,FALSE,,FALSE,,FALSE,,FALSE,FALSE,,Couldn't Map
137746,How We Met,2016,TRUE,FALSE,['B079VXTSSB'],FALSE,,FALSE,,FALSE,,FALSE,,FALSE,,FALSE,,FALSE,FALSE,,Couldn't Map
159141,Reclaiming Friendship Park,2015,TRUE,FALSE,['B0792K47J3'],FALSE,,FALSE,,FALSE,,FALSE,,FALSE,,FALSE,,FALSE,FALSE,,Couldn't Map
159166,Undeserved,2016,TRUE,FALSE,"['B078DMYGQQ', 'B0781WYR8H', 'B0781WYR8H', 'B078DMYGQQ']",FALSE,,FALSE,,FALSE,,FALSE,,FALSE,,FALSE,,FALSE,FALSE,,Couldn't Map
159445,WWE: Royal Rumble 2018,2018,TRUE,FALSE,,FALSE,,FALSE,,FALSE,,FALSE,,FALSE,,FALSE,['1356464647'],FALSE,FALSE,,Couldn't Map
159556,True Smile,2018,TRUE,FALSE,"['B07CDCRPX8', 'B07CDCRPX8']",FALSE,,FALSE,,FALSE,,FALSE,,FALSE,,FALSE,,FALSE,FALSE,,Couldn't Map
159726,Lady Windermere's Fan,2018,TRUE,FALSE,"['B079KJMJC4', 'B079KJMJC4']",FALSE,,FALSE,,FALSE,,FALSE,,FALSE,,FALSE,['1400919676'],FALSE,FALSE,,Couldn't Map
159928,Various Artists - Black and White Ballets Feature,2016,TRUE,FALSE,['B076FK9ZD5'],FALSE,,FALSE,,FALSE,,FALSE,,FALSE,,FALSE,,FALSE,FALSE,,Couldn't Map
159929,Wild Powers - Band In Seattle - Wild Powers Concert 304,2016,TRUE,FALSE,['B06Y4JB47Q'],FALSE,,FALSE,,FALSE,,FALSE,,FALSE,,FALSE,,FALSE,FALSE,,Couldn't Map
159952,Placebo - MTV Unplugged,2015,TRUE,FALSE,['B07BRCDXQG'],FALSE,,FALSE,,FALSE,,FALSE,,FALSE,,FALSE,,FALSE,FALSE,,Couldn't Map
159953,EME-15 - Wonderland Live - Zona Preferente,2015,TRUE,FALSE,['B07BRCDB5T'],FALSE,,FALSE,,FALSE,,FALSE,,FALSE,,FALSE,,FALSE,FALSE,,Couldn't Map
159954,Vox Mod - Band in Seattle: Concert  216 ,2015,TRUE,FALSE,['B07BRC6GCM'],FALSE,,FALSE,,FALSE,,FALSE,,FALSE,,FALSE,,FALSE,FALSE,,Couldn't Map
160191,One Way Ticket,2017,TRUE,FALSE,['B07BCC2HHS'],FALSE,,FALSE,,FALSE,,FALSE,,FALSE,,FALSE,['1348543469'],FALSE,FALSE,,Couldn't Map
160316,October,2018,TRUE,FALSE,['B07CZSSGKV'],FALSE,,FALSE,,FALSE,,FALSE,,FALSE,,FALSE,,FALSE,FALSE,,Couldn't Map
160541,Deliha 2,2018,TRUE,FALSE,,FALSE,,FALSE,,FALSE,,FALSE,,FALSE,,FALSE,['1333120114'],FALSE,FALSE,,Couldn't Map
160606,Groove,2018,TRUE,FALSE,['B07CQMXKH4'],FALSE,,FALSE,,FALSE,,FALSE,,FALSE,,FALSE,['1366684348'],FALSE,FALSE,,Couldn't Map
45451,Once Upon a Time,1973,TRUE,FALSE,"['B07CSFKQGV', 'B07CSFKQGV']",FALSE,,FALSE,,FALSE,,FALSE,,FALSE,,FALSE,,FALSE,FALSE,,Couldn't Map
160705,A Life of Its Own: The Truth About Medical Marijuana,2017,TRUE,FALSE,,FALSE,,FALSE,['80223995'],FALSE,,FALSE,,FALSE,,FALSE,,FALSE,FALSE,,Couldn't Map
160788,Otello,2016,TRUE,FALSE,,FALSE,,FALSE,,FALSE,,FALSE,,FALSE,,FALSE,['1334869461'],FALSE,FALSE,,Couldn't Map
160790,Otello,1978,TRUE,FALSE,,FALSE,,FALSE,,FALSE,,FALSE,,FALSE,,FALSE,['1226632706'],FALSE,FALSE,,Couldn't Map
160953,Dogtown Redemption,2016,TRUE,FALSE,,FALSE,,FALSE,,FALSE,,FALSE,,FALSE,,FALSE,['1351497563'],FALSE,FALSE,,Couldn't Map
161029,The Seagull,2018,TRUE,FALSE,,FALSE,['43502'],FALSE,,FALSE,,FALSE,,FALSE,,FALSE,,FALSE,FALSE,,Couldn't Map
161303,Enemy Within,2016,TRUE,FALSE,,FALSE,,FALSE,,FALSE,,FALSE,,FALSE,,FALSE,['1385079448'],FALSE,FALSE,,Couldn't Map
50231,Pastor Jones: Sisters in Spirit 2,2009,TRUE,FALSE,"['B07DDVQBYT', 'B07DDVQBYT']",FALSE,,FALSE,,FALSE,,FALSE,,FALSE,,FALSE,,FALSE,FALSE,,Couldn't Map
161652,What About Me?,2018,TRUE,FALSE,"['B071KSY5DW', 'B071KSY5DW']",FALSE,,FALSE,,FALSE,,FALSE,,FALSE,,FALSE,,FALSE,FALSE,,Couldn't Map
162091,Fireworks,2018,TRUE,FALSE,['B07HFCWH28'],FALSE,,FALSE,,FALSE,,FALSE,,FALSE,,FALSE,,FALSE,FALSE,,Couldn't Map
162246,Last Supper,2018,TRUE,FALSE,"['B07CZ5HQP9', 'B07CZ61XHH']",FALSE,,FALSE,,FALSE,,FALSE,,FALSE,,FALSE,['1390048354'],FALSE,FALSE,,Couldn't Map
162291,Fishtales 2,2017,TRUE,FALSE,,FALSE,,FALSE,,FALSE,,FALSE,,FALSE,,FALSE,['1406711670'],FALSE,FALSE,,Couldn't Map
162603,Mitch Albom's Have Little Faith,2011,TRUE,FALSE,['B0773XMBXT'],FALSE,,FALSE,,FALSE,,FALSE,,FALSE,,FALSE,,FALSE,FALSE,,Couldn't Map
162645,Haunted,2017,TRUE,FALSE,"['B07G1VVZD4', 'B07G1VVZD4']",FALSE,,FALSE,,FALSE,,FALSE,,FALSE,,FALSE,['1388465421'],FALSE,FALSE,,Couldn't Map
162755,Capture,2018,TRUE,FALSE,['B07FLPZHD2'],FALSE,,FALSE,,FALSE,,FALSE,,FALSE,,FALSE,['1406535327'],FALSE,FALSE,,Couldn't Map
50639,Hawaii,2007,TRUE,FALSE,"['B002QYF5VW', 'B002QYF5VW']",FALSE,,FALSE,,FALSE,,FALSE,,FALSE,,FALSE,,FALSE,FALSE,,Couldn't Map
162834,Misfit,2017,TRUE,FALSE,"['B07B8BGFJP', 'B07B8BGFJP']",FALSE,,FALSE,,FALSE,,FALSE,,FALSE,,FALSE,,FALSE,FALSE,,Couldn't Map
162869,Aftershock,2018,TRUE,FALSE,"['B078VDQN8T', 'B078VDQN8T']",FALSE,,FALSE,,FALSE,,FALSE,,FALSE,,FALSE,,FALSE,FALSE,,Couldn't Map
163066,REM,2018,TRUE,FALSE,"['B079TFPJPN', 'B079TFPJPN']",FALSE,,FALSE,,FALSE,,FALSE,,FALSE,,FALSE,,FALSE,FALSE,,Couldn't Map
163067,Mercy,2018,TRUE,FALSE,"['B07C3R18LC', 'B07C3R18LC']",FALSE,,FALSE,,FALSE,,FALSE,,FALSE,,FALSE,,FALSE,FALSE,,Couldn't Map
163097,The Child Bride Of Short Creek,2018,TRUE,FALSE,"['B079VZ48V2', 'B079VZ48V2']",FALSE,,FALSE,,FALSE,,FALSE,,FALSE,,FALSE,,FALSE,FALSE,,Couldn't Map
163111,Hunting Season,2018,TRUE,FALSE,['B07B2LH5SY'],FALSE,,FALSE,,FALSE,,FALSE,,FALSE,,FALSE,,FALSE,FALSE,,Couldn't Map
163139,Agile. Mobile. Hostile - A Year With Andre Williams,2018,TRUE,FALSE,"['B07B8XM85V', 'B07B8XM85V']",FALSE,,FALSE,,FALSE,,FALSE,,FALSE,,FALSE,,FALSE,FALSE,,Couldn't Map
163156,Left,2018,TRUE,FALSE,['B07BBHMDG4'],FALSE,,FALSE,,FALSE,,FALSE,,FALSE,,FALSE,,FALSE,FALSE,,Couldn't Map
163200,Paul,2018,TRUE,FALSE,"['B07BH84HX2', 'B07BH84HX2']",FALSE,,FALSE,,FALSE,,FALSE,,FALSE,,FALSE,,FALSE,FALSE,,Couldn't Map
163232,The Coldest Kiss,2018,TRUE,FALSE,['B07BQJY6Z3'],FALSE,,FALSE,,FALSE,,FALSE,,FALSE,,FALSE,,FALSE,FALSE,,Couldn't Map
163172,Art is Dead,2018,TRUE,FALSE,['B07BF9FGYH'],FALSE,,FALSE,,FALSE,,FALSE,,FALSE,,FALSE,,FALSE,FALSE,,Couldn't Map
163348,Necro Lover,2018,TRUE,FALSE,['B07C5BD79V'],FALSE,,FALSE,,FALSE,,FALSE,,FALSE,,FALSE,,FALSE,FALSE,,Couldn't Map
163369,L,2018,TRUE,FALSE,"['B07C5HYC5C', 'B07C5HYC5C']",FALSE,,FALSE,,FALSE,,FALSE,,FALSE,,FALSE,,FALSE,FALSE,,Couldn't Map
163419,Drive-in Terrors: Psychos & Maniacs!,2018,TRUE,FALSE,['B07CJXP6CZ'],FALSE,,FALSE,,FALSE,,FALSE,,FALSE,,FALSE,,FALSE,FALSE,,Couldn't Map
163510,Sangre De Cristo: The Trilogy of Terror,2018,TRUE,FALSE,['B07CG4FR2P'],FALSE,,FALSE,,FALSE,,FALSE,,FALSE,,FALSE,,FALSE,FALSE,,Couldn't Map
140146,Transit,2013,TRUE,FALSE,"['B07G1NJY3R', 'B07G1NJY3R']",FALSE,,FALSE,,FALSE,,FALSE,,FALSE,,FALSE,,FALSE,FALSE,,Couldn't Map
163714,True Colors,2018,TRUE,FALSE,"['B07N8HSNT5', 'B079N2FZK2']",FALSE,,FALSE,,FALSE,,FALSE,,FALSE,,FALSE,,FALSE,FALSE,,Couldn't Map
163781,Bo McGraw & The Legend of the Alabama Bigfoot,2018,TRUE,FALSE,['B07D6VDNXK'],FALSE,,FALSE,,FALSE,,FALSE,,FALSE,,FALSE,,FALSE,FALSE,,Couldn't Map
163856,Cheerleader Chainsaw Chicks,2018,TRUE,FALSE,['B07DJSYN8X'],FALSE,,FALSE,,FALSE,,FALSE,,FALSE,,FALSE,,FALSE,FALSE,,Couldn't Map
164082,Citizen Clark: A Life of Principle,2018,TRUE,FALSE,"['B07FBPPD51', 'B07FBPPD51']",FALSE,,FALSE,,FALSE,,FALSE,,FALSE,,FALSE,,FALSE,FALSE,,Couldn't Map
164109,Chinese Movies-The red detachment of women,2018,TRUE,FALSE,['B07G5NRD5Q'],FALSE,,FALSE,,FALSE,,FALSE,,FALSE,,FALSE,,FALSE,FALSE,,Couldn't Map
164120,Borderland,2018,TRUE,FALSE,"['B07FPC4ZXJ', 'B07FPC4ZXJ']",FALSE,,FALSE,,FALSE,,FALSE,,FALSE,,FALSE,,FALSE,FALSE,,Couldn't Map
164128,The Longest Night,2018,TRUE,FALSE,['B07G1ZG1DP'],FALSE,,FALSE,,FALSE,,FALSE,,FALSE,,FALSE,,FALSE,FALSE,,Couldn't Map
164136,Convicted,2018,TRUE,FALSE,"['B07FPQH16X', 'B07FPQH16X']",FALSE,,FALSE,,FALSE,,FALSE,,FALSE,,FALSE,,FALSE,FALSE,,Couldn't Map
164172,Kundalini Yoga for Health with Harmanjot Kaur,2018,TRUE,FALSE,['B074ZGWHNZ'],FALSE,,FALSE,,FALSE,,FALSE,,FALSE,,FALSE,,FALSE,FALSE,,Couldn't Map
164252,The Mis-Education of Joy,2018,TRUE,FALSE,"['B07QH3PR43', 'B07H14VY6M']",FALSE,,FALSE,,FALSE,,FALSE,,FALSE,,FALSE,,FALSE,FALSE,,Couldn't Map
164297,The Legacy of Rudolf Steiner,2014,TRUE,FALSE,['B07GDVCYZM'],FALSE,,FALSE,,FALSE,,FALSE,,FALSE,,FALSE,,FALSE,FALSE,,Couldn't Map
164299,The Hidden History of the Human Race - Part 2,2003,TRUE,FALSE,['B07GDZTTK7'],FALSE,,FALSE,,FALSE,,FALSE,,FALSE,,FALSE,,FALSE,FALSE,,Couldn't Map
164309,Sandow,2018,TRUE,FALSE,['B07CZTNYXC'],FALSE,,FALSE,,FALSE,,FALSE,,FALSE,,FALSE,,FALSE,FALSE,,Couldn't Map
164721,The Bastard,2018,TRUE,FALSE,"['B07F969TYH', 'B07FJHMJ87']",FALSE,,FALSE,,FALSE,,FALSE,,FALSE,,FALSE,['1413407414'],FALSE,FALSE,,Couldn't Map
163868,Night Shift,2017,TRUE,FALSE,"['B07DKRTSJ4', 'B07PXD5HWG']",FALSE,,FALSE,,FALSE,,FALSE,,FALSE,,FALSE,,FALSE,FALSE,,Couldn't Map
164759,Death Smiles on a Murderer,2018,TRUE,FALSE,,FALSE,,FALSE,,FALSE,,FALSE,,FALSE,,FALSE,['1402814647'],FALSE,FALSE,,Couldn't Map
165030,Mauna Nada,2017,TRUE,FALSE,['B07HHNW1VF'],FALSE,,FALSE,,FALSE,,FALSE,,FALSE,,FALSE,,FALSE,FALSE,,Couldn't Map
165278,The Joneses,2018,TRUE,FALSE,['B07GR3MB6P'],FALSE,,FALSE,,FALSE,,FALSE,,FALSE,,FALSE,['1428187384'],FALSE,FALSE,,Couldn't Map
165529,Conerto A Beethoven Journey,2016,TRUE,FALSE,['B01N24BK9X'],FALSE,,FALSE,,FALSE,,FALSE,,FALSE,,FALSE,,FALSE,FALSE,,Couldn't Map
165688,Kill Me Please,2015,TRUE,FALSE,['B07J62JYH7'],FALSE,,FALSE,,FALSE,,FALSE,,FALSE,,FALSE,,FALSE,FALSE,,Couldn't Map
165745,Galveston,0,TRUE,FALSE,['B07JG4J1JD'],FALSE,,FALSE,,FALSE,,FALSE,,FALSE,,FALSE,,FALSE,FALSE,,Couldn't Map
165765,Various Artists - Sacred Stage - Mariinsky,2016,TRUE,FALSE,['B076FK2VYK'],FALSE,,FALSE,,FALSE,,FALSE,,FALSE,,FALSE,,FALSE,FALSE,,Couldn't Map
165854,Janis Joplin - Comin Home,1967,TRUE,FALSE,['B017OL31RQ'],FALSE,,FALSE,,FALSE,,FALSE,,FALSE,,FALSE,,FALSE,FALSE,,Couldn't Map
165892,Greg Osby - Solos: The Jazz Sessions,2010,TRUE,FALSE,['B017VBM0FI'],FALSE,,FALSE,,FALSE,,FALSE,,FALSE,,FALSE,,FALSE,FALSE,,Couldn't Map
165939,Zig Zag,2018,TRUE,FALSE,['B07JQQL6GW'],FALSE,,FALSE,,FALSE,,FALSE,,FALSE,,FALSE,,FALSE,FALSE,,Couldn't Map
166052,Birds Of a Feather 2,2018,TRUE,FALSE,"['B07J59QC8R', 'B07J59QC8R']",FALSE,,FALSE,,FALSE,,FALSE,,FALSE,,FALSE,,FALSE,FALSE,,Couldn't Map
166189,Heaven's War,2016,TRUE,FALSE,['B07QDVSCXM'],FALSE,,FALSE,,FALSE,,FALSE,,FALSE,,FALSE,,FALSE,FALSE,,Couldn't Map
166313,George Wallace: The Vegas Bootleg,2018,TRUE,FALSE,['B07K6ZGM99'],FALSE,,FALSE,,FALSE,,FALSE,,FALSE,,FALSE,,FALSE,FALSE,,Couldn't Map
166336,Alien Encounters: Roswell,2018,TRUE,FALSE,"['B07MYBB42J', 'B07KCMPWWQ']",FALSE,,FALSE,,FALSE,,FALSE,,FALSE,,FALSE,,FALSE,FALSE,,Couldn't Map
166374,Emperor's Newest Clothes,2018,TRUE,FALSE,"['B07KPSCNRH', 'B07KPQD5B9']",FALSE,,FALSE,,FALSE,,FALSE,,FALSE,,FALSE,,FALSE,FALSE,,Couldn't Map
166381,Attabu,2013,TRUE,FALSE,['B07KCNDN88'],FALSE,,FALSE,,FALSE,,FALSE,,FALSE,,FALSE,,FALSE,FALSE,,Couldn't Map
166654,All in a Dream: A Film by Danny Davis,2018,TRUE,FALSE,['B07KW655WH'],FALSE,,FALSE,,FALSE,,FALSE,,FALSE,,FALSE,,FALSE,FALSE,,Couldn't Map
166523,Duets: A Transworld Skateboarding Production,2018,TRUE,FALSE,['B07KMGZV44'],FALSE,,FALSE,,FALSE,,FALSE,,FALSE,,FALSE,,FALSE,FALSE,,Couldn't Map
166707,Senor Dame Paciencia,2017,TRUE,FALSE,['B07KFRMSBK'],FALSE,['41951'],FALSE,,FALSE,,FALSE,,FALSE,,FALSE,,FALSE,FALSE,,Couldn't Map
166770,Vida en Marte (Life on Mars),2018,TRUE,FALSE,['B07KSKP6XD'],FALSE,,FALSE,,FALSE,,FALSE,,FALSE,,FALSE,,FALSE,FALSE,,Couldn't Map
166807,Away,2015,TRUE,FALSE,,FALSE,['42033'],FALSE,,FALSE,,FALSE,,FALSE,,FALSE,,FALSE,FALSE,,Couldn't Map
166524,California Paranormal,2018,TRUE,FALSE,"['B07NHWRHKJ', 'B07KMKXDNL']",FALSE,,FALSE,,FALSE,,FALSE,,FALSE,,FALSE,,FALSE,FALSE,,Couldn't Map
166521,Can't Steal Our Vibe,2018,TRUE,FALSE,['B07KMJFGBJ'],FALSE,,FALSE,,FALSE,,FALSE,,FALSE,,FALSE,,FALSE,FALSE,,Couldn't Map
167380,Various Artists - Africa Unite,2017,TRUE,FALSE,['B07M871V6K'],FALSE,,FALSE,,FALSE,,FALSE,,FALSE,,FALSE,,FALSE,FALSE,,Couldn't Map
167422,Fall Out Boy - Soundcheck 2007,2017,TRUE,FALSE,['B07LH2J791'],FALSE,,FALSE,,FALSE,,FALSE,,FALSE,,FALSE,,FALSE,FALSE,,Couldn't Map
167529,Various Artists - One More For the Fans: Celebrating The Songs & Music of Lynyrd Skynyrd,2014,TRUE,FALSE,['B07M5C7VKQ'],FALSE,,FALSE,,FALSE,,FALSE,,FALSE,,FALSE,,FALSE,FALSE,,Couldn't Map
167595,Luciano Pavarotti - Christmas at Notre Dame,1978,TRUE,FALSE,['B07LH1LFMF'],FALSE,,FALSE,,FALSE,,FALSE,,FALSE,,FALSE,,FALSE,FALSE,,Couldn't Map
154060,Green Card,2017,TRUE,FALSE,['B07M9LLR2N'],FALSE,,FALSE,,FALSE,,FALSE,,FALSE,,FALSE,,FALSE,FALSE,,Couldn't Map
166510,The Ladybug,2018,TRUE,FALSE,['B07KMJZYPW'],FALSE,,FALSE,,FALSE,,FALSE,,FALSE,,FALSE,,FALSE,FALSE,,Couldn't Map
167817,Trust,2018,TRUE,FALSE,"['B07LGJ2GCL', 'B07LGFX1JG']",FALSE,,FALSE,,FALSE,,FALSE,,FALSE,,FALSE,,FALSE,FALSE,,Couldn't Map
167857,hillbilly,2018,TRUE,FALSE,['B07MBP3TPX'],FALSE,,FALSE,,FALSE,,FALSE,,FALSE,,FALSE,,FALSE,FALSE,,Couldn't Map
167864,Comedy InvAsian - Amy Hill,2019,TRUE,FALSE,['B07KQNSSBJ'],FALSE,,FALSE,,FALSE,,FALSE,,FALSE,,FALSE,,FALSE,FALSE,,Couldn't Map
165844,Joker,2016,TRUE,FALSE,['B06XB79BVD'],FALSE,,FALSE,,FALSE,,FALSE,,FALSE,,FALSE,,FALSE,FALSE,,Couldn't Map
167981,Silk,1986,TRUE,FALSE,['B07MSJ3QXM'],FALSE,,FALSE,,FALSE,,FALSE,,FALSE,,FALSE,,FALSE,FALSE,,Couldn't Map
168002,Fearless Hyena Part II,1983,TRUE,FALSE,['B07MV1CWM9'],FALSE,,FALSE,,FALSE,,FALSE,,FALSE,,FALSE,,FALSE,FALSE,,Couldn't Map
120527,The Kid from Texas,1959,TRUE,FALSE,,FALSE,['30142'],FALSE,,FALSE,,FALSE,,FALSE,,FALSE,,FALSE,FALSE,,Couldn't Map
168130,Arcadia,2017,TRUE,FALSE,"['B07KNCCGT3', 'B07KNBZ1LB']",FALSE,,FALSE,,FALSE,,FALSE,,FALSE,,FALSE,,FALSE,FALSE,,Couldn't Map
168179,The Passion,2018,TRUE,FALSE,"['B07HLRMZ6T', 'B07HLVXZD8']",FALSE,,FALSE,,FALSE,,FALSE,,FALSE,,FALSE,,FALSE,FALSE,,Couldn't Map
12929,Yaariyan,2008,TRUE,FALSE,"['B07NBXBTQ7', 'B07NBXBTQ7']",FALSE,,FALSE,,FALSE,,FALSE,,FALSE,,FALSE,,FALSE,FALSE,,Couldn't Map
168329,The End?,2018,TRUE,FALSE,['B07GZ4Y5WV'],FALSE,,FALSE,,FALSE,,FALSE,,FALSE,,FALSE,,FALSE,FALSE,,Couldn't Map
1676,David Cross: Let America Laugh,2003,TRUE,FALSE,,FALSE,,FALSE,,FALSE,,FALSE,,FALSE,,FALSE,['372705947'],FALSE,FALSE,,Couldn't Map
168520,Snow White,1965,TRUE,FALSE,"['B07MZG81ML', 'B07MZG81ML']",FALSE,,FALSE,,FALSE,,FALSE,,FALSE,,FALSE,,FALSE,FALSE,,Couldn't Map
