Hulu_id,Rovi_id,movie_name,release_year,projectx_id_rovi,projectx_id_Hulu,Dev_Hulu_px_mapped,Dev_rovi_px_mapped,another_rovi_id_present,another_Hulu_id_present,variant_present,Comment,Result of mapping,gb_id_present,vudu_id_present
1514676,2467209,White Night Wedding,2008,82504,82504,,,,,,Pass,Pass,,
1514662,2190351,Dans Paris,2006,73989,73989,,,,,,Pass,Pass,,
1514675,11938581,Vampires,2010,660635,660635,,,,,,Pass,Pass,,
1514157,17998962,The Time That Remains,2009,748330,748330,,,,,,Pass,Pass,,
1514674,11739149,The Myth of the American Sleepover,2010,135152,135152,,,,,,Pass,Pass,,
1514131,1811317,Turtles Can Fly,2004,143141,143141,,,,,,Pass,Pass,,
1514156,8874237,The Overbrook Brothers,2009,769938,769938,,,,,,Pass,Pass,,
1514155,2382479,Rain ,2008,49640,1082858,"[{'1082858': 'rovi_id:6707337291,Map_reason:{""titleMapType"":""Exact"",""titleScore"":1.0,""releaseDateMatch"":true,""airDateMatch"":false,""ottMatch"":0.0,""creditCount"":25,""totalScore"":0.0,""LanguageMatch"":true,""creditWeight"":0.5}'}, {'gb_id': '65775'}, {'source_id': '1514155,Map_reason:{""color"":0,""language"":0,""credits"":0,""directors"":0,""part_names"":0,""episode_titles"":0,""genres"":0,""amazon"":0,""netflix"":0,""hulu"":0,""hbo"":0,""showtime"":0,""vudu"":0,""episode_airdates"":0,""season_count"":0,""genres_missing"":1,""credits_missing"":1,""directors_missing"":1,""part_names_missing"":1,""release_year"":1.0,""run_time"":0,""release_year_diff"":0,""release_year_missing"":0,""run_time_diff"":778,""run_time_missing"":0,""levenshtein_titles"":1.0,""cosine_titles"":1.0,""partial_titles"":1,""id_1"":""projectx:1082858"",""id_2"":""hulu:1514155"",""score"":2.9}'}]","[{'49640': 'rovi_id:2382479,Map_reason:{""titleMapType"":""Partial"",""titleScore"":0.6,""releaseDateMatch"":true,""airDateMatch"":false,""ottMatch"":0.0,""creditCount"":44,""totalScore"":0.0,""LanguageMatch"":true,""creditWeight"":0.5}'}]",True,,False,Fail,Fail,True,False
1514063,1567766,The Chateau,2001,623921,623921,,,,,,Pass,Pass,,
1514121,17236432,Someone Else,2006,741653,741653,,,,,,Pass,Pass,,
1514115,18206339,We Are What We Are,2010,84287,84287,,,,,,Pass,Pass,,
1514113,10755593,Puzzle ,2009,76498,14565900,"[{'source_id': '1514113,Map_reason:new'}]","[{'76498': 'rovi_id:10755593,Map_reason:{""titleMapType"":""Exact"",""titleScore"":1.0,""releaseDateMatch"":false,""airDateMatch"":false,""ottMatch"":0.0,""creditCount"":30,""totalScore"":0.0,""LanguageMatch"":false,""creditWeight"":0.5}'}, {'gb_id': '70993'}]",,,False,Fail,Fail,True,False
1514103,18902401,The Princess of Montpensier,2010,758952,14565908,"[{'source_id': '1514103,Map_reason:new'}]","[{'758952': 'rovi_id:18902401,Map_reason:{""titleMapType"":""Exact"",""titleScore"":1.0,""releaseDateMatch"":true,""airDateMatch"":false,""ottMatch"":0.0,""creditCount"":180,""totalScore"":0.0,""LanguageMatch"":true,""creditWeight"":0.5}'}, {'gb_id': '5530'}]",,,False,Fail,Fail,True,False
1514110,1496943429,Stung,2015,154289,154289,,,,,,Pass,Pass,,
1514108,17867302,Accomplices,2009,745162,745162,,,,,,Pass,Pass,,
1513918,17708329,A Year Ago in Winter,2008,744031,744031,,,,,,Pass,Pass,,
1514107,19927982,Walk Away Renee,2011,770603,770603,,,,,,Pass,Pass,,
1514109,2417427,Unmade Beds,2009,647685,647685,,,,,,Pass,Pass,,
1512699,6811150596,The Standoff at Sparrow Creek,2018,1086396,1086396,,,,,,Pass,Pass,,
1512702,6387395369,The Man Who Killed Hitler and Then the Bigfoot,2018,12297221,12297221,,,,,,Pass,Pass,,
1511359,13022421,The Appeared,2007,722957,14565927,"[{'source_id': '1511359,Map_reason:new'}]","[{'722957': 'rovi_id:13022421,Map_reason:{""titleMapType"":""Exact"",""titleScore"":1.0,""releaseDateMatch"":true,""airDateMatch"":false,""ottMatch"":0.0,""creditCount"":144,""totalScore"":0.0,""LanguageMatch"":true,""creditWeight"":0.5}'}, {'gb_id': '120360'}]",,,False,Fail,Fail,True,False
1512620,13050324,Johnny Mad Dog,2008,725007,725007,,,,,,Pass,Pass,,
1511358,1180776327,Manglehorn,2014,162961,162961,,,,,,Pass,Pass,,
1513547,17075175,Leaving ,2009,741199,741199,,,,,,Pass,Pass,,
1512622,1389712061,Hellions,2015,886586,886586,,,,,,Pass,Pass,,
1512619,12248440,Death Bell,2008,668495,668495,,,,,,Pass,Pass,,
1512615,385019,Faintheart,2008,563308,563308,,,,,,Pass,Pass,,
1510313,1496943411,Killing Them Safely,2015,950447,950447,,,,,,Pass,Pass,,
1512616,1843847348,Evolution ,2015,967639,967639,,,,,,Pass,Pass,,
1508314,422533,Letters to Juliet,2010,96987,96987,,,,,,Pass,Pass,,
1513543,5278707780,I Remember You ,2017,1042644,1042644,,,,,,Pass,Pass,,
1513545,8875211,Bunny and the Bull,2009,651890,651890,,,,,,Pass,Pass,,
1512613,1814523174,The Childhood of a Leader,2015,150582,150582,,,,,,Pass,Pass,,
1512611,4055769191,Beyond the Gates,2016,1003195,1003195,,,,,,Pass,Pass,,
1508610,1908781,Prime,2005,75655,75655,,,,,,Pass,Pass,,
1518257,425995,A Little Princess,1995,56689,81794,"[{'81794': 'rovi_id:453714,Map_reason:{""titleMapType"":""Exact"",""titleScore"":1.0,""releaseDateMatch"":false,""airDateMatch"":false,""ottMatch"":0.0,""creditCount"":480,""totalScore"":0.0,""LanguageMatch"":true,""creditWeight"":0.5}'}, {'gb_id': '47609'}, {'vudu_id': '9090'}, {'source_id': '1518257,Map_reason:{""color"":0,""language"":1,""credits"":0,""directors"":0,""part_names"":0,""episode_titles"":0,""genres"":0,""amazon"":0,""netflix"":0,""hulu"":0,""hbo"":0,""showtime"":0,""vudu"":0,""episode_airdates"":0,""season_count"":0,""genres_missing"":1,""credits_missing"":1,""directors_missing"":1,""part_names_missing"":1,""release_year"":1.0,""run_time"":0,""release_year_diff"":0,""release_year_missing"":0,""run_time_diff"":159,""run_time_missing"":0,""levenshtein_titles"":1.0,""cosine_titles"":1.0,""partial_titles"":1,""id_1"":""projectx:81794"",""id_2"":""hulu:1518257"",""score"":3.2}'}]","[{'56689': 'rovi_id:425995,Map_reason:not found in projectx'}, {'gb_id': '35896'}]",True,,False,Fail,Fail,True,True
1508609,1748848,The Polar Express,2004,95246,95246,,,,,,Pass,Pass,,
1500749,6474367848,Out of Blue,2018,12788270,14015879,"[{'gb_id': '169515'}, {'source_id': '1500749,Map_reason:{""color"":1,""language"":1,""credits"":0,""directors"":0,""part_names"":0,""episode_titles"":0,""genres"":0,""amazon"":0,""netflix"":0,""hulu"":0,""hbo"":0,""showtime"":0,""vudu"":0,""episode_airdates"":0,""season_count"":0,""genres_missing"":1,""credits_missing"":1,""directors_missing"":1,""part_names_missing"":1,""release_year"":0.9,""run_time"":0,""release_year_diff"":1,""release_year_missing"":0,""run_time_diff"":7,""run_time_missing"":0,""levenshtein_titles"":1.0,""cosine_titles"":1.0,""partial_titles"":1,""id_1"":""projectx:14015879"",""id_2"":""hulu:1500749"",""score"":3.18}'}]","[{'12788270': 'rovi_id:6474367848,Map_reason:{""titleMapType"":""Exact"",""titleScore"":1.0,""releaseDateMatch"":false,""airDateMatch"":false,""ottMatch"":0.0,""creditCount"":0,""totalScore"":0.0,""LanguageMatch"":false,""creditWeight"":0.0}'}]",,,False,Fail,Fail,True,False
1507676,5961295406,Diane ,2018,1063104,1063104,,,,,,Pass,Pass,,
1505930,1220799,Rules of Engagement,2000,58328,58328,,,,,,Pass,Pass,,
1508092,2324938,88 Minutes,2007,73711,73711,,,,,,Pass,Pass,,
1513952,1483520,Minority Report ,2002,62253,62253,,,,,,Pass,Pass,,
1515213,6957814134,The Brink ,2019,13497663,13559723,"[{'13559723': 'rovi_id:18842440,Map_reason:{""titleMapType"":""Exact"",""titleScore"":1.0,""releaseDateMatch"":false,""airDateMatch"":false,""ottMatch"":0.0,""creditCount"":17,""totalScore"":0.0,""LanguageMatch"":false,""creditWeight"":0.5}'}, {'source_id': '1515213,Map_reason:{""color"":0,""language"":1,""credits"":0,""directors"":0,""part_names"":0,""episode_titles"":0,""genres"":0,""amazon"":0,""netflix"":0,""hulu"":0,""hbo"":0,""showtime"":0,""vudu"":0,""episode_airdates"":0,""season_count"":0,""genres_missing"":1,""credits_missing"":1,""directors_missing"":1,""part_names_missing"":1,""release_year"":1.0,""run_time"":0,""release_year_diff"":0,""release_year_missing"":0,""run_time_diff"":4811,""run_time_missing"":0,""levenshtein_titles"":1.0,""cosine_titles"":1.0,""partial_titles"":1,""id_1"":""projectx:13559723"",""id_2"":""hulu:1515213"",""score"":3.2}'}]","[{'13497663': 'rovi_id:6957814134,Map_reason:not found in projectx'}, {'vudu_id': '1141185'}, {'gb_id': '171270'}]",True,,False,Fail,Fail,True,True
1505928,1464849,The Sum of All Fears,2002,81656,81656,,,,,,Pass,Pass,,
1513954,2474977,Into the Blue 2: The Reef,2009,6839,6839,,,,,,Pass,Pass,,
1512163,6503915010,Terror in the Woods,2018,496828,496828,,,,,,Pass,Pass,,
1512163,6503915010,Terror in the Woods,2018,496828,496828,,,,,,Pass,Pass,,
1512006,6790565728,Stalked By My Patient,2018,1085713,1085713,,,,,,Pass,Pass,,
1484441,5845478904,Swimming With Men,2018,1081912,1081912,,,,,,Pass,Pass,,
1486636,982759650,Mission: Impossible III,2006,73246,73246,,,,,,Pass,Pass,,
1483746,5323108016,DriverX,2017,1081783,1081783,,,,,,Pass,Pass,,
1487174,2228679,Good Luck Chuck,2007,76707,76707,,,,,,Pass,Pass,,
1508316,2352100,My Best Friend's Girl,2008,82973,82973,,,,,,Pass,Pass,,
1508317,865745523,Cooties,2014,149366,149366,,,,,,Pass,Pass,,
1481091,1093136,Billboard Dad,1998,2923,2923,,,,,,Pass,Pass,,
1496608,1220203,Dragonheart: A New Beginning,2000,3351,3351,,,,,,Pass,Pass,,
1499948,2121961,The Good Shepherd,2006,72609,72609,,,,,,Pass,Pass,,
1496606,472560,Kindergarten Cop,1990,989597,989597,,,,,,Pass,Pass,,
1492615,422594,Dragonheart,1996,60894,60894,,,,,,Pass,Pass,,
1492613,430975,Dante's Peak,1997,56230,56230,,,,,,Pass,Pass,,
1496603,6398022002,Vox Lux,2018,1074734,1074734,,,,,,Pass,Pass,,
1477689,7347673373,All That We Destroy,2019,13824865,13759884,"[{'source_id': '1477689,Map_reason:{""color"":1,""language"":1,""credits"":0,""directors"":0,""part_names"":0,""episode_titles"":0,""genres"":0,""amazon"":0,""netflix"":0,""hulu"":0,""hbo"":0,""showtime"":0,""vudu"":0,""episode_airdates"":0,""season_count"":0,""genres_missing"":1,""credits_missing"":1,""directors_missing"":1,""part_names_missing"":1,""release_year"":1.0,""run_time"":0,""release_year_diff"":0,""release_year_missing"":0,""run_time_diff"":0,""run_time_missing"":1,""levenshtein_titles"":1.0,""cosine_titles"":1.0,""partial_titles"":1,""id_1"":""projectx:13759884"",""id_2"":""hulu:1477689"",""score"":3.2}'}, {'gb_id': '170456'}]","[{'13824865': 'rovi_id:7347673373,Map_reason:{""titleMapType"":""Exact"",""titleScore"":1.0,""releaseDateMatch"":true,""airDateMatch"":false,""ottMatch"":0.0,""creditCount"":0,""totalScore"":0.0,""LanguageMatch"":true,""creditWeight"":0.0}'}]",,,False,Fail,Fail,True,False
1493283,6451907279,Vice ,2018,173367,173367,,,,,,Pass,Pass,,
1492612,402343,Straw Dogs,2011,97442,97442,,,,,,Pass,Pass,,
1496602,2397023,District 9,2009,86450,86450,,,,,,Pass,Pass,,
1496602,2397023,District 9,2009,86450,86450,,,,,,Pass,Pass,,
1479390,6413387683,The Clovehitch Killer,2018,1081456,1081456,,,,,,Pass,Pass,,
1482695,6565427631,Astral,2018,356752,356752,,,,,,Pass,Pass,,
1492617,1022080348,Semi-Pro,2008,76026,76026,,,,,,Pass,Pass,,
1485523,1074247,The Lonely Man,1957,585410,585410,,,,,,Pass,Pass,,
1479878,982759672,True Grit ,2010,92501,14618600,"[{'source_id': '1479878,Map_reason:new'}]","[{'92501': 'rovi_id:982759672,Map_reason:{""titleMapType"":""Exact"",""titleScore"":1.0,""releaseDateMatch"":false,""airDateMatch"":false,""ottMatch"":0.0,""creditCount"":192,""totalScore"":0.0,""LanguageMatch"":true,""creditWeight"":0.5}'}, {'gb_id': '5611'}, {'vudu_id': '181789'}]",,,False,Fail,Fail,True,True
1476662,13489080,Fair Game,2010,89071,1460421,"[{'1460421': 'rovi_id:10308266,Map_reason:{""titleMapType"":""Exact"",""titleScore"":1.0,""releaseDateMatch"":true,""airDateMatch"":false,""ottMatch"":0.0,""creditCount"":100,""totalScore"":0.0,""LanguageMatch"":false,""creditWeight"":0.5}'}, {'source_id': '1476662,Map_reason:{""color"":0,""language"":1,""credits"":0,""directors"":0,""part_names"":0,""episode_titles"":0,""genres"":0,""amazon"":0,""netflix"":0,""hulu"":0,""hbo"":0,""showtime"":0,""vudu"":0,""episode_airdates"":0,""season_count"":0,""genres_missing"":1,""credits_missing"":1,""directors_missing"":1,""part_names_missing"":1,""release_year"":1,""run_time"":0,""release_year_diff"":0,""release_year_missing"":0,""run_time_diff"":2860,""run_time_missing"":0,""levenshtein_titles"":1.0,""cosine_titles"":1.0,""partial_titles"":1,""id_1"":""projectx:1460421"",""id_2"":""hulu:1476662"",""score"":3.2}'}]","[{'89071': 'rovi_id:13489080,Map_reason:{""titleMapType"":""Exact"",""titleScore"":1.0,""releaseDateMatch"":false,""airDateMatch"":false,""ottMatch"":0.0,""creditCount"":212,""totalScore"":0.0,""LanguageMatch"":true,""creditWeight"":0.5}'}, {'gb_id': '60661'}, {'vudu_id': '181794'}]",True,,False,Fail,Fail,True,True
1469861,18791972,Waiting...,2005,67352,634155,"[{'634155': 'rovi_id:1898253,Map_reason:{""titleMapType"":""Exact"",""titleScore"":1.0,""releaseDateMatch"":true,""airDateMatch"":false,""ottMatch"":0.0,""creditCount"":825,""totalScore"":0.0,""LanguageMatch"":true,""creditWeight"":0.5}'}, {'source_id': '1469861,Map_reason:{""color"":0,""language"":1,""credits"":0,""directors"":0,""part_names"":0,""episode_titles"":0,""genres"":0,""amazon"":0,""netflix"":0,""hulu"":0,""hbo"":0,""showtime"":0,""vudu"":0,""episode_airdates"":0,""season_count"":0,""genres_missing"":1,""credits_missing"":1,""directors_missing"":1,""part_names_missing"":1,""release_year"":1.0,""run_time"":0,""release_year_diff"":0,""release_year_missing"":0,""run_time_diff"":2034,""run_time_missing"":0,""levenshtein_titles"":1.0,""cosine_titles"":1.0,""partial_titles"":1,""id_1"":""projectx:634155"",""id_2"":""hulu:1469861"",""score"":3.2}'}]","[{'67352': 'rovi_id:18791972,Map_reason:{""titleMapType"":""Partial"",""titleScore"":0.6,""releaseDateMatch"":false,""airDateMatch"":false,""ottMatch"":0.0,""creditCount"":48,""totalScore"":0.0,""LanguageMatch"":true,""creditWeight"":0.5}'}, {'gb_id': '48303'}, {'vudu_id': '7585'}]",True,,False,Fail,Fail,True,True
1476579,10146729,The Ghost Writer,2010,88587,88587,,,,,,Pass,Pass,,
1479872,982759665,No Strings Attached,2011,91138,91138,,,,,,Pass,Pass,,
1483744,6594254453,Backtrace,2018,1080605,1080605,,,,,,Pass,Pass,,
1483745,1064713201,Tracers,2015,139949,139949,,,,,,Pass,Pass,,
1515212,6071120549,Woman at War,2019,12787398,12787398,,,,,,Pass,Pass,,
1479874,4804593072,The Spy Who Dumped Me,2018,169043,169043,,,,,,Pass,Pass,,
1479875,5629590317,Juliet Naked,2018,171062,171062,,,,,,Pass,Pass,,
1479876,18890990,Jackass 3,2010,89177,89177,,,,,,Pass,Pass,,
1485522,5809888780,I Still See You,2018,1074538,1074538,,,,,,Pass,Pass,,
1476578,17610289,Along Came a Spider,2001,66716,66716,,,,,,Pass,Pass,,
1465776,6232659312,The Oath ,2018,1079932,1079932,,,,,,Pass,Pass,,
1476656,1474691,Spirit: Stallion of the Cimarron,2002,61733,61733,,,,,,Pass,Pass,,
1476736,428643,12 Monkeys ,1996,12258378,12258378,,,,,,Pass,Pass,,
1512634,17853671,Drop Dead Gorgeous ,1999,744932,65968,"[{'65968': 'rovi_id:1146003,Map_reason:{""titleMapType"":""Exact"",""titleScore"":1.0,""releaseDateMatch"":false,""airDateMatch"":false,""ottMatch"":0.0,""creditCount"":112,""totalScore"":0.0,""LanguageMatch"":true,""creditWeight"":0.5}'}, {'gb_id': '58966'}, {'source_id': '1512634,Map_reason:{""color"":0.0,""language"":1.0,""credits"":0.0,""directors"":0.0,""part_names"":0.0,""episode_titles"":0.0,""genres"":0.0,""amazon"":0.0,""netflix"":0.0,""hulu"":0.0,""hbo"":0.0,""showtime"":0.0,""vudu"":0.0,""episode_airdates"":0.0,""season_count"":0.0,""genres_missing"":1.0,""credits_missing"":1.0,""directors_missing"":1.0,""part_names_missing"":1.0,""release_year"":1.0,""run_time"":0.0,""release_year_diff"":0.0,""release_year_missing"":0.0,""run_time_diff"":8.0,""run_time_missing"":0.0,""levenshtein_titles"":1.0,""cosine_titles"":1.0,""partial_titles"":1.0,""score"":3.2}'}]","[{'744932': 'rovi_id:17853671,Map_reason:{""titleMapType"":""Exact"",""titleScore"":1.0,""releaseDateMatch"":false,""airDateMatch"":false,""ottMatch"":0.0,""creditCount"":189,""totalScore"":0.0,""LanguageMatch"":true,""creditWeight"":0.5}'}, {'gb_id': '6717'}]",True,,False,Fail,Fail,True,False
1465042,6129758653,Destroyer ,2018,173319,867301,"[{'867301': 'rovi_id:1183541515,Map_reason:{""titleMapType"":""Exact"",""titleScore"":1.0,""releaseDateMatch"":false,""airDateMatch"":false,""ottMatch"":0.0,""creditCount"":5,""totalScore"":0.0,""LanguageMatch"":true,""creditWeight"":0.5}'}, {'source_id': '1465042,Map_reason:{""color"":0,""language"":1,""credits"":0,""directors"":0,""part_names"":0,""episode_titles"":0,""genres"":0,""amazon"":0,""netflix"":0,""hulu"":0,""hbo"":0,""showtime"":0,""vudu"":0,""episode_airdates"":0,""season_count"":0,""genres_missing"":1,""credits_missing"":1,""directors_missing"":1,""part_names_missing"":1,""release_year"":0.9,""run_time"":0,""release_year_diff"":1,""release_year_missing"":0,""run_time_diff"":0,""run_time_missing"":1,""levenshtein_titles"":1.0,""cosine_titles"":1.0,""partial_titles"":1,""id_1"":""projectx:867301"",""id_2"":""hulu:1465042"",""score"":3.18}'}]","[{'173319': 'rovi_id:6129758653,Map_reason:{""titleMapType"":""Partial"",""titleScore"":0.6,""releaseDateMatch"":false,""airDateMatch"":false,""ottMatch"":0.0,""creditCount"":198,""totalScore"":0.0,""LanguageMatch"":true,""creditWeight"":0.5}'}, {'gb_id': '168313'}, {'vudu_id': '1037362'}]",True,,False,Fail,Fail,True,True
1499947,1269222,Highlander: Endgame,2000,55556,55556,,,,,,Pass,Pass,,
1476658,6518276889,Laddie: The Man Behind The Movies,2019,12964876,12964876,,,,,,Pass,Pass,,
1476657,1184141,Passport To Paris,1999,2978,2978,,,,,,Pass,Pass,,
1476652,1128285,Switching Goals,1999,34920,34920,,,,,,Pass,Pass,,
1499949,1135345,A Walk on the Moon,1999,59478,59478,,,,,,Pass,Pass,,
1499950,427767,Marvin's Room,1996,56308,56308,,,,,,Pass,Pass,,
1492609,1213116,Reindeer Games,2000,82206,82206,,,,,,Pass,Pass,,
1492611,1990312,Kinky Boots,2005,72565,72565,,,,,,Pass,Pass,,
1482467,422666,Beautiful Girls,1996,49856,49856,,,,,,Pass,Pass,,
1484811,1449813,Iris ,2002,67749,67749,,,,,,Pass,Pass,,
1460086,7034770964,I'm Just F*cking With You,2019,13581752,13581752,,,,,,Pass,Pass,,
1470741,6024145117,Border,2018,1067793,1081012,"[{'1081012': 'rovi_id:6126485310,Map_reason:{""titleMapType"":""Exact"",""titleScore"":1.0,""releaseDateMatch"":true,""airDateMatch"":false,""ottMatch"":0.0,""creditCount"":513,""totalScore"":0.0,""LanguageMatch"":true,""creditWeight"":0.5}'}, {'source_id': '1470741,Map_reason:{""color"":0,""language"":0,""credits"":0,""directors"":0,""part_names"":0,""episode_titles"":0,""genres"":0,""amazon"":0,""netflix"":0,""hulu"":0,""hbo"":0,""showtime"":0,""vudu"":0,""episode_airdates"":0,""season_count"":0,""genres_missing"":1,""credits_missing"":1,""directors_missing"":1,""part_names_missing"":1,""release_year"":1.0,""run_time"":0,""release_year_diff"":0,""release_year_missing"":0,""run_time_diff"":3348,""run_time_missing"":0,""levenshtein_titles"":1.0,""cosine_titles"":1.0,""partial_titles"":1,""id_1"":""projectx:1081012"",""id_2"":""hulu:1470741"",""score"":2.9}'}]","[{'1067793': 'rovi_id:6024145117,Map_reason:{""titleMapType"":""Exact"",""titleScore"":1.0,""releaseDateMatch"":false,""airDateMatch"":false,""ottMatch"":0.0,""creditCount"":2,""totalScore"":0.0,""LanguageMatch"":true,""creditWeight"":0.5}'}, {'gb_id': '165970'}, {'vudu_id': '1010557'}]",True,,False,Fail,Fail,True,True
1491114,6625386190,Bernie the Dolphin,2018,1080692,1080692,,,,,,Pass,Pass,,
1478875,17891615,Zombieland,2009,87765,87765,,,,,,Pass,Pass,,
1476654,2397120,Julie & Julia,2009,85252,85252,,,,,,Pass,Pass,,
1465799,4933767950,Action Point,2018,1026535,1026535,,,,,,Pass,Pass,,
1470729,6518130692,Don't Go,2018,1077575,1077575,,,,,,Pass,Pass,,
1452695,6514264080,Tea with the Dames,2018,1077424,14403050,"[{'gb_id': '165134'}, {'vudu_id': '986887'}, {'source_id': '1452695,Map_reason:{""color"":1.0,""language"":1.0,""credits"":0.0,""directors"":0.0,""part_names"":0.0,""episode_titles"":0.0,""genres"":0.0,""amazon"":0.0,""netflix"":0.0,""hulu"":0.0,""hbo"":0.0,""showtime"":0.0,""vudu"":0.0,""episode_airdates"":0.0,""season_count"":0.0,""genres_missing"":1.0,""credits_missing"":1.0,""directors_missing"":1.0,""part_names_missing"":1.0,""release_year"":1.0,""run_time"":0.0,""release_year_diff"":0.0,""release_year_missing"":0.0,""run_time_diff"":0.0,""run_time_missing"":1.0,""levenshtein_titles"":1.0,""cosine_titles"":1.0,""partial_titles"":1.0,""score"":3.2}'}]","[{'1077424': 'rovi_id:6514264080,Map_reason:{""titleMapType"":""Exact"",""titleScore"":1.0,""releaseDateMatch"":true,""airDateMatch"":false,""ottMatch"":0.0,""creditCount"":57,""totalScore"":0.0,""LanguageMatch"":true,""creditWeight"":0.5}'}, {'gb_id': '168836'}]",,,False,Fail,Fail,True,True
1465791,865745537,Dinosaur 13,2014,166633,166633,,,,,,Pass,Pass,,
1465796,982759667,Morning Glory,2010,119639,119639,,,,,,Pass,Pass,,
1465794,333130,The Yellow Handkerchief,2008,139016,139016,,,,,,Pass,Pass,,
1465792,9715568,The Romantics,2010,101098,101098,,,,,,Pass,Pass,,
1465778,6501848601,Pledge,2018,1086764,2723519,"[{'2723519': 'rovi_id:5423986493,Map_reason:{""titleMapType"":""Exact"",""titleScore"":1.0,""releaseDateMatch"":false,""airDateMatch"":false,""ottMatch"":0.0,""creditCount"":3,""totalScore"":0.0,""LanguageMatch"":true,""creditWeight"":0.5}'}, {'source_id': '1465778,Map_reason:{""color"":0,""language"":1,""credits"":0,""directors"":0,""part_names"":0,""episode_titles"":0,""genres"":0,""amazon"":0,""netflix"":0,""hulu"":0,""hbo"":0,""showtime"":0,""vudu"":0,""episode_airdates"":0,""season_count"":0,""genres_missing"":1,""credits_missing"":1,""directors_missing"":1,""part_names_missing"":1,""release_year"":1,""run_time"":0,""release_year_diff"":0,""release_year_missing"":0,""run_time_diff"":0,""run_time_missing"":1,""levenshtein_titles"":1.0,""cosine_titles"":1.0,""partial_titles"":1,""id_1"":""projectx:2723519"",""id_2"":""hulu:1465778"",""score"":3.2}'}]","[{'1086764': 'rovi_id:6501848601,Map_reason:{""titleMapType"":""Exact"",""titleScore"":1.0,""releaseDateMatch"":false,""airDateMatch"":false,""ottMatch"":0.0,""creditCount"":0,""totalScore"":0.0,""LanguageMatch"":true,""creditWeight"":0.0}'}, {'gb_id': '163637'}, {'vudu_id': '1023914'}]",True,,False,Fail,Fail,True,True
1451734,6074696714,If Beale Street Could Talk,2018,1072804,1072804,,,,,,Pass,Pass,,
1453331,6174520011,Weightless,2017,1080718,1080718,,,,,,Pass,Pass,,
1453330,6424896823,Air Strike,2018,173080,173080,,,,,,Pass,Pass,,
1514102,5612711631,Lords of Chaos,2018,1060091,1060091,,,,,,Pass,Pass,,
1514047,6108438189,Prospect,2018,1068099,1068099,,,,,,Pass,Pass,,
1461033,1209670,Beethoven's 3rd,2000,3845,3845,,,,,,Pass,Pass,,
1454655,465190,Beethoven's 2nd,1993,63203,63203,,,,,,Pass,Pass,,
1454654,435579,Beethoven,1992,79159,79159,,,,,,Pass,Pass,,
1453328,9715347,Waiting for Superman,2010,97918,97918,,,,,,Pass,Pass,,
1466487,1461129042,Steve Jobs: The Man in the Machine,2015,[149674],Nil,,,,,,No ingestion of source_id,Fail,,
1454388,5629590201,Monsters and Men,2018,1058947,1058947,,,,,,Pass,Pass,,
1453329,17894125,The Next Three Days,2010,88126,88126,,,,,,Pass,Pass,,
1515053,4270178497,The Last Word ,2017,165892,165892,,,,,,Pass,Pass,,
1445969,6405260512,Where Hands Touch,2018,1076703,1076703,,,,,,Pass,Pass,,
1442933,17892615,Not Another Teen Movie,2001,12266435,12266435,,,,,,Pass,Pass,,
1446590,5853100775,The Party's Just Beginning,2018,1065333,1065333,,,,,,Pass,Pass,,
1453327,982759680,Paranormal Activity 2,2010,85051,85051,,,,,,Pass,Pass,,
1465782,464382,Enchanted April,1992,55816,55816,,,,,,Pass,Pass,,
1456002,942217636,Welcome to the Rileys,2010,109382,109382,,,,,,Pass,Pass,,
1453322,5092590373,Overboard ,2018,168197,168197,,,,,,Pass,Pass,,
1453324,2396949,Case 39,2009,84786,84786,,,,,,Pass,Pass,,
1453323,4955261792,Finding Your Feet,2017,168202,168202,,,,,,Pass,Pass,,
1453326,5760895339,Book Club ,2018,170348,170348,,,,,,Pass,Pass,,
1453332,4933901803,A Quiet Place,2018,12290723,12290723,,,,,,Pass,Pass,,
1441410,7076300825,Treehouse,2019,12940297,14402969,"[{'gb_id': '168911'}, {'source_id': '1441410,Map_reason:{""color"":1.0,""language"":1.0,""credits"":0.0,""directors"":0.0,""part_names"":0.0,""episode_titles"":0.0,""genres"":0.0,""amazon"":0.0,""netflix"":0.0,""hulu"":0.0,""hbo"":0.0,""showtime"":0.0,""vudu"":0.0,""episode_airdates"":0.0,""season_count"":0.0,""genres_missing"":1.0,""credits_missing"":1.0,""directors_missing"":1.0,""part_names_missing"":1.0,""release_year"":1.0,""run_time"":0.0,""release_year_diff"":0.0,""release_year_missing"":0.0,""run_time_diff"":0.0,""run_time_missing"":1.0,""levenshtein_titles"":1.0,""cosine_titles"":1.0,""partial_titles"":1.0,""score"":3.2}'}]","[{'12940297': 'rovi_id:7076300825,Map_reason:not found in projectx'}]",,,False,Fail,Fail,True,False
1438428,5744350371,Lego DC Super Heroes: The Flash,2018,21035,21035,,,,,,Pass,Pass,,
1438427,982760380,Lego Batman: The Movie - DC Super Heroes Unite,2013,14120,13498252,"[{'source_id': '1438427,Map_reason:{""color"":1,""language"":1,""credits"":0,""directors"":0,""part_names"":0,""episode_titles"":0,""genres"":0,""amazon"":0,""netflix"":0,""hulu"":0,""hbo"":0,""showtime"":0,""vudu"":0,""episode_airdates"":0,""season_count"":0,""genres_missing"":1,""credits_missing"":1,""directors_missing"":1,""part_names_missing"":1,""release_year"":1,""run_time"":0,""release_year_diff"":0,""release_year_missing"":0,""run_time_diff"":0,""run_time_missing"":1,""levenshtein_titles"":1.0,""cosine_titles"":1.0,""partial_titles"":1,""id_1"":""projectx:13498252"",""id_2"":""hulu:1438427"",""score"":3.2}'}, {'gb_id': '168912'}]","[{'14120': 'rovi_id:982760380,Map_reason:{""titleMapType"":""Distance"",""titleScore"":0.9761904761904762,""releaseDateMatch"":true,""airDateMatch"":false,""ottMatch"":0.0,""creditCount"":18,""totalScore"":0.0,""LanguageMatch"":true,""creditWeight"":0.5}'}, {'gb_id': '19466'}, {'vudu_id': '422619'}]",,,False,Fail,Fail,True,True
1438427,982760380,Lego Batman: The Movie - DC Super Heroes Unite,2013,14120,13498252,"[{'source_id': '1438427,Map_reason:{""color"":1,""language"":1,""credits"":0,""directors"":0,""part_names"":0,""episode_titles"":0,""genres"":0,""amazon"":0,""netflix"":0,""hulu"":0,""hbo"":0,""showtime"":0,""vudu"":0,""episode_airdates"":0,""season_count"":0,""genres_missing"":1,""credits_missing"":1,""directors_missing"":1,""part_names_missing"":1,""release_year"":1,""run_time"":0,""release_year_diff"":0,""release_year_missing"":0,""run_time_diff"":0,""run_time_missing"":1,""levenshtein_titles"":1.0,""cosine_titles"":1.0,""partial_titles"":1,""id_1"":""projectx:13498252"",""id_2"":""hulu:1438427"",""score"":3.2}'}, {'gb_id': '168912'}]","[{'14120': 'rovi_id:982760380,Map_reason:{""titleMapType"":""Distance"",""titleScore"":0.9761904761904762,""releaseDateMatch"":true,""airDateMatch"":false,""ottMatch"":0.0,""creditCount"":18,""totalScore"":0.0,""LanguageMatch"":true,""creditWeight"":0.5}'}, {'gb_id': '19466'}, {'vudu_id': '422619'}]",,,False,Fail,Fail,True,True
1453306,338746,The Time Traveler's Wife,2009,86214,86214,,,,,,Pass,Pass,,
1453306,338746,The Time Traveler's Wife,2009,86214,86214,,,,,,Pass,Pass,,
1482696,6309123063,Ben Is Back,2018,172699,172699,,,,,,Pass,Pass,,
1461363,6335470150,A Sister's Secret,2018,390172,390172,,,,,,Pass,Pass,,
1461364,5995145315,I KILLED MY BFF: THE PREACHER'S DAUGHTER,2018,32658,32658,,,,,,Pass,Pass,,
1439369,5925833069,Distorted,2018,1063941,1063941,,,,,,Pass,Pass,,
1444163,6290018888,Ouija House,2018,1071149,1071149,,,,,,Pass,Pass,,
1431667,5961295544,Unbanned: The Legend of AJ1,2019,12783558,12783558,,,,,,Pass,Pass,,
1450825,5629590495,Assassination Nation,2018,172423,172423,,,,,,Pass,Pass,,
1452694,7128840020,The Directive,2019,13515567,13523098,"[{'gb_id': '169217'}, {'source_id': '1452694,Map_reason:{""color"":1,""language"":1,""credits"":0,""directors"":0,""part_names"":0,""episode_titles"":0,""genres"":0,""amazon"":0,""netflix"":0,""hulu"":0,""hbo"":0,""showtime"":0,""vudu"":0,""episode_airdates"":0,""season_count"":0,""genres_missing"":1,""credits_missing"":1,""directors_missing"":1,""part_names_missing"":1,""release_year"":1,""run_time"":0,""release_year_diff"":0,""release_year_missing"":0,""run_time_diff"":0,""run_time_missing"":1,""levenshtein_titles"":1.0,""cosine_titles"":1.0,""partial_titles"":1,""id_1"":""projectx:13523098"",""id_2"":""hulu:1452694"",""score"":3.2}'}]","[{'13515567': 'rovi_id:7128840020,Map_reason:{""titleMapType"":""Partial"",""titleScore"":0.6,""releaseDateMatch"":false,""airDateMatch"":false,""ottMatch"":0.0,""creditCount"":0,""totalScore"":0.0,""LanguageMatch"":true,""creditWeight"":0.0}'}]",,,False,Fail,Fail,True,False
1479391,5968529500,The Unicorn,2018,1061010,1061010,,,,,,Pass,Pass,,
1466485,7030138843,We Are Columbine,2018,14402920,14402920,,,,,,Pass,Pass,,
1428604,2397159,Astro Boy ,2009,118944,118944,,,,,,Pass,Pass,,
1448304,6451907024,Free Solo,2018,12297506,12297506,,,,,,Pass,Pass,,
1439731,3266980415,Tickled,2016,966216,966216,,,,,,Pass,Pass,,
1454389,5629590323,Chef Flynn,2018,1081480,1081480,,,,,,Pass,Pass,,
1425214,5768345481,Dog Days ,2018,170858,170858,,,,,,Pass,Pass,,
1423552,7253881792,Down,2019,13716464,12974165,"[{'gb_id': '168283'}, {'source_id': '1423552,Map_reason:{""color"":1,""language"":1,""credits"":0,""directors"":0,""part_names"":0,""episode_titles"":0,""genres"":0,""amazon"":0,""netflix"":0,""hulu"":0,""hbo"":0,""showtime"":0,""vudu"":0,""episode_airdates"":0,""season_count"":0,""genres_missing"":1,""credits_missing"":1,""directors_missing"":1,""part_names_missing"":1,""release_year"":1.0,""run_time"":0,""release_year_diff"":0,""release_year_missing"":0,""run_time_diff"":0,""run_time_missing"":1,""levenshtein_titles"":1.0,""cosine_titles"":1.0,""partial_titles"":1,""id_1"":""projectx:12974165"",""id_2"":""hulu:1423552"",""score"":3.2}'}]","[{'13716464': 'rovi_id:7253881792,Map_reason:{""titleMapType"":""Exact"",""titleScore"":1.0,""releaseDateMatch"":false,""airDateMatch"":false,""ottMatch"":0.0,""creditCount"":2,""totalScore"":0.0,""LanguageMatch"":true,""creditWeight"":0.5}'}]",,,False,Fail,Fail,True,False
1476647,471047,The Sicilian,1987,572683,572683,,,,,,Pass,Pass,,
1470740,1828637728,The Sisters Brothers,2018,931710,931710,,,,,,Pass,Pass,,
1424441,5947976873,Pick of the Litter,2018,1075078,1075078,,,,,,Pass,Pass,,
1433812,4719914590,The Domestics,2018,1018473,1018473,,,,,,Pass,Pass,,
1433808,4990054581,Acrimony,2018,167806,167806,,,,,,Pass,Pass,,
1433806,6782335,Middle Men,2009,100022,100022,,,,,,Pass,Pass,,
1461029,5261621347,Funny Cow,2018,12415954,12415954,,,,,,Pass,Pass,,
1461027,6929027172,Painkillers,2018,12452520,14565760,"[{'source_id': '1461027,Map_reason:new'}]","[{'12452520': 'rovi_id:6929027172,Map_reason:{""titleMapType"":""Exact"",""titleScore"":1.0,""releaseDateMatch"":false,""airDateMatch"":false,""ottMatch"":0.0,""creditCount"":30,""totalScore"":0.0,""LanguageMatch"":true,""creditWeight"":0.5}'}, {'gb_id': '168354'}]",,,False,Fail,Fail,True,False
1461028,6864391908,One Million American Dreams,2018,12419439,12419439,,,,,,Pass,Pass,,
1478423,4698273406,The Last Animals,2017,1029980,1029980,,,,,,Pass,Pass,,
1443820,6133235055,I Dolours,2018,12781439,12781439,,,,,,Pass,Pass,,
1461032,5353940036,Gloves Off,2018,12788392,12788392,,,,,,Pass,Pass,,
1461032,5353940036,Gloves Off,2018,12788392,12788392,,,,,,Pass,Pass,,
1461032,5353940036,Gloves Off,2018,12788392,12788392,,,,,,Pass,Pass,,
1431838,6334565885,The Last Sharknado: It's About Time!,2018,12296937,12296937,,,,,,Pass,Pass,,
1433648,4962802639,Moss ,2018,1069737,1069737,,,,,,Pass,Pass,,
1433810,5173313997,I Can Only Imagine,2018,167416,167416,,,,,,Pass,Pass,,
1423529,5961295396,In a Relationship,2018,1064819,1064819,,,,,,Pass,Pass,,
1424291,1066028,The Reckoning ,2018,580797,27812,"[{'27812': 'rovi_id:19356614,Map_reason:not found in projectx'}, {'source_id': '1424291,Map_reason:{""color"":0.0,""language"":1.0,""credits"":0.0,""directors"":0.0,""part_names"":0.0,""episode_titles"":0.0,""genres"":0.0,""amazon"":0.0,""netflix"":0.0,""hulu"":0.0,""hbo"":0.0,""showtime"":0.0,""vudu"":0.0,""episode_airdates"":0.0,""season_count"":0.0,""genres_missing"":1.0,""credits_missing"":1.0,""directors_missing"":1.0,""part_names_missing"":1.0,""release_year"":0.0,""run_time"":0.0,""release_year_diff"":7.0,""release_year_missing"":0.0,""run_time_diff"":655.0,""run_time_missing"":0.0,""levenshtein_titles"":1.0,""cosine_titles"":1.0,""partial_titles"":1.0}'}]","[{'580797': 'rovi_id:1066028,Map_reason:{""titleMapType"":""Exact"",""titleScore"":1.0,""releaseDateMatch"":false,""airDateMatch"":false,""ottMatch"":0.0,""creditCount"":26,""totalScore"":0.0,""LanguageMatch"":true,""creditWeight"":0.5}'}, {'gb_id': '149360'}]",True,,False,Fail,Fail,True,False
1439725,5629590241,Three Identical Strangers,2018,1069284,1069284,,,,,,Pass,Pass,,
1483749,6832370555,Against the Clock,2019,12317630,12974316,"[{'gb_id': '167903'}, {'source_id': '1483749,Map_reason:{""color"":1,""language"":1,""credits"":0,""directors"":0,""part_names"":0,""episode_titles"":0,""genres"":0,""amazon"":0,""netflix"":0,""hulu"":0,""hbo"":0,""showtime"":0,""vudu"":0,""episode_airdates"":0,""season_count"":0,""genres_missing"":1,""credits_missing"":1,""directors_missing"":1,""part_names_missing"":1,""release_year"":1,""run_time"":0,""release_year_diff"":0,""release_year_missing"":0,""run_time_diff"":0,""run_time_missing"":1,""levenshtein_titles"":1.0,""cosine_titles"":1.0,""partial_titles"":1,""id_1"":""projectx:12974316"",""id_2"":""hulu:1483749"",""score"":3.2}'}]","[{'12317630': 'rovi_id:6832370555,Map_reason:{""titleMapType"":""Exact"",""titleScore"":1.0,""releaseDateMatch"":false,""airDateMatch"":false,""ottMatch"":0.0,""creditCount"":0,""totalScore"":0.0,""LanguageMatch"":true,""creditWeight"":0.0}'}, {'vudu_id': '1023863'}]",,,False,Fail,Fail,True,True
1483743,5961295394,Egg,2019,1064797,12974224,"[{'gb_id': '168037'}, {'source_id': '1483743,Map_reason:{""color"":1,""language"":1,""credits"":0,""directors"":0,""part_names"":0,""episode_titles"":0,""genres"":0,""amazon"":0,""netflix"":0,""hulu"":0,""hbo"":0,""showtime"":0,""vudu"":0,""episode_airdates"":0,""season_count"":0,""genres_missing"":1,""credits_missing"":1,""directors_missing"":1,""part_names_missing"":1,""release_year"":1.0,""run_time"":0,""release_year_diff"":0,""release_year_missing"":0,""run_time_diff"":0,""run_time_missing"":1,""levenshtein_titles"":1.0,""cosine_titles"":1.0,""partial_titles"":1,""id_1"":""projectx:12974224"",""id_2"":""hulu:1483743"",""score"":3.2}'}, {'vudu_id': '1023878'}]","[{'1064797': 'rovi_id:5961295394,Map_reason:{""titleMapType"":""Exact"",""titleScore"":1.0,""releaseDateMatch"":false,""airDateMatch"":false,""ottMatch"":0.0,""creditCount"":139,""totalScore"":0.0,""LanguageMatch"":true,""creditWeight"":0.5}'}]",,,False,Fail,Fail,True,True
1470732,6855388940,Hunting Evil,2019,12363637,12974184,"[{'gb_id': '168251'}, {'source_id': '1470732,Map_reason:{""color"":1.0,""language"":1.0,""credits"":0.0,""directors"":0.0,""part_names"":0.0,""episode_titles"":0.0,""genres"":0.0,""amazon"":0.0,""netflix"":0.0,""hulu"":0.0,""hbo"":0.0,""showtime"":0.0,""vudu"":0.0,""episode_airdates"":0.0,""season_count"":0.0,""genres_missing"":1.0,""credits_missing"":1.0,""directors_missing"":1.0,""part_names_missing"":1.0,""release_year"":1.0,""run_time"":0.0,""release_year_diff"":0.0,""release_year_missing"":0.0,""run_time_diff"":0.0,""run_time_missing"":1.0,""levenshtein_titles"":1.0,""cosine_titles"":1.0,""partial_titles"":1.0,""score"":3.2}'}, {'vudu_id': '1023902'}]","[{'12363637': 'rovi_id:6855388940,Map_reason:not found in projectx'}]",,,False,Fail,Fail,True,True
1470737,6814491463,Beast of the Water,2019,360373,12964846,"[{'gb_id': '168120'}, {'source_id': '1470737,Map_reason:{""color"":1,""language"":1,""credits"":0,""directors"":0,""part_names"":0,""episode_titles"":0,""genres"":0,""amazon"":0,""netflix"":0,""hulu"":0,""hbo"":0,""showtime"":0,""vudu"":0,""episode_airdates"":0,""season_count"":0,""genres_missing"":1,""credits_missing"":1,""directors_missing"":1,""part_names_missing"":1,""release_year"":1,""run_time"":0,""release_year_diff"":0,""release_year_missing"":0,""run_time_diff"":0,""run_time_missing"":1,""levenshtein_titles"":1.0,""cosine_titles"":1.0,""partial_titles"":1,""id_1"":""projectx:12964846"",""id_2"":""hulu:1470737"",""score"":3.2}'}]","[{'360373': 'rovi_id:6814491463,Map_reason:not found in projectx'}, {'vudu_id': '1023881'}]",,,False,Fail,Fail,True,True
1431832,5240482853,Deliver Us,2016,337866,337866,,,,,,Pass,Pass,,
1454386,6662236092,A Frozen New Years,2018,358313,358313,,,,,,Pass,Pass,,
1431833,18544,The Confessions,2016,505796,12961713,"[{'gb_id': '139801'}, {'source_id': '1431833,Map_reason:{""color"":1,""language"":0,""credits"":0,""directors"":0,""part_names"":0,""episode_titles"":0,""genres"":0,""amazon"":0,""netflix"":0,""hulu"":0,""hbo"":0,""showtime"":0,""vudu"":0,""episode_airdates"":0,""season_count"":0,""genres_missing"":1,""credits_missing"":1,""directors_missing"":1,""part_names_missing"":1,""release_year"":1.0,""run_time"":0,""release_year_diff"":0,""release_year_missing"":0,""run_time_diff"":1181,""run_time_missing"":0,""levenshtein_titles"":1.0,""cosine_titles"":1.0,""partial_titles"":1,""id_1"":""projectx:12961713"",""id_2"":""hulu:1431833"",""score"":2.9}'}, {'vudu_id': '815565'}]","[{'505796': 'rovi_id:18544,Map_reason:{""titleMapType"":""Exact"",""titleScore"":1.0,""releaseDateMatch"":false,""airDateMatch"":false,""ottMatch"":0.0,""creditCount"":25,""totalScore"":0.0,""LanguageMatch"":false,""creditWeight"":0.5}'}]",,,False,Fail,Fail,True,True
1449933,6662236096,Trigger ,2016,1081767,1081767,,,,,,Pass,Pass,,
1454385,6662236100,A Cam Life,2018,1081534,1081534,,,,,,Pass,Pass,,
1446284,6662236090,A Frozen Christmas 3,2018,358286,358286,,,,,,Pass,Pass,,
1438921,6625251225,Alpha Wolf,2018,357290,357290,,,,,,Pass,Pass,,
1438924,6316009572,Assassin's Revenge,2018,353789,353789,,,,,,Pass,Pass,,
1438919,6478054131,American Exorcist,2018,355753,355753,,,,,,Pass,Pass,,
1431904,5339143083,Defective,2017,1052640,1052640,,,,,,Pass,Pass,,
1431829,4892166663,Ancient Aliens and the New World Order 2,2016,333732,333732,,,,,,Pass,Pass,,
1431831,6074696924,The Icarus Line Must Die,2017,1068429,1068429,,,,,,Pass,Pass,,
1431843,5699851524,Bad Apples,2018,1052844,1052844,,,,,,Pass,Pass,,
1431845,5805045510,The Lullaby,2018,171337,171337,,,,,,Pass,Pass,,
1412758,549103900,Walking with the Enemy,2013,821659,821659,,,,,,Pass,Pass,,
1431830,4153865266,Goran,2018,1026560,14565744,"[{'source_id': '1431830,Map_reason:new'}]","[{'1026560': 'rovi_id:4153865266,Map_reason:{""titleMapType"":""Partial"",""titleScore"":0.6,""releaseDateMatch"":false,""airDateMatch"":false,""ottMatch"":0.0,""creditCount"":0,""totalScore"":0.0,""LanguageMatch"":true,""creditWeight"":0.0}'}, {'gb_id': '160834'}, {'vudu_id': '953627'}]",,,False,Fail,Fail,True,True
1413996,6939017675,FYRE FRAUD,2019,12457886,12457886,,,,,,Pass,Pass,,
1412632,4743701536,Forever My Girl,2018,168248,168248,,,,,,Pass,Pass,,
1431828,1527048406,The Here After,2015,148528,148528,,,,,,Pass,Pass,,
1432915,6464620643,Mermaid's Song,2015,355404,355404,,,,,,Pass,Pass,,
1434244,4866475325,The Forest of the Lost Souls,2017,1038451,1038451,,,,,,Pass,Pass,,
1428185,6011763954,All Square,2018,1062460,1062460,,,,,,Pass,Pass,,
1419009,6315033032,Cruise,2018,1071498,1071498,,,,,,Pass,Pass,,
1439729,6478054103,The School ,2018,1076336,1076336,,,,,,Pass,Pass,,
1415665,6405252635,The Pagan King,2018,21610,21610,,,,,,Pass,Pass,,
1414957,4767876814,Death Wish,2018,164847,164847,,,,,,Pass,Pass,,
1450214,3209322073,No Way Out ,2015,1069891,14618569,"[{'source_id': '1450214,Map_reason:new'}]","[{'1069891': 'rovi_id:3209322073,Map_reason:{""titleMapType"":""Exact"",""titleScore"":1.0,""releaseDateMatch"":false,""airDateMatch"":false,""ottMatch"":0.0,""creditCount"":33,""totalScore"":0.0,""LanguageMatch"":true,""creditWeight"":0.5}'}, {'gb_id': '163606'}]",,,False,Fail,Fail,True,False
1424486,1389712049,The Experimenter,2015,886609,886609,,,,,,Pass,Pass,,
1438916,1496943439,Requiem for the American Dream,2015,964133,964133,,,,,,Pass,Pass,,
1438920,6387393938,American Fright Fest,2018,355712,355712,,,,,,Pass,Pass,,
1438918,4962802629,New Chefs on the Block,2017,1057850,1057850,,,,,,Pass,Pass,,
1438918,4962802629,New Chefs on the Block,2017,1057850,1057850,,,,,,Pass,Pass,,
1438996,6201367876,Face Of Evil,2018,1068044,1068044,,,,,,Pass,Pass,,
1439049,6289631148,H. H. Holmes: Original Evil,2018,353195,12964394,"[{'vudu_id': '968656'}, {'source_id': '1439049,Map_reason:{""color"":1,""language"":1,""credits"":0,""directors"":0,""part_names"":0,""episode_titles"":0,""genres"":0,""amazon"":0,""netflix"":0,""hulu"":0,""hbo"":0,""showtime"":0,""vudu"":0,""episode_airdates"":0,""season_count"":0,""genres_missing"":1,""credits_missing"":1,""directors_missing"":1,""part_names_missing"":1,""release_year"":1.0,""run_time"":0,""release_year_diff"":0,""release_year_missing"":0,""run_time_diff"":1,""run_time_missing"":0,""levenshtein_titles"":1.0,""cosine_titles"":1.0,""partial_titles"":1,""id_1"":""projectx:12964394"",""id_2"":""hulu:1439049"",""score"":3.2}'}, {'gb_id': '164281'}]","[{'353195': 'rovi_id:6289631148,Map_reason:not found in projectx'}]",,,False,Fail,Fail,True,True
1438917,6405252587,Earth: Population Overload,2018,354570,354570,,,,,,Pass,Pass,,
1405564,1021222491,Drinking Buddies,2013,117418,117418,,,,,,Pass,Pass,,
1439065,6586816693,The Panama Papers,2018,390583,390583,,,,,,Pass,Pass,,
1409109,2397148,Next Day Air,2009,83720,83720,,,,,,Pass,Pass,,
1414959,4608506298,The Party,2017,1014581,1014581,,,,,,Pass,Pass,,
1403677,359160874,New Year New You,2018,2182106,12974326,"[{'gb_id': '167836'}, {'source_id': '1403677,Map_reason:{""color"":1,""language"":1,""credits"":0,""directors"":0,""part_names"":0,""episode_titles"":0,""genres"":0,""amazon"":0,""netflix"":0,""hulu"":0,""hbo"":0,""showtime"":0,""vudu"":0,""episode_airdates"":0,""season_count"":0,""genres_missing"":1,""credits_missing"":1,""directors_missing"":1,""part_names_missing"":1,""release_year"":1.0,""run_time"":0,""release_year_diff"":0,""release_year_missing"":0,""run_time_diff"":29,""run_time_missing"":0,""levenshtein_titles"":1.0,""cosine_titles"":1.0,""partial_titles"":1,""id_1"":""projectx:12974326"",""id_2"":""hulu:1403677"",""score"":3.2}'}]","[{'2182106': 'rovi_id:359160874,Map_reason:{""titleMapType"":""Exact"",""titleScore"":1.0,""releaseDateMatch"":false,""airDateMatch"":false,""ottMatch"":0.0,""creditCount"":0,""totalScore"":0.0,""LanguageMatch"":true,""creditWeight"":0.0}'}]",,,False,Fail,Fail,True,False
1403677,359160874,New Year New You,2018,2182106,12974326,"[{'gb_id': '167836'}, {'source_id': '1403677,Map_reason:{""color"":1,""language"":1,""credits"":0,""directors"":0,""part_names"":0,""episode_titles"":0,""genres"":0,""amazon"":0,""netflix"":0,""hulu"":0,""hbo"":0,""showtime"":0,""vudu"":0,""episode_airdates"":0,""season_count"":0,""genres_missing"":1,""credits_missing"":1,""directors_missing"":1,""part_names_missing"":1,""release_year"":1.0,""run_time"":0,""release_year_diff"":0,""release_year_missing"":0,""run_time_diff"":29,""run_time_missing"":0,""levenshtein_titles"":1.0,""cosine_titles"":1.0,""partial_titles"":1,""id_1"":""projectx:12974326"",""id_2"":""hulu:1403677"",""score"":3.2}'}]","[{'2182106': 'rovi_id:359160874,Map_reason:{""titleMapType"":""Exact"",""titleScore"":1.0,""releaseDateMatch"":false,""airDateMatch"":false,""ottMatch"":0.0,""creditCount"":0,""totalScore"":0.0,""LanguageMatch"":true,""creditWeight"":0.0}'}]",,,False,Fail,Fail,True,False
1439730,1389712087,Digging for Fire,2015,144462,144462,,,,,,Pass,Pass,,
1408119,1370825593,The Overnight,2015,148842,148842,,,,,,Pass,Pass,,
1476649,1568620,Thirteen ,2003,66659,66659,,,,,,Pass,Pass,,
1403045,8874371,I Know a Woman Like That,2009,334196,334196,,,,,,Pass,Pass,,
1403039,5282148404,Two Trains Runnin',2016,1039085,1039085,,,,,,Pass,Pass,,
1403038,1495560552,JACO,2015,314074,314074,,,,,,Pass,Pass,,
1414956,5302601259,Every Day ,2018,167705,167705,,,,,,Pass,Pass,,
1412618,656920243,Alone for Christmas,2013,250973,250973,,,,,,Pass,Pass,,
1404269,3452754840,Flight 7500,2014,973067,973067,,,,,,Pass,Pass,,
1428192,6146639900,Whitney ,2018,169509,1083088,"[{'1083088': 'rovi_id:6690459559,Map_reason:{""titleMapType"":""Exact"",""titleScore"":1.0,""releaseDateMatch"":true,""airDateMatch"":false,""ottMatch"":0.0,""creditCount"":735,""totalScore"":0.0,""LanguageMatch"":true,""creditWeight"":0.5}'}, {'source_id': '1428192,Map_reason:{""color"":0,""language"":1,""credits"":0,""directors"":0,""part_names"":0,""episode_titles"":0,""genres"":0,""amazon"":0,""netflix"":0,""hulu"":0,""hbo"":0,""showtime"":0,""vudu"":0,""episode_airdates"":0,""season_count"":0,""genres_missing"":1,""credits_missing"":1,""directors_missing"":1,""part_names_missing"":1,""release_year"":1.0,""run_time"":0,""release_year_diff"":0,""release_year_missing"":0,""run_time_diff"":1732,""run_time_missing"":0,""levenshtein_titles"":1.0,""cosine_titles"":1.0,""partial_titles"":1,""id_1"":""projectx:1083088"",""id_2"":""hulu:1428192"",""score"":3.2}'}, {'vudu_id': '992121'}]","[{'169509': 'rovi_id:6146639900,Map_reason:{""titleMapType"":""Exact"",""titleScore"":1.0,""releaseDateMatch"":false,""airDateMatch"":false,""ottMatch"":0.0,""creditCount"":64,""totalScore"":0.0,""LanguageMatch"":true,""creditWeight"":0.5}'}, {'gb_id': '162454'}]",True,,False,Fail,Fail,True,True
1449934,5972735664,Shoplifters,2018,173317,173317,,,,,,Pass,Pass,,
1399852,971844829,The Age of Reason,2014,853584,12974323,"[{'source_id': '1399852,Map_reason:{""color"":1,""language"":1,""credits"":0,""directors"":0,""part_names"":0,""episode_titles"":0,""genres"":0,""amazon"":0,""netflix"":0,""hulu"":0,""hbo"":0,""showtime"":0,""vudu"":0,""episode_airdates"":0,""season_count"":0,""genres_missing"":1,""credits_missing"":1,""directors_missing"":1,""part_names_missing"":1,""release_year"":1.0,""run_time"":0,""release_year_diff"":0,""release_year_missing"":0,""run_time_diff"":0,""run_time_missing"":1,""levenshtein_titles"":1.0,""cosine_titles"":1.0,""partial_titles"":1,""id_1"":""projectx:12974323"",""id_2"":""hulu:1399852"",""score"":3.2}'}, {'gb_id': '167839'}]","[{'853584': 'rovi_id:971844829,Map_reason:{""titleMapType"":""Exact"",""titleScore"":1.0,""releaseDateMatch"":false,""airDateMatch"":false,""ottMatch"":0.0,""creditCount"":12,""totalScore"":0.0,""LanguageMatch"":true,""creditWeight"":0.5}'}]",,,False,Fail,Fail,True,False
1412615,17661826,Princess and the Pony,2011,8566,8566,,,,,,Pass,Pass,,
1412619,4408327243,Jurassic School,2017,1005924,1005924,,,,,,Pass,Pass,,
1476643,1565574,Le Divorce,2003,65241,65241,,,,,,Pass,Pass,,
1512667,447213,Revenge of the Nerds,1984,51889,51889,,,,,,Pass,Pass,,
1412394,241859,A Charlie Brown Valentine,2002,1109909,1109909,,,,,,Pass,Pass,,
1401274,5937745810,The Row,2018,1060225,1060225,,,,,,Pass,Pass,,
1401272,5918746336,The Con is On,2018,167760,14565702,"[{'source_id': '1401272,Map_reason:{""color"":1.0,""language"":1.0,""credits"":0.0,""directors"":0.0,""part_names"":0.0,""episode_titles"":0.0,""genres"":0.0,""amazon"":0.0,""netflix"":0.0,""hulu"":0.0,""hbo"":0.0,""showtime"":0.0,""vudu"":0.0,""episode_airdates"":0.0,""season_count"":0.0,""genres_missing"":1.0,""credits_missing"":1.0,""directors_missing"":1.0,""part_names_missing"":1.0,""release_year"":1.0,""run_time"":1.0,""release_year_diff"":0.0,""release_year_missing"":0.0,""run_time_diff"":0.0,""run_time_missing"":0.0,""levenshtein_titles"":1.0,""cosine_titles"":1.0,""partial_titles"":1.0,""score"":3.3}'}, {'vudu_id': '945800'}]","[{'167760': 'rovi_id:5918746336,Map_reason:{""titleMapType"":""Distance"",""titleScore"":0.8947368421052632,""releaseDateMatch"":false,""airDateMatch"":false,""ottMatch"":0.0,""creditCount"":24,""totalScore"":0.0,""LanguageMatch"":true,""creditWeight"":0.5}'}, {'gb_id': '160769'}]",,,False,Fail,Fail,True,True
1401273,5859815184,Measure of a Man,2018,1064723,1064723,,,,,,Pass,Pass,,
1401271,4896410624,Cartels,2017,165349,165349,,,,,,Pass,Pass,,
1401359,6042019291,Affairs of State,2018,1063307,1063307,,,,,,Pass,Pass,,
1402509,973899948,Shrek,2001,126684,126684,,,,,,Pass,Pass,,
1402507,1249933,The Road to El Dorado,2000,81178,81178,,,,,,Pass,Pass,,
1402505,1116623,The Prince of Egypt,1998,55170,55170,,,,,,Pass,Pass,,
1402505,1116623,The Prince of Egypt,1998,55170,55170,,,,,,Pass,Pass,,
1402590,1242557,Chicken Run,2000,66219,66219,,,,,,Pass,Pass,,
1404266,471702,Antz,1998,86796,86796,,,,,,Pass,Pass,,
1441445,1258642,Alvin and the Chipmunks Meet the Wolfman,2000,68748,68748,,,,,,Pass,Pass,,
1441444,1172618,Alvin and the Chipmunks Meet Frankenstein,1999,3560,3560,,,,,,Pass,Pass,,
1407324,66064742,The Last Airbender,2010,170788,170788,,,,,,Pass,Pass,,
1402499,982759782,Mud,2012,109293,109293,,,,,,Pass,Pass,,
1402496,21805493,Girl in Progress,2012,812163,812163,,,,,,Pass,Pass,,
1400355,3953160375,I.T.,2016,154050,154050,,,,,,Pass,Pass,,
1402437,1997036734,Sherlock Gnomes,2018,141072,141072,,,,,,Pass,Pass,,
1391836,463160,Ride,1998,57894,57894,,,,,,Pass,Pass,,
1391870,20541259,Harry Brown,2009,739306,739306,,,,,,Pass,Pass,,
1391837,446545,Operation Condor,1991,101358,101358,,,,,,Pass,Pass,,
1391834,467404,Operation Condor 2: The Armour of the Gods,1991,84623,84623,,,,,,Pass,Pass,,
1402436,5136811354,Annihilation,2018,1037457,1037457,,,,,,Pass,Pass,,
1407335,1887626548,The Commuter,2018,165710,165710,,,,,,Pass,Pass,,
1401383,6688413143,Every Other Holiday,2018,1082385,1082385,,,,,,Pass,Pass,,
1398980,6621011828,The Truth About Christmas,2018,390585,390585,,,,,,Pass,Pass,,
1393217,6228740899,Urban Country,2018,21598,21598,,,,,,Pass,Pass,,
1401318,4962802583,A Crooked Somebody,2017,1074529,1074529,,,,,,Pass,Pass,,
1451036,6474367856,Divide and Conquer: The Story of Roger Ailes,2018,1079978,1079978,,,,,,Pass,Pass,,
1470738,6913429673,The Quake,2018,12410844,12410844,,,,,,Pass,Pass,,
1470738,6913429673,The Quake,2018,12410844,12410844,,,,,,Pass,Pass,,
1503808,1729985754,The Sweet Life,2016,1011983,1011983,,,,,,Pass,Pass,,
1415666,6478054274,Stella's Last Weekend,2018,1076361,1076361,,,,,,Pass,Pass,,
1391871,1370825989,Tangerine,2015,146205,146205,,,,,,Pass,Pass,,
1377263,6012017636,Flight 666,2018,349132,349132,,,,,,Pass,Pass,,
1377839,1186702184,The Little Death,2015,129196,12960713,"[{'gb_id': '121372'}, {'source_id': '1377839,Map_reason:{""color"":1,""language"":1,""credits"":0,""directors"":0,""part_names"":0,""episode_titles"":0,""genres"":0,""amazon"":0,""netflix"":0,""hulu"":0,""hbo"":0,""showtime"":0,""vudu"":0,""episode_airdates"":0,""season_count"":0,""genres_missing"":1,""credits_missing"":1,""directors_missing"":1,""part_names_missing"":1,""release_year"":1.0,""run_time"":0,""release_year_diff"":0,""release_year_missing"":0,""run_time_diff"":4301,""run_time_missing"":0,""levenshtein_titles"":1.0,""cosine_titles"":1.0,""partial_titles"":1,""id_1"":""projectx:12960713"",""id_2"":""hulu:1377839"",""score"":3.2}'}]","[{'129196': 'rovi_id:1186702184,Map_reason:{""titleMapType"":""Exact"",""titleScore"":1.0,""releaseDateMatch"":false,""airDateMatch"":false,""ottMatch"":0.0,""creditCount"":168,""totalScore"":0.0,""LanguageMatch"":true,""creditWeight"":0.5}'}, {'gb_id': '121331'}, {'vudu_id': '659125'}]",,,False,Fail,Fail,True,True
1377816,6158290991,Dead House,2014,351196,351196,,,,,,Pass,Pass,,
1394476,2456005,Tyler Perry's Why Did I Get Married Too?,2010,143587,143587,,,,,,Pass,Pass,,
1401276,2397091,Iron Man 2,2010,82507,82507,,,,,,Pass,Pass,,
1386608,1370825651,Best of Enemies,2015,884748,884748,,,,,,Pass,Pass,,
1394152,2400896,Barbie in A Christmas Carol,2008,8951,8951,,,,,,Pass,Pass,,
1393214,19967994,Barbie: A Perfect Christmas,2011,11034,11034,,,,,,Pass,Pass,,
1393215,1887886095,Barbie & Her Sisters in The Great Puppy Adventure,2015,18027,18027,,,,,,Pass,Pass,,
1378019,1528332254,Anna ,2017,160400,337478,"[{'337478': 'rovi_id:5212165778,Map_reason:{""titleMapType"":""Exact"",""titleScore"":1.0,""releaseDateMatch"":true,""airDateMatch"":false,""ottMatch"":0.0,""creditCount"":12,""totalScore"":0.0,""LanguageMatch"":true,""creditWeight"":0.5}'}, {'gb_id': '157903'}, {'source_id': '1378019,Map_reason:{""color"":0,""language"":1,""credits"":0,""directors"":0,""part_names"":0,""episode_titles"":0,""genres"":0,""amazon"":0,""netflix"":0,""hulu"":0,""hbo"":0,""showtime"":0,""vudu"":0,""episode_airdates"":0,""season_count"":0,""genres_missing"":1,""credits_missing"":1,""directors_missing"":1,""part_names_missing"":1,""release_year"":1.0,""run_time"":0,""release_year_diff"":0,""release_year_missing"":0,""run_time_diff"":48,""run_time_missing"":0,""levenshtein_titles"":1.0,""cosine_titles"":1.0,""partial_titles"":1,""id_1"":""projectx:337478"",""id_2"":""hulu:1378019"",""score"":3.2}'}]","[{'160400': 'rovi_id:1528332254,Map_reason:{""titleMapType"":""Exact"",""titleScore"":1.0,""releaseDateMatch"":true,""airDateMatch"":false,""ottMatch"":0.0,""creditCount"":38,""totalScore"":0.0,""LanguageMatch"":true,""creditWeight"":0.5}'}]",True,,False,Fail,Fail,True,False
1394475,13957053,Killers ,2010,93746,93746,,,,,,Pass,Pass,,
1401315,5853101291,Eating Animals,2017,1067586,1067586,,,,,,Pass,Pass,,
1398338,5629590309,Damsel,2018,1058084,1058084,,,,,,Pass,Pass,,
1404225,5432775293,Far From the Tree,2017,1071133,1071133,,,,,,Pass,Pass,,
1371731,982760215,Kick-Ass,2010,92769,92769,,,,,,Pass,Pass,,
1465777,5629590211,Tyrel,2018,1058932,1058932,,,,,,Pass,Pass,,
1399857,4502937289,Zen Dog,2016,354513,354513,,,,,,Pass,Pass,,
1423433,6405252537,The ToyBox,2018,354569,354569,,,,,,Pass,Pass,,
1374853,6379072506,Bigfoot ,2018,1073288,1073288,,,,,,Pass,Pass,,
1371730,3400001402,Downsizing,2017,164613,164613,,,,,,Pass,Pass,,
1371666,4918547151,Tyler Perry's Boo 2! A Madea Halloween,2017,165782,165782,,,,,,Pass,Pass,,
1401311,6105132240,The Devil's Doorway,2018,1065256,1065256,,,,,,Pass,Pass,,
1383799,5995686239,Feral,2017,1065659,1065659,,,,,,Pass,Pass,,
1391817,1587626,Wonderland ,2003,66924,66924,,,,,,Pass,Pass,,
1373963,1389712085,The Wolfpack,2015,153007,153007,,,,,,Pass,Pass,,
1371729,3657361889,Wonder,2017,164872,164872,,,,,,Pass,Pass,,
1368766,1355132,Made,2001,108499,108499,,,,,,Pass,Pass,,
1371667,1068340,Johnny Reno,1966,582058,582058,,,,,,Pass,Pass,,
1371017,4558659550,Flesh & Blood,2018,1042537,1042537,,,,,,Pass,Pass,,
1377256,1078395,Illusions,2017,395354,14565669,"[{'source_id': '1377256,Map_reason:{""color"":1.0,""language"":1.0,""credits"":0.0,""directors"":0.0,""part_names"":0.0,""episode_titles"":0.0,""genres"":0.0,""amazon"":0.0,""netflix"":0.0,""hulu"":0.0,""hbo"":0.0,""showtime"":0.0,""vudu"":0.0,""episode_airdates"":0.0,""season_count"":0.0,""genres_missing"":1.0,""credits_missing"":1.0,""directors_missing"":1.0,""part_names_missing"":1.0,""release_year"":1.0,""run_time"":1.0,""release_year_diff"":0.0,""release_year_missing"":0.0,""run_time_diff"":0.0,""run_time_missing"":0.0,""levenshtein_titles"":1.0,""cosine_titles"":1.0,""partial_titles"":1.0,""score"":3.3}'}, {'vudu_id': '956487'}, {'gb_id': '162655'}]","[{'395354': 'rovi_id:1078395,Map_reason:{""titleMapType"":""Exact"",""titleScore"":1.0,""releaseDateMatch"":false,""airDateMatch"":false,""ottMatch"":0.0,""creditCount"":36,""totalScore"":0.0,""LanguageMatch"":true,""creditWeight"":0.5}'}]",,,False,Fail,Fail,True,True
1371675,2218636,Species: The Awakening,2007,72665,72665,,,,,,Pass,Pass,,
1371137,1507973,Tadpole,2002,100535,100535,,,,,,Pass,Pass,,
1402600,5629590321,Hearts Beat Loud,2018,1058064,1058064,,,,,,Pass,Pass,,
1386606,3625097643,Undrafted,2016,978883,978883,,,,,,Pass,Pass,,
1386604,3709517727,The Remains,2016,982628,982628,,,,,,Pass,Pass,,
1386607,438968199,Scenic Route,2013,127187,127187,,,,,,Pass,Pass,,
1386605,3912718109,Daylight's End,2016,975337,975337,,,,,,Pass,Pass,,
1381701,5760895305,Damascus Cover,2018,1066027,1066027,,,,,,Pass,Pass,,
1399853,1432624128,The Resurrection of Jake the Snake,2015,932886,932886,,,,,,Pass,Pass,,
1401314,5629590303,Skate Kitchen,2018,1061970,1061970,,,,,,Pass,Pass,,
1393426,5447464658,Second Chance Christmas,2017,32168,32168,,,,,,Pass,Pass,,
1381639,1978580091,The Spirit of Christmas,2015,32698,2178544,"[{'2178544': 'rovi_id:3152756280,Map_reason:{""titleMapType"":""Exact"",""titleScore"":1.0,""releaseDateMatch"":true,""airDateMatch"":false,""ottMatch"":0.0,""creditCount"":153,""totalScore"":0.0,""LanguageMatch"":true,""creditWeight"":0.5}'}, {'source_id': '1381639,Map_reason:{""color"":0,""language"":1,""credits"":0,""directors"":0,""part_names"":0,""episode_titles"":0,""genres"":0,""amazon"":0,""netflix"":0,""hulu"":0,""hbo"":0,""showtime"":0,""vudu"":0,""episode_airdates"":0,""season_count"":0,""genres_missing"":1,""credits_missing"":1,""directors_missing"":1,""part_names_missing"":1,""release_year"":1.0,""run_time"":0,""release_year_diff"":0,""release_year_missing"":0,""run_time_diff"":3677,""run_time_missing"":0,""levenshtein_titles"":1.0,""cosine_titles"":1.0,""partial_titles"":1,""id_1"":""projectx:2178544"",""id_2"":""hulu:1381639"",""score"":3.2}'}]","[{'32698': 'rovi_id:1978580091,Map_reason:not found in projectx'}, {'gb_id': '147476'}, {'vudu_id': '795767'}]",True,,False,Fail,Fail,True,True
1381775,2411383,The Secret of the Nutcracker,2007,42066,42066,,,,,,Pass,Pass,,
1381638,322970741,The March Sisters at Christmas,2012,42912,42912,,,,,,Pass,Pass,,
1381636,1970714164,Rodeo & Juliet,2015,169000,169000,,,,,,Pass,Pass,,
1381637,1301227209,My Dad is Scrooge,2014,43812,43812,,,,,,Pass,Pass,,
1381633,4146476984,Married by Christmas,2016,386330,386330,,,,,,Pass,Pass,,
1381635,4215800777,Girlfriends of Christmas Past,2016,386647,386647,,,,,,Pass,Pass,,
1381632,4273177796,Christmas with the Andersons,2016,321686,321686,,,,,,Pass,Pass,,
1381630,1293416391,Naughty & Nice,2014,127365,127365,,,,,,Pass,Pass,,
1381628,1227848695,Back to Christmas,2014,45370,45370,,,,,,Pass,Pass,,
1381629,1227816298,A Christmas Kiss II,2014,43958,43958,,,,,,Pass,Pass,,
1381631,1963870115,Angels in the Snow,2015,383702,383702,,,,,,Pass,Pass,,
1381627,5469180592,The Christmas Calendar,2017,388730,388730,,,,,,Pass,Pass,,
1381622,4234353854,A Puppy for Christmas,2016,12288747,12288747,,,,,,Pass,Pass,,
1381623,322970482,Holly's Holiday,2013,12274005,12274005,,,,,,Pass,Pass,,
1381626,722467909,Christmas Belle,2013,426918,426918,,,,,,Pass,Pass,,
1381621,1963870081,A Dogwalker's Christmas Tale,2015,32823,32823,,,,,,Pass,Pass,,
1381625,4230003167,A Cinderella Christmas,2016,12288732,12288732,,,,,,Pass,Pass,,
1381624,1279748226,12 Dog Days Till Christmas,2014,46519,46519,,,,,,Pass,Pass,,
1371854,5692734549,Suicide Squad: Hell to Pay,2018,346821,346821,,,,,,Pass,Pass,,
1377255,5805073946,EuroClub,2016,345968,345968,,,,,,Pass,Pass,,
1412517,5968995385,Kusama: Infinity,2018,1076183,1076183,,,,,,Pass,Pass,,
1380322,5355760963,The Spiderwebhouse,2016,1041298,1041298,,,,,,Pass,Pass,,
1365066,3441262785,Yu-Gi-Oh! THE DARK SIDE OF DIMENSIONS,2017,152888,152888,,,,,,Pass,Pass,,
1365094,1704304,Yu-Gi-Oh! THE MOVIE,2004,80421,210113,"[{'210113': 'rovi_id:11861953,Map_reason:{""titleMapType"":""Distance"",""titleScore"":0.8125,""releaseDateMatch"":true,""airDateMatch"":false,""ottMatch"":0.0,""creditCount"":222,""totalScore"":0.0,""LanguageMatch"":true,""creditWeight"":0.5}'}, {'source_id': '1365094,Map_reason:{""color"":0,""language"":1,""credits"":0,""directors"":0,""part_names"":0,""episode_titles"":0,""genres"":0,""amazon"":0,""netflix"":0,""hulu"":0,""hbo"":0,""showtime"":0,""vudu"":0,""episode_airdates"":0,""season_count"":0,""genres_missing"":1,""credits_missing"":1,""directors_missing"":1,""part_names_missing"":1,""release_year"":1,""run_time"":0,""release_year_diff"":0,""release_year_missing"":0,""run_time_diff"":28,""run_time_missing"":0,""levenshtein_titles"":1.0,""cosine_titles"":1.0,""partial_titles"":1,""id_1"":""projectx:210113"",""id_2"":""hulu:1365094"",""score"":3.2}'}]","[{'80421': 'rovi_id:1704304,Map_reason:not found in projectx'}, {'gb_id': '59883'}]",True,,False,Fail,Fail,True,False
1364430,1954410879,The Rocky Horror Picture Show: Let's Do the Time Warp Again,2016,47178,47178,,,,,,Pass,Pass,,
1377102,385522823,Europa Report,2013,111930,111930,,,,,,Pass,Pass,,
1374831,5672796376,That Summer ,2017,1065117,1065117,,,,,,Pass,Pass,,
1447318,7236266577,Ask Dr. Ruth,2019,13693052,13693052,,,,,,Pass,Pass,,
1376287,4735525607,The Gatehouse,2016,341555,341555,,,,,,Pass,Pass,,
1382450,5224239307,Cute Little Buggers,2017,1037242,1037242,,,,,,Pass,Pass,,
1376288,5676315876,Curse of the Witch's Doll,2018,1052611,1052611,,,,,,Pass,Pass,,
1376285,4107197223,The 13th Friday,2017,1036598,1036598,,,,,,Pass,Pass,,
1368205,5152256070,Racer and the Jailbird,2017,169975,169975,,,,,,Pass,Pass,,
1362855,21777327,Burn,2012,776721,776721,,,,,,Pass,Pass,,
1369592,5579255206,The 12th Man,2018,1063841,1063841,,,,,,Pass,Pass,,
1377280,3762571411,1:54,2016,986967,986967,,,,,,Pass,Pass,,
1369571,4217885051,Ghost Stories ,2018,168440,168440,,,,,,Pass,Pass,,
1371800,5087580598,Most Likely to Murder,2018,1033753,1033753,,,,,,Pass,Pass,,
1398382,5731776911,Above and Beyond: NASA's Journey to Tomorrow,2018,2572696,12295855,"[{'12295855': 'rovi_id:6151440218,Map_reason:{""titleMapType"":""Exact"",""titleScore"":1.0,""releaseDateMatch"":true,""airDateMatch"":false,""ottMatch"":0.0,""creditCount"":33,""totalScore"":0.0,""LanguageMatch"":true,""creditWeight"":0.5}'}, {'gb_id': '165295'}, {'source_id': '1398382,Map_reason:{""color"":0,""language"":1,""credits"":0,""directors"":0,""part_names"":0,""episode_titles"":0,""genres"":0,""amazon"":0,""netflix"":0,""hulu"":0,""hbo"":0,""showtime"":0,""vudu"":0,""episode_airdates"":0,""season_count"":0,""genres_missing"":1,""credits_missing"":1,""directors_missing"":1,""part_names_missing"":1,""release_year"":1.0,""run_time"":0,""release_year_diff"":0,""release_year_missing"":0,""run_time_diff"":1797,""run_time_missing"":0,""levenshtein_titles"":1.0,""cosine_titles"":1.0,""partial_titles"":1,""id_1"":""projectx:12295855"",""id_2"":""hulu:1398382"",""score"":3.2}'}]","[{'2572696': 'rovi_id:5731776911,Map_reason:{""titleMapType"":""Exact"",""titleScore"":1.0,""releaseDateMatch"":true,""airDateMatch"":false,""ottMatch"":0.0,""creditCount"":4,""totalScore"":0.0,""LanguageMatch"":true,""creditWeight"":0.5}'}]",True,,False,Fail,Fail,True,False
1368206,1389712123,Results,2015,886606,886606,,,,,,Pass,Pass,,
1375491,12186620,Barbie: Mariposa and her Butterfly Fairy Friends,2008,210664,210664,,,,,,Pass,Pass,,
1377264,5220495743,Black Hollow Cage,2017,1052614,1052614,,,,,,Pass,Pass,,
1377281,5755772196,The Revival,2017,1054836,14404608,"[{'gb_id': '136613'}, {'source_id': '1377281,Map_reason:{""color"":1,""language"":1,""credits"":0,""directors"":0,""part_names"":0,""episode_titles"":0,""genres"":0,""amazon"":0,""netflix"":0,""hulu"":0,""hbo"":0,""showtime"":0,""vudu"":0,""episode_airdates"":0,""season_count"":0,""genres_missing"":1,""credits_missing"":1,""directors_missing"":1,""part_names_missing"":1,""release_year"":0.9,""run_time"":0,""release_year_diff"":1,""release_year_missing"":0,""run_time_diff"":0,""run_time_missing"":1,""levenshtein_titles"":1.0,""cosine_titles"":1.0,""partial_titles"":1,""id_1"":""projectx:14404608"",""id_2"":""hulu:1377281"",""score"":3.18}'}]","[{'1054836': 'rovi_id:5755772196,Map_reason:{""titleMapType"":""Distance"",""titleScore"":0.875,""releaseDateMatch"":false,""airDateMatch"":false,""ottMatch"":0.0,""creditCount"":24,""totalScore"":0.0,""LanguageMatch"":true,""creditWeight"":0.5}'}, {'vudu_id': '922760'}]",,,False,Fail,Fail,True,True
1369505,1467250,Italian For Beginners,2002,79649,79649,,,,,,Pass,Pass,,
1371802,802415697,Barbie: The Pearl Princess,2014,13204,13204,,,,,,Pass,Pass,,
1360490,1198761282,Fred,2018,868242,12964564,"[{'gb_id': '166163'}, {'source_id': '1360490,Map_reason:{""color"":1.0,""language"":1.0,""credits"":0.0,""directors"":0.0,""part_names"":0.0,""episode_titles"":0.0,""genres"":0.0,""amazon"":0.0,""netflix"":0.0,""hulu"":0.0,""hbo"":0.0,""showtime"":0.0,""vudu"":0.0,""episode_airdates"":0.0,""season_count"":0.0,""genres_missing"":1.0,""credits_missing"":1.0,""directors_missing"":1.0,""part_names_missing"":1.0,""release_year"":1.0,""run_time"":0.0,""release_year_diff"":0.0,""release_year_missing"":0.0,""run_time_diff"":9.0,""run_time_missing"":0.0,""levenshtein_titles"":1.0,""cosine_titles"":1.0,""partial_titles"":1.0,""score"":3.2}'}]","[{'868242': 'rovi_id:1198761282,Map_reason:{""titleMapType"":""Exact"",""titleScore"":1.0,""releaseDateMatch"":false,""airDateMatch"":false,""ottMatch"":0.0,""creditCount"":39,""totalScore"":0.0,""LanguageMatch"":true,""creditWeight"":0.5}'}]",,,False,Fail,Fail,True,False
1356125,326316575,The Body,2018,802150,14566235,"[{'source_id': '1356125,Map_reason:new'}]","[{'802150': 'rovi_id:326316575,Map_reason:{""titleMapType"":""Exact"",""titleScore"":1.0,""releaseDateMatch"":true,""airDateMatch"":false,""ottMatch"":0.0,""creditCount"":10,""totalScore"":0.0,""LanguageMatch"":false,""creditWeight"":0.5}'}, {'gb_id': '38028'}]",,,False,Fail,Fail,True,False
1369570,5752438249,The Escape,2018,172715,172715,,,,,,Pass,Pass,,
1357810,3175876977,First Girl I Loved,2016,964772,964772,,,,,,Pass,Pass,,
1493056,1005746474,Swimfan,2002,62643,62643,,,,,,Pass,Pass,,
1496605,423620,Revenge of the Nerds II: Nerds in Paradise,1987,12258188,12258188,,,,,,Pass,Pass,,
1513953,468259,The Panic in Needle Park,1971,91353,91353,,,,,,Pass,Pass,,
1485748,17894162,Less Than Zero,1987,12266488,12266488,,,,,,Pass,Pass,,
1493057,422588,Independence Day,1996,81095,81095,,,,,,Pass,Pass,,
1493052,1649158,Brown Sugar,2002,626786,62346,"[{'62346': 'rovi_id:1495940,Map_reason:{""titleMapType"":""Distance"",""titleScore"":0.8461538461538461,""releaseDateMatch"":false,""airDateMatch"":false,""ottMatch"":0.0,""creditCount"":16,""totalScore"":0.0,""LanguageMatch"":true,""creditWeight"":0.5}'}, {'gb_id': '9506'}, {'vudu_id': '8050'}, {'source_id': '1493052,Map_reason:{""color"":0,""language"":1,""credits"":0,""directors"":0,""part_names"":0,""episode_titles"":0,""genres"":0,""amazon"":0,""netflix"":0,""hulu"":0,""hbo"":0,""showtime"":0,""vudu"":0,""episode_airdates"":0,""season_count"":0,""genres_missing"":1,""credits_missing"":1,""directors_missing"":1,""part_names_missing"":1,""release_year"":1.0,""run_time"":0,""release_year_diff"":0,""release_year_missing"":0,""run_time_diff"":43,""run_time_missing"":0,""levenshtein_titles"":1.0,""cosine_titles"":1.0,""partial_titles"":1,""id_1"":""projectx:62346"",""id_2"":""hulu:1493052"",""score"":3.2}'}]","[{'626786': 'rovi_id:1649158,Map_reason:{""titleMapType"":""Exact"",""titleScore"":1.0,""releaseDateMatch"":true,""airDateMatch"":false,""ottMatch"":0.0,""creditCount"":272,""totalScore"":0.0,""LanguageMatch"":true,""creditWeight"":0.5}'}]",True,,False,Fail,Fail,True,True
1485121,982759591,Behind Enemy Lines,2001,60787,60787,,,,,,Pass,Pass,,
1485121,982759591,Behind Enemy Lines,2001,60787,60787,,,,,,Pass,Pass,,
1478426,2100164,Borat: Cultural Learnings of America for Make Benefit Glorious Nation of Kazakhstan,2006,85791,85791,,,,,,Pass,Pass,,
1362946,1833499916,Janis: Little Girl Blue,2015,150584,150584,,,,,,Pass,Pass,,
1360491,3478817840,Awaiting,2015,974021,12985416,"[{'gb_id': '139836'}, {'source_id': '1360491,Map_reason:{""color"":1,""language"":1,""credits"":0,""directors"":0,""part_names"":0,""episode_titles"":0,""genres"":0,""amazon"":0,""netflix"":0,""hulu"":0,""hbo"":0,""showtime"":0,""vudu"":0,""episode_airdates"":0,""season_count"":0,""genres_missing"":1,""credits_missing"":1,""directors_missing"":1,""part_names_missing"":1,""release_year"":1.0,""run_time"":0,""release_year_diff"":0,""release_year_missing"":0,""run_time_diff"":161,""run_time_missing"":0,""levenshtein_titles"":1.0,""cosine_titles"":1.0,""partial_titles"":1,""id_1"":""projectx:12985416"",""id_2"":""hulu:1360491"",""score"":3.2}'}]","[{'974021': 'rovi_id:3478817840,Map_reason:not found in projectx'}]",,,False,Fail,Fail,True,False
1360489,4951390868,In Extremis,2017,12290779,12290779,,,,,,Pass,Pass,,
1360488,1092086,Base,2017,22696,12978683,"[{'gb_id': '156263'}, {'source_id': '1360488,Map_reason:{""color"":1.0,""language"":1.0,""credits"":0.0,""directors"":0.0,""part_names"":0.0,""episode_titles"":0.0,""genres"":0.0,""amazon"":0.0,""netflix"":0.0,""hulu"":0.0,""hbo"":0.0,""showtime"":0.0,""vudu"":0.0,""episode_airdates"":0.0,""season_count"":0.0,""genres_missing"":1.0,""credits_missing"":1.0,""directors_missing"":1.0,""part_names_missing"":1.0,""release_year"":1.0,""run_time"":0.0,""release_year_diff"":0.0,""release_year_missing"":0.0,""run_time_diff"":0.0,""run_time_missing"":1.0,""levenshtein_titles"":1.0,""cosine_titles"":1.0,""partial_titles"":1.0,""score"":3.2}'}]","[{'22696': 'rovi_id:1092086,Map_reason:{""titleMapType"":""Partial"",""titleScore"":0.6,""releaseDateMatch"":true,""airDateMatch"":false,""ottMatch"":0.0,""creditCount"":544,""totalScore"":0.0,""LanguageMatch"":true,""creditWeight"":0.5}'}, {'gb_id': '50297'}]",,,False,Fail,Fail,True,False
1360486,3447397824,Respectable: The Mary Millington Story,2016,973537,973537,,,,,,Pass,Pass,,
1374081,5393402471,Soufra,2017,1045210,1045210,,,,,,Pass,Pass,,
1353918,247024,The Box ,2018,[549653],Nil,,,,,,No ingestion of source_id,Fail,,
1496610,1079702737,Hitman,2007,73261,73261,,,,,,Pass,Pass,,
1496610,1079702737,Hitman,2007,73261,73261,,,,,,Pass,Pass,,
1378179,4062021332,Godspeed,2016,1028247,1028247,,,,,,Pass,Pass,,
1378179,4062021332,Godspeed,2016,1028247,1028247,,,,,,Pass,Pass,,
1380933,1370825983,Cartel Land,2015,167643,167643,,,,,,Pass,Pass,,
1359456,1554939806,Bad Roomies,2015,284890,301229,"[{'301229': 'rovi_id:2038002175,Map_reason:{""titleMapType"":""Exact"",""titleScore"":1.0,""releaseDateMatch"":true,""airDateMatch"":false,""ottMatch"":0.0,""creditCount"":3,""totalScore"":0.0,""LanguageMatch"":true,""creditWeight"":0.5}'}, {'gb_id': '132957'}, {'vudu_id': '719476'}, {'source_id': '1359456,Map_reason:{""color"":0,""language"":1,""credits"":0,""directors"":0,""part_names"":0,""episode_titles"":0,""genres"":0,""amazon"":0,""netflix"":0,""hulu"":0,""hbo"":0,""showtime"":0,""vudu"":0,""episode_airdates"":0,""season_count"":0,""genres_missing"":1,""credits_missing"":1,""directors_missing"":1,""part_names_missing"":1,""release_year"":0.9,""run_time"":0,""release_year_diff"":1,""release_year_missing"":0,""run_time_diff"":56,""run_time_missing"":0,""levenshtein_titles"":1.0,""cosine_titles"":1.0,""partial_titles"":1,""id_1"":""projectx:301229"",""id_2"":""hulu:1359456"",""score"":3.18}'}]","[{'284890': 'rovi_id:1554939806,Map_reason:{""titleMapType"":""Partial"",""titleScore"":0.6,""releaseDateMatch"":false,""airDateMatch"":false,""ottMatch"":0.0,""creditCount"":18,""totalScore"":0.0,""LanguageMatch"":true,""creditWeight"":0.5}'}]",True,,False,Fail,Fail,True,True
1373895,5334914686,Larger Than Life: The Kevyn Aucoin Story,2017,1069497,1069497,,,,,,Pass,Pass,,
1359454,6208249869,Rosy,2018,352027,352027,,,,,,Pass,Pass,,
1359452,5220495739,It Came from the Desert,2017,168671,168671,,,,,,Pass,Pass,,
1376284,4042631052,Sami Blood,2016,12288081,12288081,,,,,,Pass,Pass,,
1353974,4499379286,Daddy's Home 2,2017,164221,164221,,,,,,Pass,Pass,,
1371665,1100537,The Mighty,1998,53153,53153,,,,,,Pass,Pass,,
1454381,6380290583,The Last Race,2018,1073364,1073364,,,,,,Pass,Pass,,
1369503,1128778,eXistenZ,1999,63755,63755,,,,,,Pass,Pass,,
1371801,224067,Dysfunktional Family,2003,547838,547838,,,,,,Pass,Pass,,
1398262,5129089822,Nico 1988,2017,170227,170227,,,,,,Pass,Pass,,
1351453,2473430,Hot Tub Time Machine,2010,83112,83112,,,,,,Pass,Pass,,
1357807,4896410592,The Year of Spectacular Men,2017,1066823,1066823,,,,,,Pass,Pass,,
1347500,3235418866,Baywatch ,2017,159146,14618524,"[{'source_id': '1347500,Map_reason:new'}]","[{'159146': 'rovi_id:3235418866,Map_reason:{""titleMapType"":""Partial"",""titleScore"":0.6,""releaseDateMatch"":false,""airDateMatch"":false,""ottMatch"":0.0,""creditCount"":240,""totalScore"":0.0,""LanguageMatch"":true,""creditWeight"":0.5}'}, {'gb_id': '152215'}, {'vudu_id': '839760'}]",,,False,Fail,Fail,True,True
1359451,4225850365,The Escort,2016,1022365,1022365,,,,,,Pass,Pass,,
1374826,5129089828,Under the Tree,2017,170025,170025,,,,,,Pass,Pass,,
1357805,1867718864,Southbound,2015,957757,957757,,,,,,Pass,Pass,,
1357808,998214223,The Canal,2015,129696,129696,,,,,,Pass,Pass,,
1359449,3195628078,High Strung,2016,170515,170515,,,,,,Pass,Pass,,
1363879,3593640717,The Night Watchmen,2017,1013762,1013762,,,,,,Pass,Pass,,
1355929,5331056103,Pyewacket,2018,171338,171338,,,,,,Pass,Pass,,
1355929,5331056103,Pyewacket,2018,171338,171338,,,,,,Pass,Pass,,
1355158,5057390808,Lowlife,2018,1060624,1060624,,,,,,Pass,Pass,,
1439820,5629590247,The Guilty,2018,1062413,13640922,"[{'gb_id': '169860'}, {'source_id': '1439820,Map_reason:{""color"":1,""language"":0,""credits"":0,""directors"":0,""part_names"":0,""episode_titles"":0,""genres"":0,""amazon"":0,""netflix"":0,""hulu"":0,""hbo"":0,""showtime"":0,""vudu"":0,""episode_airdates"":0,""season_count"":0,""genres_missing"":1,""credits_missing"":1,""directors_missing"":1,""part_names_missing"":1,""release_year"":0.9,""run_time"":0,""release_year_diff"":1,""release_year_missing"":0,""run_time_diff"":685,""run_time_missing"":0,""levenshtein_titles"":1.0,""cosine_titles"":1.0,""partial_titles"":1,""id_1"":""projectx:13640922"",""id_2"":""hulu:1439820"",""score"":2.88}'}]","[{'1062413': 'rovi_id:5629590247,Map_reason:{""titleMapType"":""Partial"",""titleScore"":0.6,""releaseDateMatch"":false,""airDateMatch"":false,""ottMatch"":0.0,""creditCount"":9,""totalScore"":0.0,""LanguageMatch"":true,""creditWeight"":0.5}'}, {'gb_id': '165744'}, {'vudu_id': '987483'}]",,,False,Fail,Fail,True,True
1439820,5629590247,The Guilty,2018,1062413,13640922,"[{'gb_id': '169860'}, {'source_id': '1439820,Map_reason:{""color"":1,""language"":0,""credits"":0,""directors"":0,""part_names"":0,""episode_titles"":0,""genres"":0,""amazon"":0,""netflix"":0,""hulu"":0,""hbo"":0,""showtime"":0,""vudu"":0,""episode_airdates"":0,""season_count"":0,""genres_missing"":1,""credits_missing"":1,""directors_missing"":1,""part_names_missing"":1,""release_year"":0.9,""run_time"":0,""release_year_diff"":1,""release_year_missing"":0,""run_time_diff"":685,""run_time_missing"":0,""levenshtein_titles"":1.0,""cosine_titles"":1.0,""partial_titles"":1,""id_1"":""projectx:13640922"",""id_2"":""hulu:1439820"",""score"":2.88}'}]","[{'1062413': 'rovi_id:5629590247,Map_reason:{""titleMapType"":""Partial"",""titleScore"":0.6,""releaseDateMatch"":false,""airDateMatch"":false,""ottMatch"":0.0,""creditCount"":9,""totalScore"":0.0,""LanguageMatch"":true,""creditWeight"":0.5}'}, {'gb_id': '165744'}, {'vudu_id': '987483'}]",,,False,Fail,Fail,True,True
1395754,5992444985,Say You Will,2017,354527,354527,,,,,,Pass,Pass,,
1362947,6196483251,Baja,2018,351584,351584,,,,,,Pass,Pass,,
1362411,5001391285,Who's Watching Oliver,2017,352122,352122,,,,,,Pass,Pass,,
1401317,6147612678,An American in Texas,2018,354550,354550,,,,,,Pass,Pass,,
1398505,6405252541,Winter Ridge,2018,354575,354575,,,,,,Pass,Pass,,
1374918,5953942943,Killer Bees,2017,1071876,1071876,,,,,,Pass,Pass,,
1368207,5189647275,Forgive - Don't Forget,2018,1068679,1068679,,,,,,Pass,Pass,,
1412718,6398021463,Another Time,2018,1074009,1074009,,,,,,Pass,Pass,,
1409893,6405252625,Alright Now,2018,354597,354597,,,,,,Pass,Pass,,
1398264,6217070896,Along Came the Devil,2018,353831,353831,,,,,,Pass,Pass,,
1386609,6098486264,Broken Star,2018,1069485,1069485,,,,,,Pass,Pass,,
1386609,6098486264,Broken Star,2018,1069485,1069485,,,,,,Pass,Pass,,
1398389,7262363820,The Gardener,2018,13714052,13714052,,,,,,Pass,Pass,,
1374852,5256415826,Keepers of the Magic,2016,1054645,1054645,,,,,,Pass,Pass,,
1381702,6182038068,Aliens and Agenda 21,2018,353128,353128,,,,,,Pass,Pass,,
1393029,6568027897,Pixi Saves Christmas,2018,356846,356846,,,,,,Pass,Pass,,
1337853,5140539940,Boom for Real: The Late Teenage Years of Jean-Michel Basquiat,2018,1043205,1043205,,,,,,Pass,Pass,,
1348873,1300541735,Iris ,2014,876642,876642,,,,,,Pass,Pass,,
1353035,1472307910,Beyond Paradise,2015,893793,893793,,,,,,Pass,Pass,,
1355157,472425,Next Stop Wonderland,1998,60926,60926,,,,,,Pass,Pass,,
1328802,5879511589,Daphne & Velma,2018,21216,21216,,,,,,Pass,Pass,,
1329653,5291766626,The Miracle Season,2018,171536,171536,,,,,,Pass,Pass,,
1328810,2463581,From Paris With Love,2010,87916,87916,,,,,,Pass,Pass,,
1349910,5535980425,The Simone Biles Story: Courage to Soar,2018,32420,32420,,,,,,Pass,Pass,,
1353036,5164766618,The Archer,2017,169715,169715,,,,,,Pass,Pass,,
1368208,5629590207,Sorry to Bother You,2018,1054698,1054698,,,,,,Pass,Pass,,
1330330,9715830,For Colored Girls,2010,136792,136792,,,,,,Pass,Pass,,
1349909,4871437536,Cocaine Godmother,2018,387738,387738,,,,,,Pass,Pass,,
1326641,1136529757,The Cleanse,2018,167728,14565645,"[{'source_id': '1326641,Map_reason:{""color"":1.0,""language"":1.0,""credits"":0.0,""directors"":0.0,""part_names"":0.0,""episode_titles"":0.0,""genres"":0.0,""amazon"":0.0,""netflix"":0.0,""hulu"":0.0,""hbo"":0.0,""showtime"":0.0,""vudu"":0.0,""episode_airdates"":0.0,""season_count"":0.0,""genres_missing"":1.0,""credits_missing"":1.0,""directors_missing"":1.0,""part_names_missing"":1.0,""release_year"":1.0,""run_time"":1.0,""release_year_diff"":0.0,""release_year_missing"":0.0,""run_time_diff"":0.0,""run_time_missing"":0.0,""levenshtein_titles"":1.0,""cosine_titles"":1.0,""partial_titles"":1.0,""score"":3.3}'}, {'vudu_id': '943520'}]","[{'167728': 'rovi_id:1136529757,Map_reason:not found in projectx'}, {'gb_id': '160725'}]",,,False,Fail,Fail,True,True
1330337,2038104916,My Little Pony: The Movie,2017,12285863,12285863,,,,,,Pass,Pass,,
1330335,4301940641,Suburbicon,2017,164903,164903,,,,,,Pass,Pass,,
1330331,3856285023,Jigsaw,2017,162661,162661,,,,,,Pass,Pass,,
1328123,1924175574,Stronger,2017,165871,165871,,,,,,Pass,Pass,,
1393219,5035183624,Lane 1974,2017,1030147,1030147,,,,,,Pass,Pass,,
1375487,5342982787,Dust 2 Glory,2017,355710,355710,,,,,,Pass,Pass,,
1332604,5612711641,Spinning Man,2018,1055959,1055959,,,,,,Pass,Pass,,
1353037,522281300,A 2nd Chance,2014,12708,12708,,,,,,Pass,Pass,,
1337795,4065654735,The Housemaid,2016,1010897,1010897,,,,,,Pass,Pass,,
1322698,5200261243,American Bigfoot,2017,337229,12978924,"[{'gb_id': '155366'}, {'source_id': '1322698,Map_reason:{""color"":1,""language"":1,""credits"":0,""directors"":0,""part_names"":0,""episode_titles"":0,""genres"":0,""amazon"":0,""netflix"":0,""hulu"":0,""hbo"":0,""showtime"":0,""vudu"":0,""episode_airdates"":0,""season_count"":0,""genres_missing"":1,""credits_missing"":1,""directors_missing"":1,""part_names_missing"":1,""release_year"":1,""run_time"":0,""release_year_diff"":0,""release_year_missing"":0,""run_time_diff"":1,""run_time_missing"":0,""levenshtein_titles"":1.0,""cosine_titles"":1.0,""partial_titles"":1,""id_1"":""projectx:12978924"",""id_2"":""hulu:1322698"",""score"":3.2}'}]","[{'337229': 'rovi_id:5200261243,Map_reason:{""titleMapType"":""Partial"",""titleScore"":0.6,""releaseDateMatch"":true,""airDateMatch"":false,""ottMatch"":0.0,""creditCount"":4,""totalScore"":0.0,""LanguageMatch"":true,""creditWeight"":0.5}'}]",,,False,Fail,Fail,True,False
1344398,6343274656,Gemini,2017,1072131,13602307,"[{'13602307': 'rovi_id:7176436941,Map_reason:{""titleMapType"":""Exact"",""titleScore"":1.0,""releaseDateMatch"":true,""airDateMatch"":false,""ottMatch"":0.0,""creditCount"":40,""totalScore"":0.0,""LanguageMatch"":false,""creditWeight"":0.5}'}, {'source_id': '1344398,Map_reason:{""color"":0,""language"":1,""credits"":0,""directors"":0,""part_names"":0,""episode_titles"":0,""genres"":0,""amazon"":0,""netflix"":0,""hulu"":0,""hbo"":0,""showtime"":0,""vudu"":0,""episode_airdates"":0,""season_count"":0,""genres_missing"":1,""credits_missing"":1,""directors_missing"":1,""part_names_missing"":1,""release_year"":1.0,""run_time"":0,""release_year_diff"":0,""release_year_missing"":0,""run_time_diff"":2396,""run_time_missing"":0,""levenshtein_titles"":1.0,""cosine_titles"":1.0,""partial_titles"":1,""id_1"":""projectx:13602307"",""id_2"":""hulu:1344398"",""score"":3.2}'}]","[{'1072131': 'rovi_id:6343274656,Map_reason:{""titleMapType"":""Exact"",""titleScore"":1.0,""releaseDateMatch"":true,""airDateMatch"":false,""ottMatch"":0.0,""creditCount"":364,""totalScore"":0.0,""LanguageMatch"":true,""creditWeight"":0.5}'}]",True,,False,Fail,Fail,False,False
1361218,2454450,Barbie Presents: Thumbelina,2009,82704,82704,,,,,,Pass,Pass,,
1391869,3181415678,A Dog for Christmas,2015,303224,303224,,,,,,Pass,Pass,,
1324604,5586056059,Art of the Game: Ukiyo-e Heroes,2018,1048747,1048747,,,,,,Pass,Pass,,
1327742,6387405290,Active Measures,2018,1075073,1075073,,,,,,Pass,Pass,,
1341429,4698273386,Love After Love,2017,1028493,1028493,,,,,,Pass,Pass,,
1326639,6249161263,Midnighters,2017,1069527,1069527,,,,,,Pass,Pass,,
1326637,4962802591,The Female Brain,2017,1052459,1052459,,,,,,Pass,Pass,,
1413208,6064134532,Love Gilda,2018,1074985,1074985,,,,,,Pass,Pass,,
1413208,6064134532,Love Gilda,2018,1074985,1074985,,,,,,Pass,Pass,,
1323110,4861945616,A Ciambra,2017,168932,168932,,,,,,Pass,Pass,,
1417830,5629590329,Bad Reputation,2018,1060355,1060355,,,,,,Pass,Pass,,
1323433,5338622555,Mother Krampus,2017,339349,339349,,,,,,Pass,Pass,,
1351325,426224,The Night We Never Met,1993,89920,89920,,,,,,Pass,Pass,,
1314480,1441833,The Time Machine,2002,60585,60585,,,,,,Pass,Pass,,
1327741,4698273346,Flower,2017,1029229,1029229,,,,,,Pass,Pass,,
1332602,5004458590,Grace Jones: Bloodlight and Bami,2017,1053716,1053716,,,,,,Pass,Pass,,
1323509,5629590231,Minding the Gap,2018,1072484,1072484,,,,,,Pass,Pass,,
1316072,7135699147,The Beatles: Made on Merseyside,2018,13542542,12976448,"[{'gb_id': '162949'}, {'source_id': '1316072,Map_reason:{""color"":1,""language"":1,""credits"":0,""directors"":0,""part_names"":0,""episode_titles"":0,""genres"":0,""amazon"":0,""netflix"":0,""hulu"":0,""hbo"":0,""showtime"":0,""vudu"":0,""episode_airdates"":0,""season_count"":0,""genres_missing"":1,""credits_missing"":1,""directors_missing"":1,""part_names_missing"":1,""release_year"":1.0,""run_time"":1,""release_year_diff"":0,""release_year_missing"":0,""run_time_diff"":0,""run_time_missing"":0,""levenshtein_titles"":1.0,""cosine_titles"":1.0,""partial_titles"":1,""id_1"":""projectx:12976448"",""id_2"":""hulu:1316072"",""score"":3.3}'}]","[{'13542542': 'rovi_id:7135699147,Map_reason:{""titleMapType"":""Exact"",""titleScore"":1.0,""releaseDateMatch"":true,""airDateMatch"":false,""ottMatch"":0.0,""creditCount"":9,""totalScore"":0.0,""LanguageMatch"":false,""creditWeight"":0.5}'}]",,,False,Fail,Fail,True,False
1312732,3232970175,Mother!,2017,162447,162447,,,,,,Pass,Pass,,
1322701,5493407261,Elf on the Run,2017,341429,341429,,,,,,Pass,Pass,,
1322700,5030675258,Kept Boy,2017,1029942,1029942,,,,,,Pass,Pass,,
1381654,5636308577,Luis and the Aliens,2018,1072125,1072125,,,,,,Pass,Pass,,
1312736,2353993,G.I. Joe: The Rise of Cobra,2009,85158,85158,,,,,,Pass,Pass,,
1322702,3657361926,Do You Take This Man,2017,1028428,1028428,,,,,,Pass,Pass,,
1325027,4192100847,My Little Sister,2017,337265,337265,,,,,,Pass,Pass,,
1329185,5240491838,Antihuman,2017,1037731,1037731,,,,,,Pass,Pass,,
1323890,650703438,Hunt for the Labyrinth Killer,2013,30178,12970118,"[{'source_id': '1323890,Map_reason:{""color"":1,""language"":1,""credits"":0,""directors"":0,""part_names"":0,""episode_titles"":0,""genres"":0,""amazon"":0,""netflix"":0,""hulu"":0,""hbo"":0,""showtime"":0,""vudu"":0,""episode_airdates"":0,""season_count"":0,""genres_missing"":1,""credits_missing"":1,""directors_missing"":1,""part_names_missing"":1,""release_year"":1,""run_time"":0,""release_year_diff"":0,""release_year_missing"":0,""run_time_diff"":0,""run_time_missing"":1,""levenshtein_titles"":1.0,""cosine_titles"":1.0,""partial_titles"":1,""id_1"":""projectx:12970118"",""id_2"":""hulu:1323890"",""score"":3.2}'}, {'gb_id': '88389'}]","[{'30178': 'rovi_id:650703438,Map_reason:not found in projectx'}]",,,False,Fail,Fail,True,False
1323868,6421570343,Crime + Punishment,2018,1074572,1074572,,,,,,Pass,Pass,,
1322705,19769444,Deadly Sibling Rivalry,2011,227795,227795,,,,,,Pass,Pass,,
1306885,2401593,The Good the Bad the Weird,2008,79447,79447,,,,,,Pass,Pass,,
1315458,5612026237,Freak Show ,2017,1049826,1049826,,,,,,Pass,Pass,,
1319811,4857995886,The Cage Fighter,2017,1042965,1042965,,,,,,Pass,Pass,,
1315452,5273902359,The Midnight Man,2018,1038764,1038764,,,,,,Pass,Pass,,
1371349,4769392653,Parks,2017,1071879,1071879,,,,,,Pass,Pass,,
1308244,5117637006,Status Update,2018,1060153,1060153,,,,,,Pass,Pass,,
1315454,4698273436,Devil's Gate,2018,169107,169107,,,,,,Pass,Pass,,
1399069,1171600685,The Lovers ,2015,146552,146552,,,,,,Pass,Pass,,
1307150,1862604425,Fan Girl,2015,148330,148330,,,,,,Pass,Pass,,
1307544,1687044,Crimes of Fashion,2004,23708,23708,,,,,,Pass,Pass,,
1352173,6133235049,Capture,2017,353824,353824,,,,,,Pass,Pass,,
1305794,8417498,Barbie and the Three Musketeers,2009,5876,5876,,,,,,Pass,Pass,,
1352134,5140540008,The Gospel According to Andr,2017,1057874,1057874,,,,,,Pass,Pass,,
1323070,4549092278,The Ice Cream Truck,2017,1029223,1029223,,,,,,Pass,Pass,,
1323072,4439932797,Gremlin,2017,1024256,1024256,,,,,,Pass,Pass,,
1322710,4004391023,Don't Be Bad ,2015,985864,14618507,"[{'source_id': '1322710,Map_reason:new'}]","[{'985864': 'rovi_id:4004391023,Map_reason:not found in projectx'}, {'gb_id': '151828'}, {'vudu_id': '856320'}]",,,False,Fail,Fail,True,True
1323068,5024343779,Circus Kane,2017,1029845,1029845,,,,,,Pass,Pass,,
1323071,5131651246,#Captured ,2017,336871,336871,,,,,,Pass,Pass,,
1323065,4892196689,Alien: Reign of Man,2017,1024304,1024304,,,,,,Pass,Pass,,
1336283,1075452,Hardware,1990,91746,91746,,,,,,Pass,Pass,,
