Hulu_sm_id,Rovi_sm_id,projectx_id_rovi,projectx_id_Hulu,Dev_Hulu_px_mapped,Dev_rovi_px_mapped,another_rovi_id_present,another_Hulu_id_present,variant_present,Comment,Result of mapping series
23104,423676,3237787,3237787,,,,,,Pass,Pass
2526,19955815,7416640,7416640,,,,,,Pass,Pass
969,2001797,5268599,5268599,,,,,,Pass,Pass
14534,657909895,8361785,8361785,,,,,,Pass,Pass
42968,6158516961,11589819,11589819,,,,,,Pass,Pass
10134,9641117,3754885,3754885,,,,,,Pass,Pass
29573,3598912438,3901739,3901739,,,,,,Pass,Pass
45691,6126106459,11578468,11578468,,,,,,Pass,Pass
27929,1718521201,9493056,9493056,,,,,,Pass,Pass
948,1499462256,9392659,5406518,"[{'9392659': 'rovi_id:2323136,Map_reason:{""titleMapType"":""Exact"",""titleScore"":1.0,""releaseDateMatch"":false,""airDateMatch"":false,""ottMatch"":0.0,""creditCount"":0,""totalScore"":0.0,""LanguageMatch"":true,""creditWeight"":0.0}'}, {'source_id': '948,Map_reason:{""color"":0.0,""language"":1.0,""credits"":0.0,""directors"":0.0,""part_names"":0.0,""episode_titles"":0.0,""genres"":0.0,""amazon"":0.0,""netflix"":0.0,""hulu"":0.0,""hbo"":0.0,""showtime"":0.0,""vudu"":0.0,""episode_airdates"":0.0,""season_count"":0.0,""genres_missing"":1.0,""credits_missing"":1.0,""directors_missing"":1.0,""part_names_missing"":1.0,""release_year"":1.0,""run_time"":0.0,""release_year_diff"":0.0,""release_year_missing"":0.0,""run_time_diff"":1063.0,""run_time_missing"":0.0,""levenshtein_titles"":1.0,""cosine_titles"":1.0,""partial_titles"":1.0,""score"":3.2}'}]","[{'9392659': 'rovi_id:1499462256,Map_reason:{""titleMapType"":""Exact"",""titleScore"":1.0,""releaseDateMatch"":false,""airDateMatch"":false,""ottMatch"":0.0,""creditCount"":0,""totalScore"":0.0,""LanguageMatch"":true,""creditWeight"":0.0}'}]",True,,False,Fail,Fail
27927,3498736112,10362103,10362103,,,,,,Pass,Pass
45630,7301248684,13778697,13778697,,,,,,Pass,Pass
15419,545271034,3375256,3375256,,,,,,Pass,Pass
45275,6126101751,11578637,11578637,,,,,,Pass,Pass
42964,6841046834,12336959,12336959,,,,,,Pass,Pass
41614,6482947622,11692299,11692299,,,,,,Pass,Pass
11907,288179084,7831856,7831856,,,,,,Pass,Pass
46246,7417305400,14007131,14007131,,,,,,Pass,Pass
30964,4441150261,10886143,10886143,,,,,,Pass,Pass
37594,1716560916,9491316,14631881,"[{'source_id': '37594,Map_reason:new'}]","[{'9491316': 'rovi_id:1716560916,Map_reason:not found in projectx'}]",,,False,Fail,Fail
18159,1100126377,3906606,3906606,,,,,,Pass,Pass
149,1833559,2787591,2787591,,,,,,Pass,Pass
40737,6305562767,11641043,11641043,,,,,,Pass,Pass
36549,5134616722,11209961,11209961,,,,,,Pass,Pass
10921,556694734,8242674,8242674,,,,,,Pass,Pass
16842,853368025,8622999,8622999,,,,,,Pass,Pass
17312,885603082,3523975,3523975,,,,,,Pass,Pass
45192,6114844956,11576230,11576230,,,,,,Pass,Pass
45629,7235156530,13694052,13694052,,,,,,Pass,Pass
45693,6523519545,11704046,11704046,,,,,,Pass,Pass
45694,6322515121,11639686,11639686,,,,,,Pass,Pass
45692,7215013089,13666828,13666828,,,,,,Pass,Pass
38393,3927953791,4572686,4572686,,,,,,Pass,Pass
4726,12219366,12264638,14619139,"[{'source_id': '4726,Map_reason:new'}]","[{'12264638': 'rovi_id:12219366,Map_reason:{""titleMapType"":""Exact"",""titleScore"":1.0,""releaseDateMatch"":true,""airDateMatch"":false,""ottMatch"":0.0,""creditCount"":123,""totalScore"":0.0,""LanguageMatch"":false,""creditWeight"":0.5}'}]",,,False,Fail,Fail
22015,18941804,3085148,3085148,,,,,,Pass,Pass
45604,6387226164,11663263,11663263,,,,,,Pass,Pass
40270,6125184753,11580155,11580155,,,,,,Pass,Pass
38378,1632179508,9452001,9452001,,,,,,Pass,Pass
45400,6274335618,11625228,14050711,"[{'source_id': '45400,Map_reason:{""color"":1,""language"":1,""credits"":0,""directors"":0,""part_names"":0,""episode_titles"":1.0,""genres"":0,""amazon"":0,""netflix"":0,""hulu"":0,""hbo"":0,""showtime"":0,""vudu"":0,""episode_airdates"":0,""season_count"":0,""genres_missing"":1,""credits_missing"":1,""directors_missing"":1,""part_names_missing"":1,""release_year"":1.0,""run_time"":0,""levenshtein_titles"":1.0,""cosine_titles"":1.0,""partial_titles"":1,""id_1"":""projectx:14050711"",""id_2"":""hulu:45400"",""score"":4.2}'}]","[{'11625228': 'rovi_id:6274335618,Map_reason:not found in projectx'}]",,,False,Fail,Fail
39605,6105279550,3983954,3983954,,,,,,Pass,Pass
40148,6205370070,11604145,11604145,,,,,,Pass,Pass
44206,6118130991,11576172,11576172,,,,,,Pass,Pass
28927,3529341346,3975012,3975012,,,,,,Pass,Pass
37924,4835465601,11071787,11071787,,,,,,Pass,Pass
10008,22537135,2986952,2986952,,,,,,Pass,Pass
33387,3469817500,10348499,10348499,,,,,,Pass,Pass
20623,1213595658,3512826,3512826,,,,,,Pass,Pass
45563,7366511731,13910709,14167017,"[{'source_id': '45563,Map_reason:{""color"":1.0,""language"":1.0,""credits"":0.0,""directors"":0.0,""part_names"":0.0,""episode_titles"":1.0,""genres"":0.0,""amazon"":0.0,""netflix"":0.0,""hulu"":0.0,""hbo"":0.0,""showtime"":0.0,""vudu"":0.0,""episode_airdates"":0.0,""season_count"":0.0,""genres_missing"":1.0,""credits_missing"":1.0,""directors_missing"":1.0,""part_names_missing"":1.0,""release_year"":1.0,""run_time"":0.0,""levenshtein_titles"":1.0,""cosine_titles"":1.0,""partial_titles"":1.0,""score"":4.2}'}]","[{'13910709': 'rovi_id:7366511731,Map_reason:{""titleMapType"":""Partial"",""titleScore"":0.6,""releaseDateMatch"":false,""airDateMatch"":false,""ottMatch"":0.0,""creditCount"":0,""totalScore"":0.0,""LanguageMatch"":true,""creditWeight"":0.0}'}]",,,False,Fail,Fail
27441,3447017149,10338675,10338675,,,,,,Pass,Pass
42462,6685104582,11747171,11675538,"[{'11747171': 'rovi_id:6432751816,Map_reason:not found in projectx'}, {'source_id': '42462,Map_reason:{""color"":0,""language"":1,""credits"":0,""directors"":0,""part_names"":0,""episode_titles"":1.0,""genres"":0,""amazon"":0,""netflix"":0,""hulu"":0,""hbo"":0,""showtime"":0,""vudu"":0,""episode_airdates"":0,""season_count"":0,""genres_missing"":1,""credits_missing"":1,""directors_missing"":1,""part_names_missing"":1,""release_year"":1.0,""run_time"":0,""levenshtein_titles"":0.6666666667,""cosine_titles"":0.7888106377,""partial_titles"":1,""id_1"":""projectx:11675538"",""id_2"":""hulu:42462"",""score"":3.6554773044}'}]","[{'11747171': 'rovi_id:6685104582,Map_reason:not found in projectx'}]",True,,False,Fail,Fail
15533,969719785,3534494,3534494,,,,,,Pass,Pass
24499,1520308324,3695401,3695401,,,,,,Pass,Pass
41615,6482947620,11692302,11692302,,,,,,Pass,Pass
28945,3958610517,10488559,10488559,,,,,,Pass,Pass
28941,3958606470,10488671,10488671,,,,,,Pass,Pass
39878,3469804542,4008325,4008325,,,,,,Pass,Pass
45021,7209092198,13654311,13714916,"[{'source_id': '45021,Map_reason:{""color"":1,""language"":1,""credits"":0,""directors"":0,""part_names"":0,""episode_titles"":1.0,""genres"":0,""amazon"":0,""netflix"":0,""hulu"":0,""hbo"":0,""showtime"":0,""vudu"":0,""episode_airdates"":0,""season_count"":0,""genres_missing"":1,""credits_missing"":1,""directors_missing"":1,""part_names_missing"":1,""release_year"":1,""run_time"":0,""levenshtein_titles"":1.0,""cosine_titles"":1.0,""partial_titles"":1,""id_1"":""projectx:13714916"",""id_2"":""hulu:45021"",""score"":4.2}'}]","[{'13654311': 'rovi_id:7209092198,Map_reason:not found in projectx'}]",,,False,Fail,Fail
108,1943063,2914289,2914289,,,,,,Pass,Pass
37925,4524138849,10938583,10938583,,,,,,Pass,Pass
14717,438295376,8116534,8116534,,,,,,Pass,Pass
11258,66762494,3352309,3352309,,,,,,Pass,Pass
16720,548704327,3548098,3548098,,,,,,Pass,Pass
25077,1520308398,3885860,3885860,,,,,,Pass,Pass
43726,6094002164,11570177,11570177,,,,,,Pass,Pass
44195,5332969924,11301732,13061996,"[{'source_id': '44195,Map_reason:{""color"":1,""language"":1,""credits"":0,""directors"":0,""part_names"":0,""episode_titles"":1.0,""genres"":0,""amazon"":0,""netflix"":0,""hulu"":0,""hbo"":0,""showtime"":0,""vudu"":0,""episode_airdates"":0,""season_count"":0,""genres_missing"":1,""credits_missing"":1,""directors_missing"":1,""part_names_missing"":1,""release_year"":0.9,""run_time"":0,""levenshtein_titles"":1.0,""cosine_titles"":1.0,""partial_titles"":1,""id_1"":""projectx:13061996"",""id_2"":""hulu:44195"",""score"":4.18}'}]","[{'11301732': 'rovi_id:5332969924,Map_reason:not found in projectx'}]",,,False,Fail,Fail
44128,6118122449,11576225,11576225,,,,,,Pass,Pass
43858,6835157316,12319395,12319395,,,,,,Pass,Pass
19738,1046915120,3561569,3561569,,,,,,Pass,Pass
41052,6133056103,11580878,11580878,,,,,,Pass,Pass
28398,3537275773,10375582,10375582,,,,,,Pass,Pass
45265,7269915750,13734096,13734096,,,,,,Pass,Pass
43234,6114828796,11576412,11576412,,,,,,Pass,Pass
43857,6093695423,11570161,11570161,,,,,,Pass,Pass
43730,6387226156,11663205,11663205,,,,,,Pass,Pass
77,678766,3187938,3187938,,,,,,Pass,Pass
28111,1352271327,3703761,3703761,,,,,,Pass,Pass
35103,3958611399,10489061,10489061,,,,,,Pass,Pass
25839,1520308254,3728358,3728358,,,,,,Pass,Pass
389,1103250,3001199,3001199,,,,,,Pass,Pass
15137,545238693,3455374,3455374,,,,,,Pass,Pass
2252,1790203,12258170,12258170,,,,,,Pass,Pass
38391,5764326624,3982498,3982498,,,,,,Pass,Pass
44318,424457,2737436,2737436,,,,,,Pass,Pass
41108,2169469,4011331,6526478,"[{'4011331': 'rovi_id:6108010615,Map_reason:{""titleMapType"":""Exact"",""titleScore"":1.0,""releaseDateMatch"":false,""airDateMatch"":false,""ottMatch"":0.0,""creditCount"":9,""totalScore"":0.0,""LanguageMatch"":false,""creditWeight"":0.5}'}, {'source_id': '41108,Map_reason:{""color"":0,""language"":1,""credits"":0,""directors"":0,""part_names"":0,""episode_titles"":1.0,""genres"":0,""amazon"":0,""netflix"":0,""hulu"":0,""hbo"":0,""showtime"":0,""vudu"":0,""episode_airdates"":0,""season_count"":0,""genres_missing"":1,""credits_missing"":1,""directors_missing"":1,""part_names_missing"":1,""release_year"":1.0,""run_time"":0,""levenshtein_titles"":1.0,""cosine_titles"":1.0,""partial_titles"":1,""id_1"":""projectx:6526478"",""id_2"":""hulu:41108"",""score"":4.2}'}]","[{'4011331': 'rovi_id:2169469,Map_reason:not found in projectx'}]",True,,False,Fail,Fail
10077,1665868,2978015,2978015,,,,,,Pass,Pass
36295,5154536337,3942662,3942662,,,,,,Pass,Pass
58,424454,2950465,2950465,,,,,,Pass,Pass
54,469459,2770453,2770453,,,,,,Pass,Pass
4910,13895757,3730824,3730824,,,,,,Pass,Pass
40932,6126169752,11578691,11578691,,,,,,Pass,Pass
183,1700379,2868503,14531875,"[{'source_id': '183,Map_reason:new'}]","[{'2868503': 'rovi_id:1700379,Map_reason:not found in projectx'}]",,,False,Fail,Fail
2528,372792,3116951,3116951,,,,,,Pass,Pass
15630,66528719,3388352,14622032,"[{'source_id': '15630,Map_reason:new'}]","[{'3388352': 'rovi_id:66528719,Map_reason:not found in projectx'}]",,,False,Fail,Fail
30678,1527043832,3732547,3732547,,,,,,Pass,Pass
39077,5968899845,4000788,4000788,,,,,,Pass,Pass
43715,6126145635,11578470,11578470,,,,,,Pass,Pass
7560,18829943,3142606,3142606,,,,,,Pass,Pass
35,1855730,2790678,2790678,,,,,,Pass,Pass
6653,8190180,2995283,2995283,,,,,,Pass,Pass
18926,1089763045,3470733,3470733,,,,,,Pass,Pass
31785,1468614244,9363617,9363617,,,,,,Pass,Pass
41053,6126108667,11578368,11578368,,,,,,Pass,Pass
42966,5710542753,11446157,11446157,,,,,,Pass,Pass
2553,17503250,2856416,2856416,,,,,,Pass,Pass
15360,551107132,3441971,3441971,,,,,,Pass,Pass
40980,6356873250,11650756,11650756,,,,,,Pass,Pass
38824,5735958523,11464917,11464917,,,,,,Pass,Pass
21027,1046915345,6847620,6847620,,,,,,Pass,Pass
29200,1795686198,3851648,3851648,,,,,,Pass,Pass
36342,4571561276,3974947,3974947,,,,,,Pass,Pass
30975,3912405551,3835753,3835753,,,,,,Pass,Pass
26129,1487574183,9382417,9382417,,,,,,Pass,Pass
31748,3361848647,10294431,10294431,,,,,,Pass,Pass
2465,2496292,3010770,3010770,,,,,,Pass,Pass
6901,66043970,7626278,7626278,,,,,,Pass,Pass
22397,288923,2786375,2786375,,,,,,Pass,Pass
34058,4833219966,3964299,3964299,,,,,,Pass,Pass
19289,951700899,3919012,3919012,,,,,,Pass,Pass
10405,19099285,7313831,7313831,,,,,,Pass,Pass
39882,1693274276,9476557,9476557,,,,,,Pass,Pass
30618,3971708507,3786898,3786898,,,,,,Pass,Pass
41276,379188,4154973,4154973,,,,,,Pass,Pass
44626,7171855777,13601040,13601040,,,,,,Pass,Pass
33370,3150749058,3752168,3752168,,,,,,Pass,Pass
16531,2481212,3231760,3231760,,,,,,Pass,Pass
44413,7079665665,13485311,13485311,,,,,,Pass,Pass
19937,9660826,3440993,3440993,,,,,,Pass,Pass
41140,6085573603,4003702,4003702,,,,,,Pass,Pass
29466,2077737823,3741553,3741553,,,,,,Pass,Pass
44170,299922709,3397857,3397857,,,,,,Pass,Pass
36368,5620438188,11411039,11411039,,,,,,Pass,Pass
28402,3537303730,3961221,3961221,,,,,,Pass,Pass
21869,1059913750,3717798,3717798,,,,,,Pass,Pass
16937,864102044,3931245,3931245,,,,,,Pass,Pass
37843,4515301695,10932410,10932410,,,,,,Pass,Pass
43265,6093644104,11569952,11569952,,,,,,Pass,Pass
14658,585245965,3896627,3896627,,,,,,Pass,Pass
44208,6967197854,12795654,12795654,,,,,,Pass,Pass
32435,3432828826,10332334,10332334,,,,,,Pass,Pass
28409,3569700416,3907797,3907797,,,,,,Pass,Pass
36382,4607821614,10976601,10976601,,,,,,Pass,Pass
12547,21702641,3228671,3228671,,,,,,Pass,Pass
44199,7030158022,12928990,12928990,,,,,,Pass,Pass
44790,5892936400,3965658,3965658,,,,,,Pass,Pass
14518,2280339,2896131,2896131,,,,,,Pass,Pass
36553,4595486221,10971214,10971214,,,,,,Pass,Pass
2458,2490775,3035930,3035930,,,,,,Pass,Pass
10526,291424,3053265,14128790,"[{'source_id': '10526,Map_reason:{""color"":1.0,""language"":1.0,""credits"":0.0,""directors"":0.0,""part_names"":0.0,""episode_titles"":0.641025641,""genres"":0.0,""amazon"":0.0,""netflix"":0.0,""hulu"":0.0,""hbo"":0.0,""showtime"":0.0,""vudu"":0.0,""episode_airdates"":0.0,""season_count"":0.0,""genres_missing"":1.0,""credits_missing"":1.0,""directors_missing"":1.0,""part_names_missing"":1.0,""release_year"":1.0,""run_time"":0.0,""levenshtein_titles"":1.0,""cosine_titles"":1.0,""partial_titles"":1.0,""score"":3.841025641}'}]","[{'3053265': 'rovi_id:291424,Map_reason:not found in projectx'}]",,,False,Fail,Fail
30694,1733519651,9499559,9499559,,,,,,Pass,Pass
29849,1330166525,9234293,9234293,,,,,,Pass,Pass
38827,4501611638,10915673,10915673,,,,,,Pass,Pass
43245,6857040883,12365669,12365669,,,,,,Pass,Pass
18373,1024698983,8851400,8851400,,,,,,Pass,Pass
28880,3496228154,10360536,10360536,,,,,,Pass,Pass
14948,595046614,3715872,3715872,,,,,,Pass,Pass
38835,4803539292,11056238,11056238,,,,,,Pass,Pass
16388,526606215,3397424,3397424,,,,,,Pass,Pass
41230,3743637068,3860175,3860175,,,,,,Pass,Pass
18104,500774877,3685370,3685370,,,,,,Pass,Pass
38928,4007516256,10513987,10513987,,,,,,Pass,Pass
44794,5609903532,11408155,11408155,,,,,,Pass,Pass
31300,4057895882,10578709,10578709,,,,,,Pass,Pass
6610,18821250,7227940,7227940,,,,,,Pass,Pass
31017,535276008,3973315,3973315,,,,,,Pass,Pass
44489,6393212280,11657892,11657892,,,,,,Pass,Pass
27870,1531422496,3582263,3582263,,,,,,Pass,Pass
42849,5628083311,11413692,11413692,,,,,,Pass,Pass
28076,729774554,3771897,3771897,,,,,,Pass,Pass
42687,3709278889,3802117,3802117,,,,,,Pass,Pass
20477,1163403567,3750694,3750694,,,,,,Pass,Pass
20233,297353587,3282288,3282288,,,,,,Pass,Pass
44485,724318699,3821974,3821974,,,,,,Pass,Pass
24002,1861832157,9952006,9952006,,,,,,Pass,Pass
34368,4571912205,3928640,3928640,,,,,,Pass,Pass
42606,4611217194,10977868,10977868,,,,,,Pass,Pass
35082,7283969042,12953806,12953806,,,,,,Pass,Pass
13482,67048271,3363023,3363023,,,,,,Pass,Pass
40393,7240626252,13048529,13048529,,,,,,Pass,Pass
39875,5329793744,11299954,11299954,,,,,,Pass,Pass
39811,593542918,3392732,14634111,"[{'source_id': '39811,Map_reason:new'}]","[{'3392732': 'rovi_id:593542918,Map_reason:not found in projectx'}]",,,False,Fail,Fail
44153,6464596275,11687887,11687887,,,,,,Pass,Pass
43592,6791972832,11779367,11779367,,,,,,Pass,Pass
42764,6387110321,11663358,11663358,,,,,,Pass,Pass
43264,5730186065,11463168,13798449,"[{'source_id': '43264,Map_reason:{""color"":1,""language"":1,""credits"":0,""directors"":0,""part_names"":0,""episode_titles"":1.0,""genres"":0,""amazon"":0,""netflix"":0,""hulu"":0,""hbo"":0,""showtime"":0,""vudu"":0,""episode_airdates"":0,""season_count"":1,""genres_missing"":1,""credits_missing"":1,""directors_missing"":1,""part_names_missing"":1,""release_year"":1,""run_time"":0,""release_year_diff"":0,""release_year_missing"":0,""run_time_diff"":0,""run_time_missing"":1,""levenshtein_titles"":1.0,""cosine_titles"":1.0,""partial_titles"":1,""id_1"":""projectx:13798449"",""id_2"":""hulu:43264"",""score"":4.3}'}]","[{'11463168': 'rovi_id:5730186065,Map_reason:not found in projectx'}]",,,False,Fail,Fail
42658,6136567814,11606064,11606064,,,,,,Pass,Pass
19681,961678690,3515085,3515085,,,,,,Pass,Pass
41137,5238795617,11262387,11262387,,,,,,Pass,Pass
28173,3355649171,3795251,3795251,,,,,,Pass,Pass
34202,4839848697,3925360,3925360,,,,,,Pass,Pass
43731,7003570292,12923854,12923854,,,,,,Pass,Pass
20900,22327679,3240575,3240575,,,,,,Pass,Pass
21915,1352212822,3744632,3744632,,,,,,Pass,Pass
12666,66674216,3292853,3292853,,,,,,Pass,Pass
43240,6848998183,12353465,12353465,,,,,,Pass,Pass
41107,6104835402,11572421,11572421,,,,,,Pass,Pass
3433,17892128,7061546,7061546,,,,,,Pass,Pass
22413,554104529,3482375,3482375,,,,,,Pass,Pass
27402,1053487330,3972611,3972611,,,,,,Pass,Pass
8971,12416270,2991125,2991125,,,,,,Pass,Pass
39791,6048860312,11557983,11557983,,,,,,Pass,Pass
18315,1034922923,3877446,3877446,,,,,,Pass,Pass
148,1808332,3031718,3031718,,,,,,Pass,Pass
40452,6278188013,11625556,11625556,,,,,,Pass,Pass
32325,1509549718,3569832,3569832,,,,,,Pass,Pass
2163,1783272,3055128,3055128,,,,,,Pass,Pass
40954,6363757302,11653645,11653645,,,,,,Pass,Pass
34334,1748341669,3898673,3898673,,,,,,Pass,Pass
150,2228037,3008441,3008441,,,,,,Pass,Pass
38570,3388593113,10307309,10307309,,,,,,Pass,Pass
31163,4418226151,10274348,10274348,,,,,,Pass,Pass
26440,2003648894,10076731,10076731,,,,,,Pass,Pass
41594,6266988596,11622569,11622569,,,,,,Pass,Pass
66,425355,12258571,12258571,,,,,,Pass,Pass
42746,6834589992,12318795,12318795,,,,,,Pass,Pass
24192,1460764233,3910187,3910187,,,,,,Pass,Pass
42522,6958432941,12913760,12913760,,,,,,Pass,Pass
40931,6090076954,11568756,11568756,,,,,,Pass,Pass
404,2280424,2993501,2993501,,,,,,Pass,Pass
43255,6875343947,12384625,12384625,,,,,,Pass,Pass
2467,394845,4159570,4159570,,,,,,Pass,Pass
4638,971058,2913284,2913284,,,,,,Pass,Pass
41106,6126145627,11578469,11578469,,,,,,Pass,Pass
42690,6797614545,11785509,11785509,,,,,,Pass,Pass
42691,1509238735,9398770,13024262,"[{'source_id': '42691,Map_reason:{""color"":1,""language"":1,""credits"":0,""directors"":0,""part_names"":0,""episode_titles"":1.0,""genres"":0,""amazon"":0,""netflix"":0,""hulu"":0,""hbo"":0,""showtime"":0,""vudu"":0,""episode_airdates"":0,""season_count"":0,""genres_missing"":1,""credits_missing"":1,""directors_missing"":1,""part_names_missing"":1,""release_year"":1.0,""run_time"":0,""levenshtein_titles"":1.0,""cosine_titles"":1.0,""partial_titles"":1,""id_1"":""projectx:13024262"",""id_2"":""hulu:42691"",""score"":4.2}'}]","[{'9398770': 'rovi_id:1509238735,Map_reason:not found in projectx'}]",,,False,Fail,Fail
33768,1830515077,9926242,9926242,,,,,,Pass,Pass
30270,3960105000,3967108,3967108,,,,,,Pass,Pass
28410,3543112159,3920621,3920621,,,,,,Pass,Pass
512,425957,2736794,2736794,,,,,,Pass,Pass
4289,432465,2955156,2955156,,,,,,Pass,Pass
32868,3357338508,10293181,10293181,,,,,,Pass,Pass
34676,1344536711,3788409,3788409,,,,,,Pass,Pass
6979,429121,3592715,3592715,,,,,,Pass,Pass
21709,21612328,3370120,3370120,,,,,,Pass,Pass
44136,5837494856,11500190,11500190,,,,,,Pass,Pass
19496,1097866694,3702366,3702366,,,,,,Pass,Pass
20220,9882409,2777059,2777059,,,,,,Pass,Pass
43144,5391527173,3932455,3932455,,,,,,Pass,Pass
43114,4625328013,3910391,3910391,,,,,,Pass,Pass
22882,18045939,3225516,3225516,,,,,,Pass,Pass
42807,4455645343,10892117,10892117,,,,,,Pass,Pass
105,2165623,2807480,2807480,,,,,,Pass,Pass
35077,3996871284,3849189,3849189,,,,,,Pass,Pass
1952,1693284,2818260,2818260,,,,,,Pass,Pass
17991,982843766,3482356,3482356,,,,,,Pass,Pass
9801,1673581,2767779,2767779,,,,,,Pass,Pass
35903,1613846338,9443044,9443044,,,,,,Pass,Pass
21479,1327041907,3572114,10061385,"[{'3572114': 'rovi_id:1980398797,Map_reason:not found in projectx'}, {'source_id': '21479,Map_reason:{""color"":0.0,""language"":1.0,""credits"":0.0,""directors"":0.0,""part_names"":0.0,""episode_titles"":1.0,""genres"":0.0,""amazon"":0.0,""netflix"":0.0,""hulu"":0.0,""hbo"":0.0,""showtime"":0.0,""vudu"":0.0,""episode_airdates"":0.0,""season_count"":0.0,""genres_missing"":1.0,""credits_missing"":1.0,""directors_missing"":1.0,""part_names_missing"":1.0,""release_year"":1.0,""run_time"":0.0,""release_year_diff"":0.0,""release_year_missing"":0.0,""run_time_diff"":1069.0,""run_time_missing"":0.0,""levenshtein_titles"":0.5,""cosine_titles"":0.657951695,""partial_titles"":1.0,""score"":3.357951695}'}]","[{'3572114': 'rovi_id:1327041907,Map_reason:not found in projectx'}]",True,,False,Fail,Fail
42761,6318536744,7002183,7002183,,,,,,Pass,Pass
30681,3246213661,10234411,10234411,,,,,,Pass,Pass
42704,5675585513,11431928,11431928,,,,,,Pass,Pass
25323,4272569422,11037373,11037373,,,,,,Pass,Pass
43210,5791377224,11484965,11484965,,,,,,Pass,Pass
29165,3209082878,10175345,10175345,,,,,,Pass,Pass
29402,6899551219,12401307,12401307,,,,,,Pass,Pass
42445,2189760,5356775,14636226,"[{'source_id': '42445,Map_reason:new'}]","[{'5356775': 'rovi_id:2189760,Map_reason:not found in projectx'}]",,,False,Fail,Fail
42739,1672496,2787114,2787114,,,,,,Pass,Pass
16397,19737724,12268529,12268529,,,,,,Pass,Pass
3711,9898869,3577903,3577903,,,,,,Pass,Pass
5004,17094610,3080151,3080151,,,,,,Pass,Pass
35558,1700580783,3807259,3807259,,,,,,Pass,Pass
8108,17265692,6994501,6994501,,,,,,Pass,Pass
36283,1476389597,9371941,9371941,,,,,,Pass,Pass
36444,3357386422,10293196,10293196,,,,,,Pass,Pass
53,1772812,2848425,2848425,,,,,,Pass,Pass
43239,6609745251,11727330,11727330,,,,,,Pass,Pass
5632,17999699,3359713,3359713,,,,,,Pass,Pass
30579,1443670102,3748102,3748102,,,,,,Pass,Pass
27765,936226059,3460396,3460396,,,,,,Pass,Pass
2107,2136156,2803356,2803356,,,,,,Pass,Pass
34540,8468965,5512692,5512692,,,,,,Pass,Pass
9018,22242682,3273311,3273311,,,,,,Pass,Pass
5040,10201515,12259700,12259700,,,,,,Pass,Pass
38956,6786060814,11776667,11776667,,,,,,Pass,Pass
20145,525742851,8197353,8197353,,,,,,Pass,Pass
36126,5501901336,11378710,11378710,,,,,,Pass,Pass
8742,540054093,3463406,3463406,,,,,,Pass,Pass
39436,6015584108,3994111,3994111,,,,,,Pass,Pass
7218,19704743,3186400,3186400,,,,,,Pass,Pass
30932,4698165191,11030113,11030113,,,,,,Pass,Pass
3356,8240941,2999478,2999478,,,,,,Pass,Pass
35473,4844405202,3967343,3967343,,,,,,Pass,Pass
38484,5849850565,3983435,3983435,,,,,,Pass,Pass
33922,4101455323,3865800,3865800,,,,,,Pass,Pass
38,17537987,2757212,2757212,,,,,,Pass,Pass
42089,1772638,2783387,2783387,,,,,,Pass,Pass
41592,6731802411,11757379,11757379,,,,,,Pass,Pass
42555,4129841724,10579976,10579976,,,,,,Pass,Pass
43750,1539923378,9428545,9428545,,,,,,Pass,Pass
31145,4334413915,3912295,14627510,"[{'source_id': '31145,Map_reason:new'}]","[{'3912295': 'rovi_id:4334413915,Map_reason:not found in projectx'}]",,,False,Fail,Fail
41985,2001738,2807021,2807021,,,,,,Pass,Pass
1534,2174288,2854067,2854067,,,,,,Pass,Pass
30576,545323707,3668860,3668860,,,,,,Pass,Pass
177,1933657,3031984,3031984,,,,,,Pass,Pass
12896,334198639,3398365,3398365,,,,,,Pass,Pass
41931,5127978298,11206666,11206666,,,,,,Pass,Pass
30551,1501835939,9393507,13240401,"[{'source_id': '30551,Map_reason:{""color"":1.0,""language"":1.0,""credits"":0.0,""directors"":0.0,""part_names"":0.0,""episode_titles"":0.7450980392,""genres"":0.0,""amazon"":0.0,""netflix"":0.0,""hulu"":0.0,""hbo"":0.0,""showtime"":0.0,""vudu"":0.0,""episode_airdates"":0.0,""season_count"":0.0,""genres_missing"":1.0,""credits_missing"":1.0,""directors_missing"":1.0,""part_names_missing"":1.0,""release_year"":1.0,""run_time"":0.0,""levenshtein_titles"":1.0,""cosine_titles"":1.0,""partial_titles"":1.0,""score"":3.9450980392}'}]","[{'9393507': 'rovi_id:1501835939,Map_reason:not found in projectx'}]",,,False,Fail,Fail
28926,1547449526,3768332,3768332,,,,,,Pass,Pass
30169,1539704524,3850273,3850273,,,,,,Pass,Pass
42230,4261351517,10802376,10802376,,,,,,Pass,Pass
55,424455,2769288,2769288,,,,,,Pass,Pass
37503,5830218262,11495737,11495737,,,,,,Pass,Pass
36741,5732464675,11463433,13088902,"[{'source_id': '36741,Map_reason:{""color"":1,""language"":0,""credits"":0,""directors"":0,""part_names"":0,""episode_titles"":0.9545454545,""genres"":0,""amazon"":0,""netflix"":0,""hulu"":0,""hbo"":0,""showtime"":0,""vudu"":0,""episode_airdates"":0,""season_count"":0,""genres_missing"":1,""credits_missing"":1,""directors_missing"":1,""part_names_missing"":1,""release_year"":0.0,""run_time"":0,""release_year_diff"":0,""release_year_missing"":1,""run_time_diff"":0,""run_time_missing"":1,""levenshtein_titles"":1.0,""cosine_titles"":1.0,""partial_titles"":1,""id_1"":""projectx:13088902"",""id_2"":""hulu:36741"",""score"":3.6545454545}'}]","[{'11463433': 'rovi_id:5732464675,Map_reason:{""titleMapType"":""Partial"",""titleScore"":0.6,""releaseDateMatch"":false,""airDateMatch"":false,""ottMatch"":0.0,""creditCount"":0,""totalScore"":0.0,""LanguageMatch"":false,""creditWeight"":0.0}'}]",,,False,Fail,Fail
19925,1140832592,2989009,2989009,,,,,,Pass,Pass
23897,1191253871,3564823,3564823,,,,,,Pass,Pass
41237,6495577611,11696933,11696933,,,,,,Pass,Pass
22416,12515919,3064292,3064292,,,,,,Pass,Pass
32,486936,4375452,4375452,,,,,,Pass,Pass
290,508610,2751289,2751289,,,,,,Pass,Pass
34,2124203,2811375,2811375,,,,,,Pass,Pass
41090,362032898,8037746,8037746,,,,,,Pass,Pass
30799,3524468527,12287366,12287366,,,,,,Pass,Pass
41642,12009660,5933791,5933791,,,,,,Pass,Pass
1603,9101122,3554754,3554754,,,,,,Pass,Pass
2006,2350601,2854732,2854732,,,,,,Pass,Pass
34517,1350002632,3564432,14435906,"[{'source_id': '34517,Map_reason:new'}]","[{'3564432': 'rovi_id:1350002632,Map_reason:not found in projectx'}]",,,False,Fail,Fail
23200,66763055,3396864,3396864,,,,,,Pass,Pass
1322,2350577,5417518,5417518,,,,,,Pass,Pass
22189,1245706705,3592358,3592358,,,,,,Pass,Pass
11908,556694697,8242502,8242502,,,,,,Pass,Pass
40307,5322506004,11297409,11297409,,,,,,Pass,Pass
29920,4579185421,10963707,10963707,,,,,,Pass,Pass
31283,1373921574,9281237,9281237,,,,,,Pass,Pass
31305,727626046,3495329,14627698,"[{'source_id': '31305,Map_reason:new'}]","[{'3495329': 'rovi_id:727626046,Map_reason:not found in projectx'}]",,,False,Fail,Fail
31985,3927303384,10476413,10476413,,,,,,Pass,Pass
40319,5905364878,11519095,11519095,,,,,,Pass,Pass
11196,1843946,2942109,2942109,,,,,,Pass,Pass
21723,874705204,3430588,9993632,"[{'3430588': 'rovi_id:1934248574,Map_reason:not found in projectx'}, {'source_id': '21723,Map_reason:{""color"":0.0,""language"":1.0,""credits"":0.0,""directors"":0.0,""part_names"":0.0,""episode_titles"":0.75,""genres"":0.0,""amazon"":0.0,""netflix"":0.0,""hulu"":0.0,""hbo"":0.0,""showtime"":0.0,""vudu"":0.0,""episode_airdates"":0.0,""season_count"":0.0,""genres_missing"":1.0,""credits_missing"":1.0,""directors_missing"":1.0,""part_names_missing"":1.0,""release_year"":0.9,""run_time"":0.0,""release_year_diff"":1.0,""release_year_missing"":0.0,""run_time_diff"":1665.0,""run_time_missing"":0.0,""levenshtein_titles"":0.55,""cosine_titles"":0.7223151185,""partial_titles"":1.0,""score"":3.2023151185}'}]","[{'3430588': 'rovi_id:874705204,Map_reason:not found in projectx'}]",True,,False,Fail,Fail
34855,1854020029,10194732,10194732,,,,,,Pass,Pass
14516,661156610,3529815,3529815,,,,,,Pass,Pass
41179,4733572243,11028706,11028706,,,,,,Pass,Pass
16401,526541224,3376808,3376808,,,,,,Pass,Pass
41132,1089763039,8928828,8928828,,,,,,Pass,Pass
41141,362033065,8037752,8037752,,,,,,Pass,Pass
4479,3487139560,10357449,3797032,"[{'10357449': 'rovi_id:1835264,Map_reason:not found in projectx'}, {'source_id': '4479,Map_reason:{""color"":0.0,""language"":1.0,""credits"":0.0,""directors"":0.0,""part_names"":0.0,""episode_titles"":0.0,""genres"":0.0,""amazon"":0.0,""netflix"":0.0,""hulu"":0.0,""hbo"":0.0,""showtime"":0.0,""vudu"":0.0,""episode_airdates"":0.0,""season_count"":0.0,""genres_missing"":1.0,""credits_missing"":1.0,""directors_missing"":1.0,""part_names_missing"":1.0,""release_year"":1.0,""run_time"":0.0,""release_year_diff"":0.0,""release_year_missing"":0.0,""run_time_diff"":1058.0,""run_time_missing"":0.0,""levenshtein_titles"":1.0,""cosine_titles"":1.0,""partial_titles"":1.0,""score"":3.2}'}]","[{'10357449': 'rovi_id:3487139560,Map_reason:not found in projectx'}]",True,,False,Fail,Fail
34062,1339714898,3762533,3762533,,,,,,Pass,Pass
31124,18012765,3364472,3364472,,,,,,Pass,Pass
34140,5073126416,11185016,11185016,,,,,,Pass,Pass
33789,3958169892,10498239,10498239,,,,,,Pass,Pass
1251,1111132,3976502,3976502,,,,,,Pass,Pass
3543,1992960,3611869,3611869,,,,,,Pass,Pass
31165,1875795984,9961698,9961698,,,,,,Pass,Pass
41114,4507943732,10919750,10919750,,,,,,Pass,Pass
40678,5642266721,11432261,11432261,,,,,,Pass,Pass
28830,3432828711,3799715,3799715,,,,,,Pass,Pass
41265,1394193512,3567088,3567088,,,,,,Pass,Pass
3966,2307066,3172674,3172674,,,,,,Pass,Pass
20221,1762428,3218927,3218927,,,,,,Pass,Pass
41227,5081818044,11189379,11189379,,,,,,Pass,Pass
41288,5239558824,3924335,3924335,,,,,,Pass,Pass
41197,5637745332,3966237,3966237,,,,,,Pass,Pass
41194,5191292132,3966424,3966424,,,,,,Pass,Pass
26381,1952213963,7477772,7477772,,,,,,Pass,Pass
29812,1938681649,3869079,3869079,,,,,,Pass,Pass
31583,3223872587,10227926,10227926,,,,,,Pass,Pass
19899,1186263201,3507913,3507913,,,,,,Pass,Pass
18232,212743,2966288,2966288,,,,,,Pass,Pass
6561,17707064,3100158,3100158,,,,,,Pass,Pass
32787,1921449393,3737475,3737475,,,,,,Pass,Pass
30524,3227333584,10229803,10229803,,,,,,Pass,Pass
27489,4092282937,10563505,10563505,,,,,,Pass,Pass
20725,310172451,3394418,3394418,,,,,,Pass,Pass
27771,863977799,12278876,12278876,,,,,,Pass,Pass
30484,3318171758,3759701,3759701,,,,,,Pass,Pass
7795,18851501,3135399,3135399,,,,,,Pass,Pass
40002,5917517421,11522218,11522218,,,,,,Pass,Pass
23898,806354930,10101426,10101426,,,,,,Pass,Pass
26768,1219877239,9063599,9063599,,,,,,Pass,Pass
36519,3754444766,10444037,10444037,,,,,,Pass,Pass
39126,5843470973,11500212,11500212,,,,,,Pass,Pass
17768,500671538,8165207,8165207,,,,,,Pass,Pass
34059,4733252631,3926932,3926932,,,,,,Pass,Pass
23170,1285008503,3858903,3858903,,,,,,Pass,Pass
28662,840112435,8888427,8888427,,,,,,Pass,Pass
28944,3958608413,3957994,3957994,,,,,,Pass,Pass
40414,1703729789,3526709,3526709,,,,,,Pass,Pass
40280,6354089128,3996706,3996706,,,,,,Pass,Pass
29984,461330965,3371467,3371467,,,,,,Pass,Pass
15896,770326629,3395805,3395805,,,,,,Pass,Pass
18970,1064496126,3698332,3698332,,,,,,Pass,Pass
39780,480118,2770983,2770983,,,,,,Pass,Pass
35100,6007610610,11757428,11757428,,,,,,Pass,Pass
27451,4160161076,10719603,10719603,,,,,,Pass,Pass
18114,18040876,3047429,3047429,,,,,,Pass,Pass
30894,4166108032,10721452,10721452,,,,,,Pass,Pass
11226,66762694,3266877,3266877,,,,,,Pass,Pass
36183,1308634,3946162,3946162,,,,,,Pass,Pass
33985,4027704213,3991969,3991969,,,,,,Pass,Pass
25870,1468613896,3769229,3769229,,,,,,Pass,Pass
11997,2224158,3450660,3450660,,,,,,Pass,Pass
27575,1393536880,3704066,3704066,,,,,,Pass,Pass
25303,1081655877,3530719,3530719,,,,,,Pass,Pass
10890,2373513,3072163,14485825,"[{'source_id': '10890,Map_reason:{""color"":1.0,""language"":1.0,""credits"":0.0,""directors"":0.0,""part_names"":0.0,""episode_titles"":0.0,""genres"":0.0,""amazon"":0.0,""netflix"":0.0,""hulu"":0.0,""hbo"":0.0,""showtime"":0.0,""vudu"":0.0,""episode_airdates"":0.0,""season_count"":0.0,""genres_missing"":1.0,""credits_missing"":1.0,""directors_missing"":1.0,""part_names_missing"":1.0,""release_year"":0.9,""run_time"":0.0,""release_year_diff"":1.0,""release_year_missing"":0.0,""run_time_diff"":0.0,""run_time_missing"":1.0,""levenshtein_titles"":1.0,""cosine_titles"":1.0,""partial_titles"":1.0,""score"":3.18}'}]","[{'3072163': 'rovi_id:2373513,Map_reason:not found in projectx'}]",,,False,Fail,Fail
11235,299932988,3324611,3324611,,,,,,Pass,Pass
30923,1389607597,9295085,9295085,,,,,,Pass,Pass
31297,3254988480,10235261,10235261,,,,,,Pass,Pass
31981,1362417580,9269842,9269842,,,,,,Pass,Pass
31373,66290102,7723863,14628044,"[{'source_id': '31373,Map_reason:new'}]","[{'7723863': 'rovi_id:66290102,Map_reason:not found in projectx'}]",,,False,Fail,Fail
28446,3541524153,10375933,10375933,,,,,,Pass,Pass
16752,637365240,3434868,3434868,,,,,,Pass,Pass
31294,4310580301,10814939,10814939,,,,,,Pass,Pass
11958,16889242,3003798,3003798,,,,,,Pass,Pass
13400,378338644,8080124,13403491,"[{'source_id': '13400,Map_reason:{""color"":1,""language"":1,""credits"":0,""directors"":0,""part_names"":0,""episode_titles"":1.0,""genres"":0,""amazon"":0,""netflix"":0,""hulu"":0,""hbo"":0,""showtime"":0,""vudu"":0,""episode_airdates"":0,""season_count"":0,""genres_missing"":1,""credits_missing"":1,""directors_missing"":1,""part_names_missing"":1,""release_year"":1,""run_time"":0,""levenshtein_titles"":1.0,""cosine_titles"":1.0,""partial_titles"":1,""id_1"":""projectx:13403491"",""id_2"":""hulu:13400"",""score"":4.2}'}]","[{'8080124': 'rovi_id:378338644,Map_reason:not found in projectx'}]",,,False,Fail,Fail
8861,18040773,3403213,3403213,,,,,,Pass,Pass
39706,1768806,3599281,3599281,,,,,,Pass,Pass
13597,361732170,8675352,8675352,,,,,,Pass,Pass
39583,19185063,7178330,7178330,,,,,,Pass,Pass
8733,19104057,7314870,7314870,,,,,,Pass,Pass
1287,2144706,3402606,3402606,,,,,,Pass,Pass
22750,1449566103,3559070,3559070,,,,,,Pass,Pass
39705,1443547418,3747126,3747126,,,,,,Pass,Pass
23016,1443547132,9339762,9339762,,,,,,Pass,Pass
17214,732428186,3684526,3684526,,,,,,Pass,Pass
39662,1163311698,3753463,3753463,,,,,,Pass,Pass
3983,416298,3796920,3796920,,,,,,Pass,Pass
39657,4588137954,3875330,3875330,,,,,,Pass,Pass
24517,1775684580,3571686,3571686,,,,,,Pass,Pass
31331,927357218,3796632,3796632,,,,,,Pass,Pass
34167,5085416019,3938668,3938668,,,,,,Pass,Pass
31894,3394780578,10310866,10310866,,,,,,Pass,Pass
34013,4540561500,10944854,10944854,,,,,,Pass,Pass
39701,3529732257,10379038,13217760,"[{'source_id': '39701,Map_reason:{""color"":1,""language"":1,""credits"":0,""directors"":0,""part_names"":0,""episode_titles"":1.0,""genres"":0,""amazon"":0,""netflix"":0,""hulu"":0,""hbo"":0,""showtime"":0,""vudu"":0,""episode_airdates"":0,""season_count"":0,""genres_missing"":1,""credits_missing"":1,""directors_missing"":1,""part_names_missing"":1,""release_year"":1.0,""run_time"":0,""levenshtein_titles"":1.0,""cosine_titles"":1.0,""partial_titles"":1,""id_1"":""projectx:13217760"",""id_2"":""hulu:39701"",""score"":4.2}'}]","[{'10379038': 'rovi_id:3529732257,Map_reason:not found in projectx'}]",,,False,Fail,Fail
30817,3297781858,10264747,10264747,,,,,,Pass,Pass
31787,3639766913,10420333,10420333,,,,,,Pass,Pass
30708,4153433459,10706725,10706725,,,,,,Pass,Pass
30641,4373767962,10857344,10857344,,,,,,Pass,Pass
35831,4113959532,10620995,10620995,,,,,,Pass,Pass
30617,4101455317,3864595,3864595,,,,,,Pass,Pass
31050,3277855601,3967564,3967564,,,,,,Pass,Pass
39656,3302654582,10265997,10265997,,,,,,Pass,Pass
35047,3569623729,3992180,3992180,,,,,,Pass,Pass
21985,1046915455,3704497,3704497,,,,,,Pass,Pass
39641,3569618419,10389094,10389094,,,,,,Pass,Pass
39642,3950194039,10485772,10485772,,,,,,Pass,Pass
39361,1146683,2804133,2804133,,,,,,Pass,Pass
39967,5631874217,11415034,11415034,,,,,,Pass,Pass
9518,22443076,3277921,3277921,,,,,,Pass,Pass
39660,3569616532,10389051,10389051,,,,,,Pass,Pass
18949,964114751,3677659,3677659,,,,,,Pass,Pass
39424,293475231,7844279,7844279,,,,,,Pass,Pass
22881,841399567,3518617,3518617,,,,,,Pass,Pass
29758,3288924559,3866394,3866394,,,,,,Pass,Pass
39095,18189268,3651783,3651783,,,,,,Pass,Pass
39397,4508200279,10933930,10933930,,,,,,Pass,Pass
32869,3233144447,10231283,10231283,,,,,,Pass,Pass
29991,3162925257,3797266,14626456,"[{'source_id': '29991,Map_reason:new'}]","[{'3797266': 'rovi_id:3162925257,Map_reason:not found in projectx'}]",,,False,Fail,Fail
36376,4644655055,10991428,10991428,,,,,,Pass,Pass
39019,5345378070,11307520,11307520,,,,,,Pass,Pass
29428,3424621495,3975321,3975321,,,,,,Pass,Pass
31228,1316325376,3926428,3926428,,,,,,Pass,Pass
16094,1095959,4741452,4741452,,,,,,Pass,Pass
12854,1649542371,5457893,5457893,,,,,,Pass,Pass
63,1833819,12260304,12260304,,,,,,Pass,Pass
30558,3545775753,10380794,10380794,,,,,,Pass,Pass
38499,5959095581,11535776,11535776,,,,,,Pass,Pass
16383,19678672,3104208,3104208,,,,,,Pass,Pass
19924,17972741,3164170,14435698,"[{'source_id': '19924,Map_reason:new'}]","[{'3164170': 'rovi_id:17972741,Map_reason:not found in projectx'}]",,,False,Fail,Fail
20111,2432819,3070799,3070799,,,,,,Pass,Pass
20898,561774475,[3416498],[8292656],"[{'3416498': 'rovi_id:603805338,Map_reason:not found in projectx'}, {'source_id': '44690,Map_reason:{""color"":0.0,""language"":0.0,""credits"":0.0,""directors"":0.0,""part_names"":0.0,""episode_titles"":0.0,""genres"":0.0,""amazon"":0.0,""netflix"":0.0,""hulu"":0.0,""hbo"":0.0,""showtime"":0.0,""vudu"":0.0,""episode_airdates"":0.0,""season_count"":0.0,""genres_missing"":1.0,""credits_missing"":1.0,""directors_missing"":1.0,""part_names_missing"":1.0,""release_year"":1.0,""run_time"":0.0,""levenshtein_titles"":1.0,""cosine_titles"":1.0,""partial_titles"":1.0,""score"":2.9}'}]","[{'3416498': 'rovi_id:561774475,Map_reason:not found in projectx'}]",True,,False,Fail,Fail
16406,2452348,2845008,11568996,"[{'2845008': 'rovi_id:6088274971,Map_reason:not found in projectx'}, {'source_id': '16406,Map_reason:{""color"":0,""language"":1,""credits"":0,""directors"":0,""part_names"":0,""episode_titles"":1.0,""genres"":0,""amazon"":0,""netflix"":0,""hulu"":0,""hbo"":0,""showtime"":0,""vudu"":0,""episode_airdates"":0,""season_count"":0,""genres_missing"":1,""credits_missing"":1,""directors_missing"":1,""part_names_missing"":1,""release_year"":0,""run_time"":0,""release_year_diff"":0,""release_year_missing"":1,""run_time_diff"":1181,""run_time_missing"":0,""levenshtein_titles"":0.4642857143,""cosine_titles"":0.8571593914,""partial_titles"":1,""id_1"":""projectx:11568996"",""id_2"":""hulu:16406"",""score"":3.3214451057}'}]","[{'2845008': 'rovi_id:2452348,Map_reason:not found in projectx'}]",True,,False,Fail,Fail
17619,2222160,2821335,2821335,,,,,,Pass,Pass
29427,1490457853,9384962,9384962,,,,,,Pass,Pass
17976,1800074,2773524,14566080,"[{'source_id': '17976,Map_reason:new'}]","[{'2773524': 'rovi_id:1800074,Map_reason:not found in projectx'}]",,,False,Fail,Fail
20348,13690463,3499167,14330873,"[{'source_id': '20348,Map_reason:{""color"":1,""language"":1,""credits"":0,""directors"":0,""part_names"":0,""episode_titles"":0.568627451,""genres"":0,""amazon"":0,""netflix"":0,""hulu"":0,""hbo"":0,""showtime"":0,""vudu"":0,""episode_airdates"":0,""season_count"":0,""genres_missing"":1,""credits_missing"":1,""directors_missing"":1,""part_names_missing"":1,""release_year"":1.0,""run_time"":0,""release_year_diff"":0,""release_year_missing"":0,""run_time_diff"":0,""run_time_missing"":1,""levenshtein_titles"":1.0,""cosine_titles"":1.0,""partial_titles"":1,""id_1"":""projectx:14330873"",""id_2"":""hulu:20348"",""score"":3.768627451}'}]","[{'3499167': 'rovi_id:13690463,Map_reason:not found in projectx'}]",,,False,Fail,Fail
29482,1230825440,9077582,9077582,,,,,,Pass,Pass
21722,2020459,2870737,14531870,"[{'source_id': '21722,Map_reason:new'}]","[{'2870737': 'rovi_id:2020459,Map_reason:not found in projectx'}]",,,False,Fail,Fail
29755,4180895580,3851631,3851631,,,,,,Pass,Pass
16403,1496959,3105605,3105605,,,,,,Pass,Pass
9137,931231,2732730,2732730,,,,,,Pass,Pass
14972,527893388,3729584,3729584,,,,,,Pass,Pass
39378,1408223775,9311589,9311589,,,,,,Pass,Pass
38550,12091955,6340044,6340044,,,,,,Pass,Pass
31332,297633806,7858673,14435816,"[{'source_id': '31332,Map_reason:new'}]","[{'7858673': 'rovi_id:297633806,Map_reason:not found in projectx'}]",,,False,Fail,Fail
26656,512463271,3665136,3665136,,,,,,Pass,Pass
31360,475185344,3535109,3535109,,,,,,Pass,Pass
31359,1628330161,3887170,3887170,,,,,,Pass,Pass
65,129499,4029150,4029150,,,,,,Pass,Pass
17193,364404024,3359818,3359818,,,,,,Pass,Pass
13943,362327383,3423338,3423338,,,,,,Pass,Pass
13710,331861562,3710677,3710677,,,,,,Pass,Pass
29978,4201481310,3892085,3892085,,,,,,Pass,Pass
26510,3157300991,10129907,10129907,,,,,,Pass,Pass
5422,1652356,2777632,2777632,,,,,,Pass,Pass
11097,2121843,2860756,2860756,,,,,,Pass,Pass
28654,1352271299,3574036,3574036,,,,,,Pass,Pass
28407,1672731652,9466220,9466220,,,,,,Pass,Pass
12745,1702819,3226319,9393455,"[{'3226319': 'rovi_id:22056483,Map_reason:not found in projectx'}, {'source_id': '12745,Map_reason:{""color"":0,""language"":1,""credits"":0,""directors"":0,""part_names"":0,""episode_titles"":0.8,""genres"":0,""amazon"":0,""netflix"":0,""hulu"":0,""hbo"":0,""showtime"":0,""vudu"":0,""episode_airdates"":0,""season_count"":0,""genres_missing"":1,""credits_missing"":1,""directors_missing"":1,""part_names_missing"":1,""release_year"":0,""run_time"":0,""release_year_diff"":0,""release_year_missing"":1,""run_time_diff"":1045,""run_time_missing"":0,""levenshtein_titles"":0.5,""cosine_titles"":0.6882472016,""partial_titles"":1,""id_1"":""projectx:9393455"",""id_2"":""hulu:12745"",""score"":2.9882472016}'}]","[{'3226319': 'rovi_id:1702819,Map_reason:not found in projectx'}]",True,,False,Fail,Fail
39117,5464667973,11356129,11356129,,,,,,Pass,Pass
9338,1321248,3388391,3388391,,,,,,Pass,Pass
37605,6089948606,11568797,11568797,,,,,,Pass,Pass
17861,2491249,3019262,3019262,,,,,,Pass,Pass
2646,2490772,2862041,2862041,,,,,,Pass,Pass
15730,945674413,8756273,8756273,,,,,,Pass,Pass
35555,3941891576,3930909,3930909,,,,,,Pass,Pass
36785,5334812122,11301913,11301913,,,,,,Pass,Pass
36707,5528372725,11375425,11375425,,,,,,Pass,Pass
38325,3233172879,10231310,10231310,,,,,,Pass,Pass
36292,1775469558,9480472,9480472,,,,,,Pass,Pass
2400,1672492,2892047,2892047,,,,,,Pass,Pass
31649,3241587189,10233742,10233742,,,,,,Pass,Pass
30840,4455474232,10950318,13219350,"[{'source_id': '30840,Map_reason:{""color"":1,""language"":1,""credits"":0,""directors"":0,""part_names"":0,""episode_titles"":0.2156862745,""genres"":0,""amazon"":0,""netflix"":0,""hulu"":0,""hbo"":0,""showtime"":0,""vudu"":0,""episode_airdates"":0,""season_count"":0,""genres_missing"":1,""credits_missing"":1,""directors_missing"":1,""part_names_missing"":1,""release_year"":1.0,""run_time"":0,""release_year_diff"":0,""release_year_missing"":0,""run_time_diff"":0,""run_time_missing"":1,""levenshtein_titles"":1.0,""cosine_titles"":1.0,""partial_titles"":1,""id_1"":""projectx:13219350"",""id_2"":""hulu:30840"",""score"":3.4156862745}'}]","[{'10950318': 'rovi_id:4455474232,Map_reason:not found in projectx'}]",,,False,Fail,Fail
36194,426596,2742590,2742590,,,,,,Pass,Pass
9499,2138418,2808037,2808037,,,,,,Pass,Pass
6618,13987012,3078182,3078182,,,,,,Pass,Pass
1768,2314067,5403540,5403540,,,,,,Pass,Pass
28405,3391865718,3890247,3890247,,,,,,Pass,Pass
12138,291108286,3274010,3274010,,,,,,Pass,Pass
35740,1106509,2739512,2739512,,,,,,Pass,Pass
28172,312574760,3435447,3435447,,,,,,Pass,Pass
30011,4387128769,3867279,14435725,"[{'source_id': '30011,Map_reason:new'}]","[{'3867279': 'rovi_id:4387128769,Map_reason:not found in projectx'}]",,,False,Fail,Fail
36348,129162,2743725,2743725,,,,,,Pass,Pass
28461,3233111776,3981286,3981286,,,,,,Pass,Pass
36122,689287406,3670351,3670351,,,,,,Pass,Pass
6475,9907487,3398638,3398638,,,,,,Pass,Pass
6902,14735363,3902033,3902033,,,,,,Pass,Pass
36218,1945933837,10006855,10006855,,,,,,Pass,Pass
28460,3537445761,2809782,2809782,,,,,,Pass,Pass
14114,535046845,8206972,8206972,,,,,,Pass,Pass
23481,678340079,3676349,3676349,,,,,,Pass,Pass
13588,4493604648,3896545,14621705,"[{'source_id': '13588,Map_reason:new'}]","[{'3896545': 'rovi_id:4493604648,Map_reason:not found in projectx'}]",,,False,Fail,Fail
11248,66911118,3429461,3429461,,,,,,Pass,Pass
27694,1285376321,3930072,3930072,,,,,,Pass,Pass
35745,4730546571,11025668,11025668,,,,,,Pass,Pass
1221,1561837,2833074,2833074,,,,,,Pass,Pass
35788,424719,2947414,2947414,,,,,,Pass,Pass
35763,1418323,2785175,2785175,,,,,,Pass,Pass
35550,423354738,3295241,3295241,,,,,,Pass,Pass
28313,3448371359,10344285,10344285,,,,,,Pass,Pass
11709,556695462,8243296,8243296,,,,,,Pass,Pass
1349,1174114411,9007901,2743959,"[{'9007901': 'rovi_id:647828,Map_reason:not found in projectx'}, {'source_id': '1349,Map_reason:{""color"":0.0,""language"":1.0,""credits"":0.0,""directors"":0.0,""part_names"":0.0,""episode_titles"":0.18,""genres"":0.0,""amazon"":0.0,""netflix"":0.0,""hulu"":0.0,""hbo"":0.0,""showtime"":0.0,""vudu"":0.0,""episode_airdates"":0.0,""season_count"":0.0,""genres_missing"":1.0,""credits_missing"":1.0,""directors_missing"":1.0,""part_names_missing"":1.0,""release_year"":1.0,""run_time"":0.0,""levenshtein_titles"":1.0,""cosine_titles"":1.0,""partial_titles"":1.0,""score"":3.38}'}]","[{'9007901': 'rovi_id:1174114411,Map_reason:{""titleMapType"":""Exact"",""titleScore"":1.0,""releaseDateMatch"":false,""airDateMatch"":false,""ottMatch"":0.0,""creditCount"":60,""totalScore"":0.0,""LanguageMatch"":false,""creditWeight"":0.5}'}]",True,,False,Fail,Fail
28729,5282208523,3791571,3791571,,,,,,Pass,Pass
7936,944521780,8754312,7365830,"[{'8754312': 'rovi_id:19679741,Map_reason:not found in projectx'}, {'source_id': '7936,Map_reason:{""color"":0,""language"":0,""credits"":0,""directors"":0,""part_names"":0,""episode_titles"":0.88,""genres"":0,""amazon"":0,""netflix"":0,""hulu"":0,""hbo"":0,""showtime"":0,""vudu"":0,""episode_airdates"":0,""season_count"":0,""genres_missing"":1,""credits_missing"":1,""directors_missing"":1,""part_names_missing"":1,""release_year"":1,""run_time"":0,""levenshtein_titles"":1.0,""cosine_titles"":1.0,""partial_titles"":1,""id_1"":""projectx:7365830"",""id_2"":""hulu:7936"",""score"":3.78}'}]","[{'8754312': 'rovi_id:944521780,Map_reason:{""titleMapType"":""Exact"",""titleScore"":1.0,""releaseDateMatch"":false,""airDateMatch"":false,""ottMatch"":0.0,""creditCount"":5,""totalScore"":0.0,""LanguageMatch"":true,""creditWeight"":0.5}'}]",True,,False,Fail,Fail
35197,284006,4119230,4119230,,,,,,Pass,Pass
443,423684,2763853,2763853,,,,,,Pass,Pass
21475,1123597025,3689882,3689882,,,,,,Pass,Pass
19276,1198107253,9040643,9040643,,,,,,Pass,Pass
29745,2096525418,10089981,10089981,,,,,,Pass,Pass
20147,1318363996,9216775,9216775,,,,,,Pass,Pass
18217,1105554128,8941470,8941470,,,,,,Pass,Pass
25292,3591543502,10399434,10399434,,,,,,Pass,Pass
9158,12400185,3169925,3169925,,,,,,Pass,Pass
28771,3675674470,10433856,10433856,,,,,,Pass,Pass
44,2001298,2895395,2895395,,,,,,Pass,Pass
38397,546733009,3694538,3694538,,,,,,Pass,Pass
2276,2444634,2849913,2849913,,,,,,Pass,Pass
46,1836145,2785194,2785194,,,,,,Pass,Pass
15643,384301517,3498573,3498573,,,,,,Pass,Pass
34744,819428,3261612,3261612,,,,,,Pass,Pass
829,471861,3676764,3676764,,,,,,Pass,Pass
33388,436769,2778704,2778704,,,,,,Pass,Pass
34324,1501846010,9393505,9393505,,,,,,Pass,Pass
33696,423503,2753951,2753951,,,,,,Pass,Pass
34600,878911,2966884,2966884,,,,,,Pass,Pass
22638,18938617,3236750,3236750,,,,,,Pass,Pass
28821,1350002632,3564432,11622518,"[{'3564432': 'rovi_id:6071695398,Map_reason:{""titleMapType"":""Exact"",""titleScore"":1.0,""releaseDateMatch"":false,""airDateMatch"":false,""ottMatch"":0.0,""creditCount"":9,""totalScore"":0.0,""LanguageMatch"":false,""creditWeight"":0.5}'}, {'source_id': '28821,Map_reason:{""color"":0,""language"":1,""credits"":0,""directors"":0,""part_names"":0,""episode_titles"":0.6,""genres"":0,""amazon"":0,""netflix"":0,""hulu"":0,""hbo"":0,""showtime"":0,""vudu"":0,""episode_airdates"":0,""season_count"":0,""genres_missing"":1,""credits_missing"":1,""directors_missing"":1,""part_names_missing"":1,""release_year"":0.0,""run_time"":0,""levenshtein_titles"":1.0,""cosine_titles"":1.0,""partial_titles"":1,""id_1"":""projectx:11622518"",""id_2"":""hulu:28821"",""score"":3.6}'}]","[{'3564432': 'rovi_id:1350002632,Map_reason:not found in projectx'}]",True,,False,Fail,Fail
21721,312574693,3463834,3463834,,,,,,Pass,Pass
1504,1309451,4909416,4909416,,,,,,Pass,Pass
34488,423501,2732748,2732748,,,,,,Pass,Pass
34486,423494,2746770,2746770,,,,,,Pass,Pass
34356,1878857,2790747,2790747,,,,,,Pass,Pass
34076,1211196023,[9226871],Nil,,,,,,No ingestion of source_id,Fail
34310,5359635015,11313804,11313804,,,,,,Pass,Pass
16806,19953585,7415459,14470645,"[{'source_id': '16806,Map_reason:{""color"":1.0,""language"":1.0,""credits"":0.0,""directors"":0.0,""part_names"":0.0,""episode_titles"":0.0,""genres"":0.0,""amazon"":0.0,""netflix"":0.0,""hulu"":0.0,""hbo"":0.0,""showtime"":0.0,""vudu"":0.0,""episode_airdates"":0.0,""season_count"":0.0,""genres_missing"":1.0,""credits_missing"":1.0,""directors_missing"":1.0,""part_names_missing"":1.0,""release_year"":0.0,""run_time"":0.0,""release_year_diff"":9.0,""release_year_missing"":0.0,""run_time_diff"":0.0,""run_time_missing"":1.0,""levenshtein_titles"":1.0,""cosine_titles"":1.0,""partial_titles"":1.0}'}]","[{'7415459': 'rovi_id:19953585,Map_reason:not found in projectx'}]",,,False,Fail,Fail
23141,1309725979,9202174,9202174,,,,,,Pass,Pass
1721,2406698,2905961,2905961,,,,,,Pass,Pass
23848,1482900873,9377631,9377631,,,,,,Pass,Pass
34192,1529514919,9418483,9418483,,,,,,Pass,Pass
799,1835235,3000484,3000484,,,,,,Pass,Pass
16871,434998384,3755012,3755012,,,,,,Pass,Pass
17967,586882462,8270233,8270233,,,,,,Pass,Pass
15054,655464834,2741806,2741806,,,,,,Pass,Pass
30422,2017591238,10085512,10085512,,,,,,Pass,Pass
30602,1335651342,3230571,3230571,,,,,,Pass,Pass
19165,67129987,7805415,7805415,,,,,,Pass,Pass
22017,477931481,10178753,10178753,,,,,,Pass,Pass
34087,806576751,8200048,13361821,"[{'source_id': '34087,Map_reason:{""color"":1,""language"":1,""credits"":0,""directors"":0,""part_names"":0,""episode_titles"":0.8,""genres"":0,""amazon"":0,""netflix"":0,""hulu"":0,""hbo"":0,""showtime"":0,""vudu"":0,""episode_airdates"":0,""season_count"":0,""genres_missing"":1,""credits_missing"":1,""directors_missing"":1,""part_names_missing"":1,""release_year"":0.9,""run_time"":0,""levenshtein_titles"":1.0,""cosine_titles"":1.0,""partial_titles"":1,""id_1"":""projectx:13361821"",""id_2"":""hulu:34087"",""score"":3.98}'}]","[{'8200048': 'rovi_id:806576751,Map_reason:not found in projectx'}]",,,False,Fail,Fail
31764,22520950,3235569,3235569,,,,,,Pass,Pass
10297,66120223,3287815,3287815,,,,,,Pass,Pass
22278,16602088,3109219,3109219,,,,,,Pass,Pass
27445,1705499150,3588092,3588092,,,,,,Pass,Pass
31843,380950525,8086815,8086815,,,,,,Pass,Pass
31325,1301493588,3879700,3879700,,,,,,Pass,Pass
27466,3232633532,3748301,3748301,,,,,,Pass,Pass
31057,1884285387,9943486,9943486,,,,,,Pass,Pass
31707,2374300,12262596,12262596,,,,,,Pass,Pass
31757,895801249,8681352,8681352,,,,,,Pass,Pass
31786,862176034,8632721,8632721,,,,,,Pass,Pass
32339,702263,4543374,4543374,,,,,,Pass,Pass
31563,423416,3432391,3432391,,,,,,Pass,Pass
23315,435680,10110005,10110005,,,,,,Pass,Pass
28175,1921453890,9990939,9990939,,,,,,Pass,Pass
8815,19104020,3205545,3205545,,,,,,Pass,Pass
31298,22030252,7582653,7582653,,,,,,Pass,Pass
37,334142,3195312,3195312,,,,,,Pass,Pass
31484,571606884,8264524,8264524,,,,,,Pass,Pass
28285,1705498672,9484890,9484890,,,,,,Pass,Pass
11154,67507801,3514257,3514257,,,,,,Pass,Pass
27186,1517457357,3753332,3753332,,,,,,Pass,Pass
25348,3310286744,10268029,10268029,,,,,,Pass,Pass
10498,695928698,1124366,1124366,,,,,,Pass,Pass
22171,22423691,7654478,7654478,,,,,,Pass,Pass
31029,923243443,8707057,8707057,,,,,,Pass,Pass
31102,4524296655,10945744,10945744,,,,,,Pass,Pass
32341,4366067439,10871328,10871328,,,,,,Pass,Pass
24857,1519092102,3910437,3910437,,,,,,Pass,Pass
23009,1120301682,3861052,3861052,,,,,,Pass,Pass
18637,1064496125,3680869,3680869,,,,,,Pass,Pass
31031,1029087865,3556631,3556631,,,,,,Pass,Pass
27491,21492230,3130662,3130662,,,,,,Pass,Pass
28308,1536530394,9424232,9424232,,,,,,Pass,Pass
30150,4708975339,11021388,11021388,,,,,,Pass,Pass
29675,3256915450,3973607,3973607,,,,,,Pass,Pass
15138,546339786,3677095,3677095,,,,,,Pass,Pass
10,1836155,3155311,3155311,,,,,,Pass,Pass
19145,13742906,3065519,3065519,,,,,,Pass,Pass
6341,18765804,3700548,3700548,,,,,,Pass,Pass
29716,3519514977,3837673,3837673,,,,,,Pass,Pass
30271,2364263,2821040,2821040,,,,,,Pass,Pass
30021,3565267893,10388473,10388473,,,,,,Pass,Pass
28055,2001885398,3885013,3885013,,,,,,Pass,Pass
29890,555620631,3377665,3377665,,,,,,Pass,Pass
24357,447842,2939113,2939113,,,,,,Pass,Pass
23971,3459985439,10348905,10348905,,,,,,Pass,Pass
12103,333627570,8009244,8009244,,,,,,Pass,Pass
12104,506526069,8174419,8174419,,,,,,Pass,Pass
20160,1239609414,9089473,9089473,,,,,,Pass,Pass
20501,1398127281,9302183,9302183,,,,,,Pass,Pass
13951,662768752,8372709,8372709,,,,,,Pass,Pass
29617,1886128,2942248,2942248,,,,,,Pass,Pass
21550,1490454138,3961019,3961019,,,,,,Pass,Pass
16924,902519422,8693378,14622334,"[{'source_id': '16924,Map_reason:new'}]","[{'8693378': 'rovi_id:902519422,Map_reason:not found in projectx'}]",,,False,Fail,Fail
14455,66762570,3387739,3387739,,,,,,Pass,Pass
4136,279060,4115066,4115066,,,,,,Pass,Pass
8803,17982104,7086749,7086749,,,,,,Pass,Pass
29524,425050,2773709,2773709,,,,,,Pass,Pass
29460,776204630,3691174,3691174,,,,,,Pass,Pass
27828,1046828564,3486297,3486297,,,,,,Pass,Pass
23134,1270837296,9949312,9949312,,,,,,Pass,Pass
29459,3633459857,10420094,10420094,,,,,,Pass,Pass
29326,2204571,3940636,14435727,"[{'source_id': '29326,Map_reason:new'}]","[{'3940636': 'rovi_id:2204571,Map_reason:not found in projectx'}]",,,False,Fail,Fail
29438,327207867,7990140,14625774,"[{'source_id': '29438,Map_reason:new'}]","[{'7990140': 'rovi_id:327207867,Map_reason:not found in projectx'}]",,,False,Fail,Fail
20357,21977561,3318662,9019615,"[{'3318662': 'rovi_id:1183708745,Map_reason:not found in projectx'}, {'source_id': '20357,Map_reason:{""color"":0,""language"":1,""credits"":0,""directors"":0,""part_names"":0,""episode_titles"":1.0,""genres"":0,""amazon"":0,""netflix"":0,""hulu"":0,""hbo"":0,""showtime"":0,""vudu"":0,""episode_airdates"":0,""season_count"":0,""genres_missing"":1,""credits_missing"":1,""directors_missing"":1,""part_names_missing"":1,""release_year"":1.0,""run_time"":0,""release_year_diff"":0,""release_year_missing"":0,""run_time_diff"":977,""run_time_missing"":0,""levenshtein_titles"":0.5675675676,""cosine_titles"":0.7925939239,""partial_titles"":1,""id_1"":""projectx:9019615"",""id_2"":""hulu:20357"",""score"":3.5601614915}'}]","[{'3318662': 'rovi_id:21977561,Map_reason:not found in projectx'}]",True,,False,Fail,Fail
29083,16852305,2997444,14435720,"[{'source_id': '29083,Map_reason:new'}]","[{'2997444': 'rovi_id:16852305,Map_reason:not found in projectx'}]",,,False,Fail,Fail
16391,2467064,3235964,3235964,,,,,,Pass,Pass
22414,1000646061,3734818,3734818,,,,,,Pass,Pass
16535,1093498706,3438999,3438999,,,,,,Pass,Pass
18314,13917226,3096834,14623463,"[{'source_id': '18314,Map_reason:new'}]","[{'3096834': 'rovi_id:13917226,Map_reason:not found in projectx'}]",,,False,Fail,Fail
25355,644305502,8863137,8863137,,,,,,Pass,Pass
2388,2468426,3513696,3513696,,,,,,Pass,Pass
29164,4074068454,10554400,10554400,,,,,,Pass,Pass
29148,3217949085,10205104,10205104,,,,,,Pass,Pass
20475,1198225425,3764940,3764940,,,,,,Pass,Pass
28908,3520582335,3798870,3798870,,,,,,Pass,Pass
16149,934666109,8710376,8710376,,,,,,Pass,Pass
9269,17309714,3920342,3920342,,,,,,Pass,Pass
16208,19121887,7320071,7320071,,,,,,Pass,Pass
28726,1707856110,9486875,9486875,,,,,,Pass,Pass
11266,19629971,2859867,2859867,,,,,,Pass,Pass
11217,1309421,2750299,2750299,,,,,,Pass,Pass
17327,869509798,3508942,3508942,,,,,,Pass,Pass
24094,1529414149,3750706,3750706,,,,,,Pass,Pass
14407,527762799,3664413,3664413,,,,,,Pass,Pass
26004,466388754,8148232,8148232,,,,,,Pass,Pass
8322,1534414,2809441,14436697,"[{'source_id': '8322,Map_reason:new'}]","[{'2809441': 'rovi_id:1534414,Map_reason:not found in projectx'}]",,,False,Fail,Fail
22883,570878549,3930958,3930958,,,,,,Pass,Pass
22280,1784269,2781356,2781356,,,,,,Pass,Pass
10662,21575498,3648568,3648568,,,,,,Pass,Pass
21488,1483040194,9377866,9377866,,,,,,Pass,Pass
28211,3144066846,3743639,3743639,,,,,,Pass,Pass
19435,18195286,7165095,7165095,,,,,,Pass,Pass
20216,371014340,3781118,3781118,,,,,,Pass,Pass
16321,17958793,3123943,3123943,,,,,,Pass,Pass
14027,361732171,3940412,3940412,,,,,,Pass,Pass
27359,22176127,3546674,3546674,,,,,,Pass,Pass
27935,1718566984,3800055,3800055,,,,,,Pass,Pass
23344,1058055895,10193224,10193224,,,,,,Pass,Pass
28071,2382639,3370250,3370250,,,,,,Pass,Pass
28049,1463998563,3688961,3688961,,,,,,Pass,Pass
20822,1714723,3261246,13385286,"[{'source_id': '20822,Map_reason:{""color"":1.0,""language"":1.0,""credits"":0.0,""directors"":0.0,""part_names"":0.0,""episode_titles"":1.0,""genres"":0.0,""amazon"":0.0,""netflix"":0.0,""hulu"":0.0,""hbo"":0.0,""showtime"":0.0,""vudu"":0.0,""episode_airdates"":0.0,""season_count"":0.0,""genres_missing"":1.0,""credits_missing"":1.0,""directors_missing"":1.0,""part_names_missing"":1.0,""release_year"":0.9,""run_time"":0.0,""release_year_diff"":1.0,""release_year_missing"":0.0,""run_time_diff"":0.0,""run_time_missing"":1.0,""levenshtein_titles"":0.4074074074,""cosine_titles"":0.7492686493,""partial_titles"":1.0,""score"":3.3366760567}'}]","[{'3261246': 'rovi_id:1714723,Map_reason:not found in projectx'}]",,,False,Fail,Fail
28109,18830304,3262347,3262347,,,,,,Pass,Pass
28000,438414681,3361093,3361093,,,,,,Pass,Pass
18412,427871,3932608,3932608,,,,,,Pass,Pass
1926,2435701,3653314,3653314,,,,,,Pass,Pass
7421,19706278,3128968,3128968,,,,,,Pass,Pass
18130,971335048,3504195,3504195,,,,,,Pass,Pass
27721,1644663033,9458176,9458176,,,,,,Pass,Pass
27709,1433884878,9332265,9332265,,,,,,Pass,Pass
15094,2490563,2927351,2927351,,,,,,Pass,Pass
27723,1919256500,9989761,9989761,,,,,,Pass,Pass
16874,460584,3047203,3047203,,,,,,Pass,Pass
16693,890782692,3537633,3537633,,,,,,Pass,Pass
14950,305915093,7901620,7901620,,,,,,Pass,Pass
19081,895788268,3979506,3979506,,,,,,Pass,Pass
21684,841111981,8610568,8610568,,,,,,Pass,Pass
5769,1882889,5213326,5213326,,,,,,Pass,Pass
14198,11962332,3909178,3909178,,,,,,Pass,Pass
20468,657776794,3955763,3955763,,,,,,Pass,Pass
6385,19680393,7365873,7365873,,,,,,Pass,Pass
13700,1771805,3043904,3043904,,,,,,Pass,Pass
20353,440115141,3509422,3509422,,,,,,Pass,Pass
27403,886254378,8939058,8939058,,,,,,Pass,Pass
22868,453315883,8134735,8134735,,,,,,Pass,Pass
3615,2420871,2937188,2937188,,,,,,Pass,Pass
27435,1374879893,9439062,9439062,,,,,,Pass,Pass
18502,1085174333,8924040,8924040,,,,,,Pass,Pass
27434,1420785608,9439026,9439026,,,,,,Pass,Pass
24031,1523564586,3772999,3772999,,,,,,Pass,Pass
26057,1542527217,3911709,3911709,,,,,,Pass,Pass
1201,1549972,2763727,2763727,,,,,,Pass,Pass
25302,424302,2732733,2732733,,,,,,Pass,Pass
2505,2484112,2864057,2864057,,,,,,Pass,Pass
26800,3204378072,10205610,10205610,,,,,,Pass,Pass
23234,139939,4034277,4034277,,,,,,Pass,Pass
14787,936143059,8735967,8735967,,,,,,Pass,Pass
13844,2005008,2993117,2993117,,,,,,Pass,Pass
21213,1046915274,3677183,3677183,,,,,,Pass,Pass
27199,930115913,8723890,8723890,,,,,,Pass,Pass
17887,1167717069,8999078,8999078,,,,,,Pass,Pass
11412,21522264,7471915,7471915,,,,,,Pass,Pass
21292,1050494956,8881934,14624149,"[{'source_id': '21292,Map_reason:new'}]","[{'8881934': 'rovi_id:1050494956,Map_reason:not found in projectx'}]",,,False,Fail,Fail
26725,449303,2733020,2733020,,,,,,Pass,Pass
26774,11828388,2927854,2927854,,,,,,Pass,Pass
18496,1252336060,9101705,9101705,,,,,,Pass,Pass
8738,14418348,3009263,3009263,,,,,,Pass,Pass
2070,280168,4115968,4115968,,,,,,Pass,Pass
25954,1426326214,9325252,9325252,,,,,,Pass,Pass
25845,1800393069,9530098,9530098,,,,,,Pass,Pass
25928,369320697,4011305,4011305,,,,,,Pass,Pass
26392,1149163597,8979672,8979672,,,,,,Pass,Pass
26391,1270885003,3560137,3560137,,,,,,Pass,Pass
20608,18933945,3274647,3274647,,,,,,Pass,Pass
24190,894255542,3838433,3838433,,,,,,Pass,Pass
24907,4584819627,3392095,3392095,,,,,,Pass,Pass
26347,719444,4557523,4557523,,,,,,Pass,Pass
26190,423415,2734643,2734643,,,,,,Pass,Pass
25995,1112451640,8949142,8949142,,,,,,Pass,Pass
3358,8969186,3357670,3357670,,,,,,Pass,Pass
13304,1758153,5158672,5158672,,,,,,Pass,Pass
25085,1311637197,3794482,3794482,,,,,,Pass,Pass
7889,1193096,2783110,2783110,,,,,,Pass,Pass
24502,1321389,2889675,2889675,,,,,,Pass,Pass
12901,535032164,8207643,8207643,,,,,,Pass,Pass
8341,21749114,7519424,7519424,,,,,,Pass,Pass
25243,425330,3172374,3172374,,,,,,Pass,Pass
11967,17006815,3561839,3561839,,,,,,Pass,Pass
18951,1064496120,9126420,9126420,,,,,,Pass,Pass
25244,425339,4213083,4213083,,,,,,Pass,Pass
11951,2441881,2836870,2836870,,,,,,Pass,Pass
8898,21983077,3940421,3940421,,,,,,Pass,Pass
16831,927526661,10192858,10192858,,,,,,Pass,Pass
13590,129486,4029230,4029230,,,,,,Pass,Pass
25165,17006603,3089583,3089583,,,,,,Pass,Pass
14146,327498014,3664919,3664919,,,,,,Pass,Pass
24286,1375229347,9282376,9282376,,,,,,Pass,Pass
15854,927497330,8716460,8716460,,,,,,Pass,Pass
16987,872294137,3462524,3462524,,,,,,Pass,Pass
17940,1000997850,3585310,3585310,,,,,,Pass,Pass
4814,9952276,3175753,3175753,,,,,,Pass,Pass
1304,1877213,2813503,2813503,,,,,,Pass,Pass
16556,841067040,8611173,8611173,,,,,,Pass,Pass
23526,17691485,3415482,3415482,,,,,,Pass,Pass
21761,1352271335,9259522,9259522,,,,,,Pass,Pass
14827,67111861,7803349,7803349,,,,,,Pass,Pass
22901,1490458359,9384980,9384980,,,,,,Pass,Pass
19491,2154617,2858535,2858535,,,,,,Pass,Pass
17862,1609178,2938441,2938441,,,,,,Pass,Pass
24037,12133315,3649483,3649483,,,,,,Pass,Pass
22443,1389615238,9295110,9295110,,,,,,Pass,Pass
17855,2300286,12262262,12262262,,,,,,Pass,Pass
23499,1863968,2953188,2953188,,,,,,Pass,Pass
16563,841067043,8611098,8611098,,,,,,Pass,Pass
18113,676534,2750544,2750544,,,,,,Pass,Pass
18321,9955688,5511040,5511040,,,,,,Pass,Pass
9067,534005569,8211300,13146078,"[{'source_id': '9067,Map_reason:{""color"":1,""language"":0,""credits"":0,""directors"":0,""part_names"":0,""episode_titles"":1.0,""genres"":0,""amazon"":0,""netflix"":0,""hulu"":0,""hbo"":0,""showtime"":0,""vudu"":0,""episode_airdates"":0,""season_count"":0,""genres_missing"":1,""credits_missing"":1,""directors_missing"":1,""part_names_missing"":1,""release_year"":1.0,""run_time"":0,""levenshtein_titles"":1.0,""cosine_titles"":1.0,""partial_titles"":1,""id_1"":""projectx:13146078"",""id_2"":""hulu:9067"",""score"":3.9}'}]","[{'8211300': 'rovi_id:534005569,Map_reason:{""titleMapType"":""Exact"",""titleScore"":1.0,""releaseDateMatch"":false,""airDateMatch"":false,""ottMatch"":0.0,""creditCount"":0,""totalScore"":0.0,""LanguageMatch"":false,""creditWeight"":0.0}'}]",,,False,Fail,Fail
11876,542476032,8549019,8549019,,,,,,Pass,Pass
9133,556694020,8103708,8103708,,,,,,Pass,Pass
14682,300729,4130494,4130494,,,,,,Pass,Pass
8732,1987080,5263664,5263664,,,,,,Pass,Pass
23408,1136168967,8968092,8968092,,,,,,Pass,Pass
1155,267939,4106979,4106979,,,,,,Pass,Pass
7556,18830442,3243871,3243871,,,,,,Pass,Pass
23145,1218565117,3516124,3516124,,,,,,Pass,Pass
22996,1276725,3009695,3009695,,,,,,Pass,Pass
15462,12169510,6192039,6192039,,,,,,Pass,Pass
17297,560772269,3858509,3858509,,,,,,Pass,Pass
18498,12107800,3271497,3271497,,,,,,Pass,Pass
18662,3646002982,10423631,10423631,,,,,,Pass,Pass
13680,308709032,7918923,7918923,,,,,,Pass,Pass
20840,1327228,6832545,13064510,"[{'source_id': '20840,Map_reason:{""color"":1,""language"":0,""credits"":0,""directors"":0,""part_names"":0,""episode_titles"":0.8461538462,""genres"":0,""amazon"":0,""netflix"":0,""hulu"":0,""hbo"":0,""showtime"":0,""vudu"":0,""episode_airdates"":0,""season_count"":0,""genres_missing"":1,""credits_missing"":1,""directors_missing"":1,""part_names_missing"":1,""release_year"":1,""run_time"":0,""levenshtein_titles"":1.0,""cosine_titles"":1.0,""partial_titles"":1,""id_1"":""projectx:13064510"",""id_2"":""hulu:20840"",""score"":3.7461538462}'}]","[{'6832545': 'rovi_id:1327228,Map_reason:not found in projectx'}]",,,False,Fail,Fail
9974,432193958,8112174,8112174,,,,,,Pass,Pass
217,17891288,3062706,3062706,,,,,,Pass,Pass
21596,294301969,3530149,3530149,,,,,,Pass,Pass
22751,1712037087,10236530,10236530,,,,,,Pass,Pass
22272,1691541,2776212,2776212,,,,,,Pass,Pass
22282,1926403,2784893,2784893,,,,,,Pass,Pass
22239,1325494,3679919,3679919,,,,,,Pass,Pass
22170,375390,3064492,3064492,,,,,,Pass,Pass
22274,1326442,3697604,3697604,,,,,,Pass,Pass
22249,15046205,6874746,6874746,,,,,,Pass,Pass
1968,412432,3498772,3498772,,,,,,Pass,Pass
12904,825647841,8714701,8714701,,,,,,Pass,Pass
9979,66700815,3481218,3481218,,,,,,Pass,Pass
22080,19734393,3740748,3740748,,,,,,Pass,Pass
21823,518477970,8186869,8186869,,,,,,Pass,Pass
8023,21718205,3345859,3345859,,,,,,Pass,Pass
18537,14856640,3137131,3137131,,,,,,Pass,Pass
10507,500423,4381776,4381776,,,,,,Pass,Pass
18387,995753609,8813104,8813104,,,,,,Pass,Pass
3897,2484036,2986569,2986569,,,,,,Pass,Pass
21774,289865,4124729,4124729,,,,,,Pass,Pass
22172,366565,4149741,4149741,,,,,,Pass,Pass
21561,2333803,2826023,2826023,,,,,,Pass,Pass
6466,17982749,7086419,7086419,,,,,,Pass,Pass
21175,1413519972,9314807,9314807,,,,,,Pass,Pass
13334,910099,2745437,2745437,,,,,,Pass,Pass
3663,2091882,3072625,3072625,,,,,,Pass,Pass
12903,727366857,8474651,8474651,,,,,,Pass,Pass
1238,2357228,3218505,3218505,,,,,,Pass,Pass
13217,1856415,5199787,5199787,,,,,,Pass,Pass
419,1681011,2764257,2764257,,,,,,Pass,Pass
21222,1443107,2768899,2768899,,,,,,Pass,Pass
20971,1553246,3594266,3594266,,,,,,Pass,Pass
20969,425350,2864396,2864396,,,,,,Pass,Pass
20979,1645107,3508415,3508415,,,,,,Pass,Pass
20977,1613836,3023239,3023239,,,,,,Pass,Pass
21147,1266318,2911677,2911677,,,,,,Pass,Pass
6345,14595823,3229324,3229324,,,,,,Pass,Pass
15682,936077774,8735638,8735638,,,,,,Pass,Pass
20983,2285877,3374604,3374604,,,,,,Pass,Pass
5725,9485030,3035298,3035298,,,,,,Pass,Pass
2494,17339702,3293853,3293853,,,,,,Pass,Pass
13892,315473347,7949432,7949432,,,,,,Pass,Pass
13973,677074795,8385529,8385529,,,,,,Pass,Pass
20217,19917055,12258253,12258253,,,,,,Pass,Pass
93,1308574,2984774,2984774,,,,,,Pass,Pass
57,2169493,2886601,2886601,,,,,,Pass,Pass
13061,333919186,3641175,3641175,,,,,,Pass,Pass
9873,543837675,8218285,8218285,,,,,,Pass,Pass
19498,1236156,4864998,4864998,,,,,,Pass,Pass
17098,1100715506,8936555,8936555,,,,,,Pass,Pass
15759,22515389,3211410,3211410,,,,,,Pass,Pass
20159,1208841808,3897551,3763479,"[{'3897551': 'rovi_id:21720173,Map_reason:not found in projectx'}, {'source_id': '20159,Map_reason:{""color"":0,""language"":1,""credits"":0,""directors"":0,""part_names"":0,""episode_titles"":1.0,""genres"":0,""amazon"":0,""netflix"":0,""hulu"":0,""hbo"":0,""showtime"":0,""vudu"":0,""episode_airdates"":0,""season_count"":0,""genres_missing"":1,""credits_missing"":1,""directors_missing"":1,""part_names_missing"":1,""release_year"":1,""run_time"":0,""levenshtein_titles"":1.0,""cosine_titles"":1.0,""partial_titles"":1,""id_1"":""projectx:3763479"",""id_2"":""hulu:20159"",""score"":4.2}'}]","[{'3897551': 'rovi_id:1208841808,Map_reason:not found in projectx'}]",True,,False,Fail,Fail
9172,17835686,7046486,7046486,,,,,,Pass,Pass
19478,19881032,6559386,6559386,,,,,,Pass,Pass
3640,406170,4162711,4162711,,,,,,Pass,Pass
16872,890796436,8676277,8676277,,,,,,Pass,Pass
3281,318547525,7959158,7959158,,,,,,Pass,Pass
14703,661539770,8368345,8368345,,,,,,Pass,Pass
6287,19766558,7386884,7386884,,,,,,Pass,Pass
12990,67263002,7813017,7813017,,,,,,Pass,Pass
17106,1216419708,9058970,9058970,,,,,,Pass,Pass
18318,17672873,3363794,3363794,,,,,,Pass,Pass
9814,556694071,8240120,8240120,,,,,,Pass,Pass
18074,14225399,3157510,3157510,,,,,,Pass,Pass
18389,18221448,3931900,3931900,,,,,,Pass,Pass
4948,13892760,3065419,3065419,,,,,,Pass,Pass
1303,2231762,5375795,5375795,,,,,,Pass,Pass
14421,307001273,7909111,7909111,,,,,,Pass,Pass
4069,17016589,6974658,6974658,,,,,,Pass,Pass
10337,22450995,3662708,3662708,,,,,,Pass,Pass
17938,479073,4375408,4375408,,,,,,Pass,Pass
18035,2123532,3507861,3507861,,,,,,Pass,Pass
17868,1837250,2776119,2776119,,,,,,Pass,Pass
17954,423112,2812317,2812317,,,,,,Pass,Pass
17989,675293,2732602,2732602,,,,,,Pass,Pass
17863,2335837,2968662,2968662,,,,,,Pass,Pass
2324,19955807,8133328,8133328,,,,,,Pass,Pass
8106,1835227,12260303,12260303,,,,,,Pass,Pass
17860,424456,3280081,3280081,,,,,,Pass,Pass
17959,901207,2799794,2799794,,,,,,Pass,Pass
18131,2490666,2854176,3317424,"[{'2854176': 'rovi_id:423976,Map_reason:{""titleMapType"":""Exact"",""titleScore"":1.0,""releaseDateMatch"":false,""airDateMatch"":false,""ottMatch"":0.0,""creditCount"":13,""totalScore"":0.0,""LanguageMatch"":false,""creditWeight"":0.5}'}, {'source_id': '18131,Map_reason:{""color"":0.0,""language"":1.0,""credits"":0.0,""directors"":0.0,""part_names"":0.0,""episode_titles"":0.3725490196,""genres"":0.0,""amazon"":0.0,""netflix"":0.0,""hulu"":0.0,""hbo"":0.0,""showtime"":0.0,""vudu"":0.0,""episode_airdates"":0.0,""season_count"":0.0,""genres_missing"":1.0,""credits_missing"":1.0,""directors_missing"":1.0,""part_names_missing"":1.0,""release_year"":1.0,""run_time"":0.0,""levenshtein_titles"":1.0,""cosine_titles"":1.0,""partial_titles"":1.0,""score"":3.5725490196}'}]","[{'2854176': 'rovi_id:2490666,Map_reason:not found in projectx'}]",True,,False,Fail,Fail
15960,891969431,8678351,8678351,,,,,,Pass,Pass
8230,22280226,3779676,3779676,,,,,,Pass,Pass
16037,1106256,4752333,4752333,,,,,,Pass,Pass
8095,456706435,8010872,8010872,,,,,,Pass,Pass
11946,21473762,3131809,3131809,,,,,,Pass,Pass
14828,372002716,8069326,8069326,,,,,,Pass,Pass
2207,2329560,2833278,2833278,,,,,,Pass,Pass
16649,129185,4027187,4027187,,,,,,Pass,Pass
15985,11809586,3360559,3360559,,,,,,Pass,Pass
16224,13633374,6796591,6796591,,,,,,Pass,Pass
12690,921104589,3511915,3511915,,,,,,Pass,Pass
13918,17970298,3469555,3469555,,,,,,Pass,Pass
16829,299289316,3673123,3673123,,,,,,Pass,Pass
13878,18135438,7140974,7140974,,,,,,Pass,Pass
11756,556694614,8242244,8242244,,,,,,Pass,Pass
14949,919906586,8699810,8699810,,,,,,Pass,Pass
14862,634349011,8324560,8324560,,,,,,Pass,Pass
5049,366673,4149995,4149995,,,,,,Pass,Pass
14723,2432647,3962330,3962330,,,,,,Pass,Pass
2411,2341335,2852449,2852449,,,,,,Pass,Pass
6026,19917620,3103790,3103790,,,,,,Pass,Pass
2295,2334107,3227606,3227606,,,,,,Pass,Pass
14429,324100736,3298902,3298902,,,,,,Pass,Pass
8902,18815807,3185914,3185914,,,,,,Pass,Pass
6375,11906493,3098927,3098927,,,,,,Pass,Pass
3603,2180605,2860372,2860372,,,,,,Pass,Pass
13676,2331038,2960981,2960981,,,,,,Pass,Pass
10119,275235,4111566,4111566,,,,,,Pass,Pass
14127,2361755,3171471,3171471,,,,,,Pass,Pass
10048,1281479,4892892,4892892,,,,,,Pass,Pass
13874,383120310,8088582,4276702,"[{'8088582': 'rovi_id:444695,Map_reason:not found in projectx'}, {'source_id': '13874,Map_reason:{""color"":0,""language"":1,""credits"":0,""directors"":0,""part_names"":0,""episode_titles"":0.92,""genres"":0,""amazon"":0,""netflix"":0,""hulu"":0,""hbo"":0,""showtime"":0,""vudu"":0,""episode_airdates"":0,""season_count"":0,""genres_missing"":1,""credits_missing"":1,""directors_missing"":1,""part_names_missing"":1,""release_year"":1,""run_time"":0,""levenshtein_titles"":1.0,""cosine_titles"":1.0,""partial_titles"":1,""id_1"":""projectx:4276702"",""id_2"":""hulu:13874"",""score"":4.12}'}]","[{'8088582': 'rovi_id:383120310,Map_reason:{""titleMapType"":""Partial"",""titleScore"":0.6,""releaseDateMatch"":false,""airDateMatch"":false,""ottMatch"":0.0,""creditCount"":11,""totalScore"":0.0,""LanguageMatch"":false,""creditWeight"":0.5}'}]",True,,False,Fail,Fail
9161,425684,3617430,3617430,,,,,,Pass,Pass
14096,2122334,5328879,5328879,,,,,,Pass,Pass
9170,1650546,2883167,13414108,"[{'source_id': '9170,Map_reason:{""color"":1.0,""language"":1.0,""credits"":0.0,""directors"":0.0,""part_names"":0.0,""episode_titles"":0.4117647059,""genres"":0.0,""amazon"":0.0,""netflix"":0.0,""hulu"":0.0,""hbo"":0.0,""showtime"":0.0,""vudu"":0.0,""episode_airdates"":0.0,""season_count"":0.0,""genres_missing"":1.0,""credits_missing"":1.0,""directors_missing"":1.0,""part_names_missing"":1.0,""release_year"":1.0,""run_time"":0.0,""levenshtein_titles"":1.0,""cosine_titles"":1.0,""partial_titles"":1.0,""score"":3.6117647059}'}]","[{'2883167': 'rovi_id:1650546,Map_reason:not found in projectx'}]",,,False,Fail,Fail
10548,66133814,3350822,3350822,,,,,,Pass,Pass
11352,273654,4110063,4110063,,,,,,Pass,Pass
13469,329453,4137279,4137279,,,,,,Pass,Pass
2313,17543740,2824107,2824107,,,,,,Pass,Pass
8201,21650050,3717127,3717127,,,,,,Pass,Pass
12642,1413128,2742785,2742785,,,,,,Pass,Pass
12821,424646,2764815,2764815,,,,,,Pass,Pass
12668,480675,2736570,2736570,,,,,,Pass,Pass
12844,892366,2844417,2844417,,,,,,Pass,Pass
12868,881938,2740068,14435650,"[{'source_id': '12868,Map_reason:new'}]","[{'2740068': 'rovi_id:881938,Map_reason:not found in projectx'}]",,,False,Fail,Fail
12867,720561,4558321,4558321,,,,,,Pass,Pass
12871,747218,2796156,2796156,,,,,,Pass,Pass
227,1755876,3226325,3226325,,,,,,Pass,Pass
7974,1438306,12259696,12259696,,,,,,Pass,Pass
879,1378307,2746712,2746712,,,,,,Pass,Pass
10938,354268,4146171,4146171,,,,,,Pass,Pass
11005,556694306,8242480,8242480,,,,,,Pass,Pass
11724,461222,2733053,2733053,,,,,,Pass,Pass
27,431076,2732739,2732739,,,,,,Pass,Pass
10347,295620565,7850006,7850006,,,,,,Pass,Pass
8734,1752589,2916725,2916725,,,,,,Pass,Pass
2259,16888582,3012039,3012039,,,,,,Pass,Pass
7356,20008106,7434990,7434990,,,,,,Pass,Pass
2430,2491549,3392142,3392142,,,,,,Pass,Pass
8845,556694183,3551314,3551314,,,,,,Pass,Pass
2071,1907279,5227870,5227870,,,,,,Pass,Pass
30,434398,2925719,2925719,,,,,,Pass,Pass
2023,556691981,8236158,8236158,,,,,,Pass,Pass
9648,425160,2732665,2732665,,,,,,Pass,Pass
8735,19759378,2745026,2745026,,,,,,Pass,Pass
2055,13739048,4005579,4005579,,,,,,Pass,Pass
50,2001264,2858222,2858222,,,,,,Pass,Pass
3263,2473645,3150743,3150743,,,,,,Pass,Pass
2305,2000672,3004211,3004211,,,,,,Pass,Pass
6612,677956,2989534,2989534,,,,,,Pass,Pass
4830,1517956,5023588,5023588,,,,,,Pass,Pass
5574,18145967,7144716,7144716,,,,,,Pass,Pass
6231,129292,4028370,4028370,,,,,,Pass,Pass
5638,1332222,2744747,2744747,,,,,,Pass,Pass
2442,2177531,5351833,5351833,,,,,,Pass,Pass
1379,17553536,7009905,7009905,,,,,,Pass,Pass
4347,260180,3332132,3332132,,,,,,Pass,Pass
5405,1929209,5238636,5238636,,,,,,Pass,Pass
5341,1892986,3256436,3256436,,,,,,Pass,Pass
4512,8859586,5495781,5495781,,,,,,Pass,Pass
5406,2096880,5317044,5317044,,,,,,Pass,Pass
3904,383552802,10037262,8367816,"[{'10037262': 'rovi_id:660981920,Map_reason:not found in projectx'}, {'source_id': '3904,Map_reason:{""color"":0,""language"":0,""credits"":0,""directors"":0,""part_names"":0,""episode_titles"":0.2745098039,""genres"":0,""amazon"":0,""netflix"":0,""hulu"":0,""hbo"":0,""showtime"":0,""vudu"":0,""episode_airdates"":0,""season_count"":0,""genres_missing"":1,""credits_missing"":1,""directors_missing"":1,""part_names_missing"":1,""release_year"":1,""run_time"":0,""levenshtein_titles"":1.0,""cosine_titles"":1.0,""partial_titles"":1,""id_1"":""projectx:8367816"",""id_2"":""hulu:3904"",""score"":3.1745098039}'}]","[{'10037262': 'rovi_id:383552802,Map_reason:{""titleMapType"":""Exact"",""titleScore"":1.0,""releaseDateMatch"":false,""airDateMatch"":false,""ottMatch"":0.0,""creditCount"":0,""totalScore"":0.0,""LanguageMatch"":false,""creditWeight"":0.0}'}]",True,,False,Fail,Fail
1847,17858785,7052878,7052878,,,,,,Pass,Pass
4950,279227,4116431,14619436,"[{'source_id': '4950,Map_reason:new'}]","[{'4116431': 'rovi_id:279227,Map_reason:not found in projectx'}]",,,False,Fail,Fail
4981,1272687,2818602,2818602,,,,,,Pass,Pass
2427,425049,4203257,4203257,,,,,,Pass,Pass
3511,426134,4225819,4225819,,,,,,Pass,Pass
4043,9715695,5508182,5508182,,,,,,Pass,Pass
2418,939510,2911534,2911534,,,,,,Pass,Pass
2297,2000674,2808160,2808160,,,,,,Pass,Pass
938,1103586,3039042,3039042,,,,,,Pass,Pass
23,426095,2732779,2732779,,,,,,Pass,Pass
655,1103583,2737756,2737756,,,,,,Pass,Pass
4532,2095163,5316133,5316133,,,,,,Pass,Pass
4024,660662152,8366733,8366733,,,,,,Pass,Pass
3902,268625,4101812,4101812,,,,,,Pass,Pass
3773,8742556,5492852,5492852,,,,,,Pass,Pass
3673,1515080,5022183,5022183,,,,,,Pass,Pass
1861,796492,12258411,12258411,,,,,,Pass,Pass
3507,18915170,2877829,2877829,,,,,,Pass,Pass
644,253656,4089426,4089426,,,,,,Pass,Pass
3548,673174,2744181,2744181,,,,,,Pass,Pass
2441,2094322,5315811,5315811,,,,,,Pass,Pass
8007,1452877623,12528274,12528274,,,,,,Pass,Pass
7890,674114,3574574,3574574,,,,,,Pass,Pass
2438,452759,4317523,4317523,,,,,,Pass,Pass
2346,1308248,4908586,4908586,,,,,,Pass,Pass
2206,1534449,3002003,3002003,,,,,,Pass,Pass
3,286047,2916436,3157267,"[{'2916436': 'rovi_id:518229,Map_reason:{""titleMapType"":""Exact"",""titleScore"":1.0,""releaseDateMatch"":false,""airDateMatch"":false,""ottMatch"":0.0,""creditCount"":16,""totalScore"":0.0,""LanguageMatch"":true,""creditWeight"":0.5}'}, {'source_id': '3,Map_reason:{""color"":0.0,""language"":1.0,""credits"":0.0,""directors"":0.0,""part_names"":0.0,""episode_titles"":0.0,""genres"":0.0,""amazon"":0.0,""netflix"":0.0,""hulu"":0.0,""hbo"":0.0,""showtime"":0.0,""vudu"":0.0,""episode_airdates"":0.0,""season_count"":0.0,""genres_missing"":1.0,""credits_missing"":1.0,""directors_missing"":1.0,""part_names_missing"":1.0,""release_year"":1.0,""run_time"":0.0,""levenshtein_titles"":1.0,""cosine_titles"":1.0,""partial_titles"":1.0,""score"":3.2}'}]","[{'2916436': 'rovi_id:286047,Map_reason:not found in projectx'}]",True,,False,Fail,Fail
24,199489,4038333,4038333,,,,,,Pass,Pass
330,259447,4097890,4097890,,,,,,Pass,Pass
51,997158950,6359302,6359302,,,,,,Pass,Pass
828,1795312,2904545,2904545,,,,,,Pass,Pass
298,1616499,3500699,6458780,"[{'3500699': 'rovi_id:13145560,Map_reason:{""titleMapType"":""Exact"",""titleScore"":1.0,""releaseDateMatch"":false,""airDateMatch"":false,""ottMatch"":0.0,""creditCount"":10,""totalScore"":0.0,""LanguageMatch"":false,""creditWeight"":0.5}'}, {'source_id': '298,Map_reason:{""color"":0,""language"":1,""credits"":0,""directors"":0,""part_names"":0,""episode_titles"":0.5,""genres"":0,""amazon"":0,""netflix"":0,""hulu"":0,""hbo"":0,""showtime"":0,""vudu"":0,""episode_airdates"":0,""season_count"":0,""genres_missing"":1,""credits_missing"":1,""directors_missing"":1,""part_names_missing"":1,""release_year"":1.0,""run_time"":0,""levenshtein_titles"":1.0,""cosine_titles"":1.0,""partial_titles"":1,""id_1"":""projectx:6458780"",""id_2"":""hulu:298"",""score"":3.7}'}]","[{'3500699': 'rovi_id:1616499,Map_reason:not found in projectx'}]",True,,False,Fail,Fail
827,1424739,4980783,4980783,,,,,,Pass,Pass
831,1836180,5190803,5190803,,,,,,Pass,Pass
