GuideBox_sm_id,Rovi_sm_id,projectx_id_rovi,projectx_id_GuideBox,Dev_GuideBox_px_mapped,Dev_rovi_px_mapped,another_rovi_id_present,another_GuideBox_id_present,variant_present,Comment,Result of mapping series
14749,22023391,3327119,3327119,,,,,,Pass,Pass
20933,1020105542,3961451,3961451,,,,,,Pass,Pass
32178,1121828172,2732586,2732586,,,,,,Pass,Pass
13642,881938,2740068,2740068,,,,,,Pass,Pass
13689,480675,2736570,2736570,,,,,,Pass,Pass
613,17892128,7061546,7061546,,,,,,Pass,Pass
66,469459,2770453,2770453,,,,,,Pass,Pass
68,2334107,3227606,3227606,,,,,,Pass,Pass
13620,747218,2796156,2796156,,,,,,Pass,Pass
2296,1822703047,2865215,2865215,,,,,,Pass,Pass
2445,1739620,5151497,5151497,,,,,,Pass,Pass
159,1790203,12258170,12258170,,,,,,Pass,Pass
166,18830383,3188568,3188568,,,,,,Pass,Pass
165,18830442,3243871,3243871,,,,,,Pass,Pass
1587,2444634,2849913,2849913,,,,,,Pass,Pass
446,1672492,2892047,7363233,"[{'source_projectx_id_mapped': 'rovi_id:19635329,Map_reason:not found in projectx'}, {'sourceId': '446'}]","[{'rovi_projectx_id_mapped': 'rovi_id:1672492,Map_reason:not found in projectx'}]",True,,False,Fail,Fail
171,18829943,3142606,3142606,,,,,,Pass,Pass
173,431050,3007355,3007355,,,,,,Pass,Pass
1695,11947579,3094743,3094743,,,,,,Pass,Pass
1707,917607,2759982,2759982,,,,,,Pass,Pass
1720,506534,3220857,3220857,,,,,,Pass,Pass
205,1785402,2819197,7364975,"[{'source_projectx_id_mapped': 'rovi_id:19654200,Map_reason:not found in projectx'}, {'sourceId': '205'}]","[{'rovi_projectx_id_mapped': 'rovi_id:1785402,Map_reason:not found in projectx'}, {'sourceId': '592,Map_reason:{""color"":0.0,""language"":1.0,""credits"":0.0,""directors"":0.0,""part_names"":0.0,""episode_titles"":0.0,""genres"":1.0,""amazon"":0.0,""netflix"":0.0,""hulu"":0.0,""hbo"":0.0,""showtime"":0.0,""vudu"":0.0,""episode_airdates"":0.0,""season_count"":0.0,""genres_missing"":0.0,""credits_missing"":0.0,""directors_missing"":0.0,""part_names_missing"":0.0,""release_year"":0.0,""run_time"":0.0,""release_year_diff"":11.0,""release_year_missing"":0.0,""run_time_diff"":1770.0,""run_time_missing"":0.0,""levenshtein_titles"":1.0,""cosine_titles"":1.0,""partial_titles"":1.0}'}]",True,True,False,Fail,Fail
206,2001298,2895395,2895395,,,,,,Pass,Pass
208,412432,3498772,3498772,,,,,,Pass,Pass
1737,423675,12258232,9975628,"[{'source_projectx_id_mapped': 'rovi_id:1905995711,Map_reason:not found in projectx'}, {'sourceId': '1737'}]","[{'rovi_projectx_id_mapped': 'rovi_id:423675,Map_reason:{""titleMapType"":""Exact"",""titleScore"":1.0,""releaseDateMatch"":false,""airDateMatch"":false,""ottMatch"":0.0,""creditCount"":63,""totalScore"":0.0,""LanguageMatch"":false,""creditWeight"":0.5}'}]",True,,False,Fail,Fail
314,1833819,12260304,12260304,,,,,,Pass,Pass
307,1103250,3001199,3001199,,,,,,Pass,Pass
311,2001264,2858222,2858222,,,,,,Pass,Pass
1738,481387,2761292,2761292,,,,,,Pass,Pass
1747,424456,3280081,3280081,,,,,,Pass,Pass
493,2329560,2833278,14805758,[{'sourceId': '493'}],"[{'rovi_projectx_id_mapped': 'rovi_id:2329560,Map_reason:not found in projectx'}]",,,False,Fail,Fail
1760,720561,4558321,4558321,,,,,,Pass,Pass
1772,224883,4059904,4059904,,,,,,Pass,Pass
1778,1104787,2765021,2765021,,,,,,Pass,Pass
1782,446998,3598806,3598806,,,,,,Pass,Pass
310,2166931,2940955,2940955,,,,,,Pass,Pass
1800,2001310,2818577,2818577,,,,,,Pass,Pass
316,2167248,2817899,2817899,,,,,,Pass,Pass
1881,14034105,3292831,3292831,,,,,,Pass,Pass
201,2484036,2986569,2986569,,,,,,Pass,Pass
1919,12966115,3259868,3259868,,,,,,Pass,Pass
968,2103448,3000551,10334247,"[{'source_projectx_id_mapped': 'rovi_id:3440901328,Map_reason:not found in projectx'}, {'sourceId': '968'}]","[{'rovi_projectx_id_mapped': 'rovi_id:2103448,Map_reason:not found in projectx'}]",True,,False,Fail,Fail
954,1835232,3002658,3002658,,,,,,Pass,Pass
965,16892661,2799758,2799758,,,,,,Pass,Pass
956,1438306,12259696,12259696,,,,,,Pass,Pass
962,1835235,3000484,3000484,,,,,,Pass,Pass
960,13305894,[3015742],Nil,,,,,,source_id not ingested,Fail
957,1673497,2913689,2913689,,,,,,Pass,Pass
952,18040876,3047429,3047429,,,,,,Pass,Pass
1937,99775,3847062,3847062,,,,,,Pass,Pass
948,19113969,3360678,3360678,,,,,,Pass,Pass
1939,306786,2807341,2807341,,,,,,Pass,Pass
994,674114,3574574,3574574,,,,,,Pass,Pass
1948,167973,4037003,4037003,,,,,,Pass,Pass
1949,1167670131,8999101,8999101,,,,,,Pass,Pass
1950,253656,4089426,4089426,,,,,,Pass,Pass
959,2490563,2927351,2927351,,,,,,Pass,Pass
1958,379645,4155579,4155579,,,,,,Pass,Pass
1969,223245,4054858,4054858,,,,,,Pass,Pass
1970,224070,4058733,4058733,,,,,,Pass,Pass
2002,596961,3129014,3129014,,,,,,Pass,Pass
2039,129576,4029713,4029713,,,,,,Pass,Pass
971,2491249,3019262,3019262,,,,,,Pass,Pass
2072,19759378,2745026,2745026,,,,,,Pass,Pass
2074,2230657,5375034,5375034,,,,,,Pass,Pass
2084,321144,3202901,3202901,,,,,,Pass,Pass
57,1836155,3155311,3155311,,,,,,Pass,Pass
67,1772812,2848425,2848425,,,,,,Pass,Pass
63,19034491,3649957,3649957,,,,,,Pass,Pass
59,16885228,3235233,3235233,,,,,,Pass,Pass
60,13833539,3270162,3270162,,,,,,Pass,Pass
366,2406698,2905961,4687976,"[{'source_projectx_id_mapped': 'rovi_id:902775,Map_reason:not found in projectx'}, {'sourceId': '366'}]","[{'rovi_projectx_id_mapped': 'rovi_id:2406698,Map_reason:not found in projectx'}]",True,,False,Fail,Fail
368,2314067,5403540,5403540,,,,,,Pass,Pass
371,13895742,3091267,3091267,,,,,,Pass,Pass
372,13895738,3266203,3266203,,,,,,Pass,Pass
2098,997158950,6359302,6359302,,,,,,Pass,Pass
2103,471861,3676764,3676764,,,,,,Pass,Pass
369,1836145,2785194,2785194,,,,,,Pass,Pass
2112,129380,3265664,5470666,"[{'source_projectx_id_mapped': 'rovi_id:2485482,Map_reason:not found in projectx'}, {'sourceId': '2112'}]","[{'rovi_projectx_id_mapped': 'rovi_id:129380,Map_reason:not found in projectx'}]",True,,False,Fail,Fail
2117,1308634,3946162,3946162,,,,,,Pass,Pass
2139,429900,2741693,2741693,,,,,,Pass,Pass
2146,421657,3022847,3022847,,,,,,Pass,Pass
2165,801296,4613841,4613841,,,,,,Pass,Pass
61,13892760,3065419,3065419,,,,,,Pass,Pass
2168,19234633,3614446,3614446,,,,,,Pass,Pass
2168,11820197,3950046,3614446,"[{'source_projectx_id_mapped': 'rovi_id:19234633,Map_reason:not found in projectx'}, {'sourceId': '2168'}]","[{'rovi_projectx_id_mapped': 'rovi_id:11820197,Map_reason:{""titleMapType"":""Exact"",""titleScore"":1.0,""releaseDateMatch"":false,""airDateMatch"":false,""ottMatch"":0.0,""creditCount"":6,""totalScore"":0.0,""LanguageMatch"":false,""creditWeight"":0.5}'}]",True,,False,Fail,Fail
2168,1668240,3642204,3614446,"[{'source_projectx_id_mapped': 'rovi_id:19234633,Map_reason:not found in projectx'}, {'sourceId': '2168'}]","[{'rovi_projectx_id_mapped': 'rovi_id:1668240,Map_reason:not found in projectx'}]",True,,False,Fail,Fail
121,284739,4120961,5446250,"[{'source_projectx_id_mapped': 'rovi_id:2420637,Map_reason:{""titleMapType"":""Exact"",""titleScore"":1.0,""releaseDateMatch"":false,""airDateMatch"":false,""ottMatch"":0.0,""creditCount"":11,""totalScore"":0.0,""LanguageMatch"":true,""creditWeight"":0.5}'}, {'sourceId': '121'}]","[{'rovi_projectx_id_mapped': 'rovi_id:284739,Map_reason:not found in projectx'}]",True,,False,Fail,Fail
2220,2177941,3216960,3216960,,,,,,Pass,Pass
2268,1438700,4985983,4985983,,,,,,Pass,Pass
2305,426286,4006401,4006401,,,,,,Pass,Pass
137,2490832,2850046,2850046,,,,,,Pass,Pass
135,2170297,2806875,2806875,,,,,,Pass,Pass
141,18846680,3234338,3234338,,,,,,Pass,Pass
134,1835027,2787160,2787160,,,,,,Pass,Pass
133,1561837,2833074,2833074,,,,,,Pass,Pass
139,18815398,3289275,3289275,,,,,,Pass,Pass
136,2333214,2824114,2824114,,,,,,Pass,Pass
2329,2491273,2922534,2922534,,,,,,Pass,Pass
385,2341335,2852449,2852449,,,,,,Pass,Pass
390,18785636,2732633,2732633,,,,,,Pass,Pass
384,9952498,3609808,3609808,,,,,,Pass,Pass
16879,726224840,3893377,3893377,,,,,,Pass,Pass
2468,2231762,5375795,5375795,,,,,,Pass,Pass
2488,17982749,7086419,9394241,"[{'source_projectx_id_mapped': 'rovi_id:1503912975,Map_reason:{""titleMapType"":""Exact"",""titleScore"":1.0,""releaseDateMatch"":false,""airDateMatch"":false,""ottMatch"":0.0,""creditCount"":11,""totalScore"":0.0,""LanguageMatch"":true,""creditWeight"":0.5}'}, {'sourceId': '2488'}]","[{'rovi_projectx_id_mapped': 'rovi_id:17982749,Map_reason:not found in projectx'}]",True,,False,Fail,Fail
6988,427152,2920682,2920682,,,,,,Pass,Pass
293,2165623,2807480,2807480,,,,,,Pass,Pass
296,2478513,3146523,8353901,"[{'source_projectx_id_mapped': 'rovi_id:650709964,Map_reason:not found in projectx'}, {'sourceId': '296'}]","[{'rovi_projectx_id_mapped': 'rovi_id:2478513,Map_reason:not found in projectx'}]",True,,False,Fail,Fail
2501,899215,4685559,6051466,"[{'source_projectx_id_mapped': 'rovi_id:12080619,Map_reason:{""titleMapType"":""Exact"",""titleScore"":1.0,""releaseDateMatch"":false,""airDateMatch"":false,""ottMatch"":0.0,""creditCount"":0,""totalScore"":0.0,""LanguageMatch"":false,""creditWeight"":0.0}'}, {'sourceId': '2501'}]","[{'rovi_projectx_id_mapped': 'rovi_id:899215,Map_reason:not found in projectx'}]",True,,False,Fail,Fail
295,8240941,2999478,2999478,,,,,,Pass,Pass
2529,13520723,3073860,3073860,,,,,,Pass,Pass
2529,1134960258,8967178,3073860,"[{'source_projectx_id_mapped': 'rovi_id:13520723,Map_reason:not found in projectx'}, {'sourceId': '2529'}]","[{'rovi_projectx_id_mapped': 'rovi_id:1134960258,Map_reason:not found in projectx'}]",True,,False,Fail,Fail
2553,2120790,2928356,2928356,,,,,,Pass,Pass
2600,3424702909,10327237,3205446,"[{'source_projectx_id_mapped': 'rovi_id:1363035,Map_reason:not found in projectx'}, {'sourceId': '2600'}]","[{'rovi_projectx_id_mapped': 'rovi_id:3424702909,Map_reason:not found in projectx'}]",True,,False,Fail,Fail
2621,2040884,3233118,3233118,,,,,,Pass,Pass
2622,16888511,3301603,3301603,,,,,,Pass,Pass
2625,18933945,3274647,3274647,,,,,,Pass,Pass
2626,2154617,2858535,2858535,,,,,,Pass,Pass
2627,14729213,3063480,3063480,,,,,,Pass,Pass
2629,1609178,2938441,2938441,,,,,,Pass,Pass
2630,13977514,3094664,3094664,,,,,,Pass,Pass
2632,17495228,3017864,3017864,,,,,,Pass,Pass
2633,2300286,12262262,12262262,,,,,,Pass,Pass
2634,1863968,2953188,2953188,,,,,,Pass,Pass
2635,1483774,3260549,3260549,,,,,,Pass,Pass
2638,19729647,7226739,7226739,,,,,,Pass,Pass
2639,2105279,5320876,5320876,,,,,,Pass,Pass
2643,1987080,5263664,5263664,,,,,,Pass,Pass
2644,1781169,5167712,5167712,,,,,,Pass,Pass
2658,13610633,3985421,3985421,,,,,,Pass,Pass
2662,2295377,2831784,2831784,,,,,,Pass,Pass
2664,16882730,12258441,12258441,,,,,,Pass,Pass
2779,12400185,3169925,3169925,,,,,,Pass,Pass
10984,280906,4116637,4116637,,,,,,Pass,Pass
504,17616400,3076425,3076425,,,,,,Pass,Pass
2932,2195190,2926996,13655114,"[{'source_projectx_id_mapped': 'rovi_id:7207240983,Map_reason:not found in projectx'}, {'sourceId': '2932'}]","[{'rovi_projectx_id_mapped': 'rovi_id:2195190,Map_reason:not found in projectx'}]",True,,False,Fail,Fail
2937,2458275,3128657,3128657,,,,,,Pass,Pass
2948,2444536,2845985,2845985,,,,,,Pass,Pass
2976,18881277,3420004,3420004,,,,,,Pass,Pass
2977,1880905,2808262,2808262,,,,,,Pass,Pass
505,19016957,3142828,3142828,,,,,,Pass,Pass
2982,2235925,2967521,2967521,,,,,,Pass,Pass
498,14031120,3140767,3140767,,,,,,Pass,Pass
2993,67120373,3899075,3899075,,,,,,Pass,Pass
5903,19955398,2935879,2935879,,,,,,Pass,Pass
565,2105382,3002156,3002156,,,,,,Pass,Pass
5073,129162,2743725,2743725,,,,,,Pass,Pass
555,2498864,2852889,2852889,,,,,,Pass,Pass
21690,1053597501,3950200,3950200,,,,,,Pass,Pass
1115,408466,4163685,4163685,,,,,,Pass,Pass
6959,14773782,3077080,3077080,,,,,,Pass,Pass
6961,1941630,2943983,2943983,,,,,,Pass,Pass
7197,19958649,3196829,3196829,,,,,,Pass,Pass
6963,2247513,2816306,2816306,,,,,,Pass,Pass
7399,8202313,3091615,3072988,"[{'source_projectx_id_mapped': 'rovi_id:17943376,Map_reason:not found in projectx'}, {'sourceId': '7399'}]","[{'rovi_projectx_id_mapped': 'rovi_id:8202313,Map_reason:not found in projectx'}]",True,,False,Fail,Fail
6965,2337372,2908459,2908459,,,,,,Pass,Pass
617,2357228,3218505,3218505,,,,,,Pass,Pass
6968,12124014,2932529,2932529,,,,,,Pass,Pass
7391,18982134,6388886,6388886,,,,,,Pass,Pass
5744,16883916,2999030,2999030,,,,,,Pass,Pass
7395,344456,4142965,4142965,,,,,,Pass,Pass
612,1855730,2790678,2790678,,,,,,Pass,Pass
6969,464847,2941908,2941908,,,,,,Pass,Pass
6971,2430807,2933031,2933031,,,,,,Pass,Pass
6973,2052128,3125926,3125926,,,,,,Pass,Pass
6979,815073,2738768,2738768,,,,,,Pass,Pass
6981,8257507,3657975,3657975,,,,,,Pass,Pass
614,14595823,3229324,3229324,,,,,,Pass,Pass
6984,1213625,2735571,2735571,,,,,,Pass,Pass
1253,826394,2905652,2905652,,,,,,Pass,Pass
6985,1316567,2759106,2759106,,,,,,Pass,Pass
4690,1288712,2764115,2764115,,,,,,Pass,Pass
5067,2151719,5342699,5342699,,,,,,Pass,Pass
6079,9650028,5507509,5507509,,,,,,Pass,Pass
7000,2482608,2953828,2953828,,,,,,Pass,Pass
7002,18011414,3070308,3070308,,,,,,Pass,Pass
7003,1853033,2960189,7623274,"[{'source_projectx_id_mapped': 'rovi_id:22301432,Map_reason:{""titleMapType"":""Exact"",""titleScore"":1.0,""releaseDateMatch"":false,""airDateMatch"":false,""ottMatch"":0.0,""creditCount"":21,""totalScore"":0.0,""LanguageMatch"":false,""creditWeight"":0.5}'}, {'sourceId': '7003'}]","[{'rovi_projectx_id_mapped': 'rovi_id:1853033,Map_reason:not found in projectx'}]",True,,False,Fail,Fail
5763,9155646,3199687,3199687,,,,,,Pass,Pass
7021,2336802,3928990,3928990,,,,,,Pass,Pass
7024,213546,4042473,4042473,,,,,,Pass,Pass
7025,975128413,2965774,2965774,,,,,,Pass,Pass
7039,11782302,3167732,3167732,,,,,,Pass,Pass
7043,1967774,3288010,3288010,,,,,,Pass,Pass
7056,319627,4133766,4133766,,,,,,Pass,Pass
7058,253570,8884912,5792513,"[{'source_projectx_id_mapped': 'rovi_id:11919554,Map_reason:not found in projectx'}, {'sourceId': '7058'}]","[{'rovi_projectx_id_mapped': 'rovi_id:253570,Map_reason:not found in projectx'}]",True,,False,Fail,Fail
7076,16886597,3083454,3083454,,,,,,Pass,Pass
7081,403310,4162059,4162059,,,,,,Pass,Pass
7097,18175463,3021475,3021475,,,,,,Pass,Pass
7119,811383,4619024,4619024,,,,,,Pass,Pass
7120,9980308,2865812,2865812,,,,,,Pass,Pass
7129,2446617,3644614,3644614,,,,,,Pass,Pass
7135,1406911,2842473,2842473,,,,,,Pass,Pass
9331,17717132,3272161,3272161,,,,,,Pass,Pass
9090,18142219,3655529,3655529,,,,,,Pass,Pass
8521,2173167,3522667,3522667,,,,,,Pass,Pass
8523,2242870,2818360,7364028,"[{'source_projectx_id_mapped': 'rovi_id:19650833,Map_reason:not found in projectx'}, {'sourceId': '8523'}]","[{'rovi_projectx_id_mapped': 'rovi_id:2242870,Map_reason:not found in projectx'}]",True,,False,Fail,Fail
8528,18045939,3225516,3225516,,,,,,Pass,Pass
9421,2488023,2862712,2862712,,,,,,Pass,Pass
9423,1408028,3517037,3517037,,,,,,Pass,Pass
703,18181222,3265251,3265251,,,,,,Pass,Pass
8605,19893665,3177008,3177008,,,,,,Pass,Pass
803,18001985,7095273,7095273,,,,,,Pass,Pass
9821,2402770,5440923,14799102,[{'sourceId': '9821'}],"[{'rovi_projectx_id_mapped': 'rovi_id:2402770,Map_reason:not found in projectx'}]",,,False,Fail,Fail
804,16860733,3165890,3165890,,,,,,Pass,Pass
9281,2184344,2832065,2832065,,,,,,Pass,Pass
9291,1886884,3424021,3424021,,,,,,Pass,Pass
10017,340684,3452294,3452294,,,,,,Pass,Pass
332,425163,2735024,2735024,,,,,,Pass,Pass
967,18815354,3124764,3124764,,,,,,Pass,Pass
10293,18906934,3271012,3271012,,,,,,Pass,Pass
149,21718205,3345859,3345859,,,,,,Pass,Pass
146,1332222,2744747,2744747,,,,,,Pass,Pass
10322,17119555,6983395,6983395,,,,,,Pass,Pass
10416,9709672,5508113,5508113,,,,,,Pass,Pass
10422,2215255,2828064,2828064,,,,,,Pass,Pass
10434,11982324,3312822,3312822,,,,,,Pass,Pass
10435,1907279,5227870,5227870,,,,,,Pass,Pass
10468,19955807,8133328,7959158,"[{'source_projectx_id_mapped': 'rovi_id:318547525,Map_reason:not found in projectx'}, {'sourceId': '10468'}]","[{'rovi_projectx_id_mapped': 'rovi_id:19955807,Map_reason:{""titleMapType"":""Exact"",""titleScore"":1.0,""releaseDateMatch"":false,""airDateMatch"":false,""ottMatch"":0.0,""creditCount"":0,""totalScore"":0.0,""LanguageMatch"":false,""creditWeight"":0.0}'}]",True,,False,Fail,Fail
10500,406170,4162711,4162711,,,,,,Pass,Pass
10509,9715695,5508182,5508182,,,,,,Pass,Pass
10515,11962690,5856293,5856293,,,,,,Pass,Pass
10576,19273426,7357667,7357667,,,,,,Pass,Pass
10587,643601,2781054,2781054,,,,,,Pass,Pass
10715,17016589,6974658,6974658,,,,,,Pass,Pass
10716,563474124,8254425,8254425,,,,,,Pass,Pass
11037,522107,[2865848],Nil,,,,,,source_id not ingested,Fail
11193,18815807,3185914,3185914,,,,,,Pass,Pass
11358,425185,4207141,4207141,,,,,,Pass,Pass
11373,19955053,2858160,2858160,,,,,,Pass,Pass
11380,862691,4656696,4656696,,,,,,Pass,Pass
10317,19210556,7335380,7335380,,,,,,Pass,Pass
6977,1857896,3661311,3661311,,,,,,Pass,Pass
7092,10522767,2978256,2978256,,,,,,Pass,Pass
11421,21983277,8491692,8491692,,,,,,Pass,Pass
11620,539957838,8214762,8214762,,,,,,Pass,Pass
11672,2450270,3590506,3590506,,,,,,Pass,Pass
11673,67236056,7812448,7812448,,,,,,Pass,Pass
11690,543825332,8218274,8218274,,,,,,Pass,Pass
12461,18867637,7242379,7242379,,,,,,Pass,Pass
12653,66043970,7626278,7626278,,,,,,Pass,Pass
12764,563307357,8253952,8253952,,,,,,Pass,Pass
12791,212927,4041415,4041415,,,,,,Pass,Pass
12783,67204864,3708943,3708943,,,,,,Pass,Pass
12830,9708099,5508135,5508135,,,,,,Pass,Pass
12850,1346390,2744639,2744639,,,,,,Pass,Pass
12834,556694021,8240030,8240030,,,,,,Pass,Pass
12858,21575498,3648568,3648568,,,,,,Pass,Pass
13423,18785960,3040758,3040758,,,,,,Pass,Pass
12880,66330236,3253075,3253075,,,,,,Pass,Pass
12887,13995424,6818407,6818407,,,,,,Pass,Pass
12897,2291925,3081606,3081606,,,,,,Pass,Pass
12908,556694277,8241319,8241319,,,,,,Pass,Pass
12907,21751992,3816185,3816185,,,,,,Pass,Pass
12905,556694220,8240884,8240884,,,,,,Pass,Pass
12902,556694253,3886613,3886613,,,,,,Pass,Pass
12937,1762662,6549626,6549626,,,,,,Pass,Pass
12982,19218168,7337401,7337401,,,,,,Pass,Pass
12993,66856195,2804313,2804313,,,,,,Pass,Pass
13092,556694301,8241446,8241446,,,,,,Pass,Pass
13133,333627154,8009221,8009221,,,,,,Pass,Pass
13145,17132096,3012922,3012922,,,,,,Pass,Pass
129,2177886,2807849,2807849,,,,,,Pass,Pass
13186,1204909,2764617,2764617,,,,,,Pass,Pass
13306,542476032,8549019,8549019,,,,,,Pass,Pass
13337,12595521,3034091,3034091,,,,,,Pass,Pass
13316,2432647,3962330,3962330,,,,,,Pass,Pass
13381,309200564,7573566,7573566,,,,,,Pass,Pass
13387,17654958,3361207,3361207,,,,,,Pass,Pass
10354,18916161,3389577,3389577,,,,,,Pass,Pass
13424,14778569,3240715,3240715,,,,,,Pass,Pass
13446,1285653,4895295,4895295,,,,,,Pass,Pass
116,14718332,3024444,3024444,,,,,,Pass,Pass
13479,1932402,3256652,3256652,,,,,,Pass,Pass
13511,442354,4271844,4271844,,,,,,Pass,Pass
13541,2496641,3527287,3527287,,,,,,Pass,Pass
13544,17118012,3352856,3352856,,,,,,Pass,Pass
13548,2201727,2819521,2819521,,,,,,Pass,Pass
13560,1269054167,9129757,9129757,,,,,,Pass,Pass
13562,1110834,2765570,2765570,,,,,,Pass,Pass
13563,2057172,3352132,3352132,,,,,,Pass,Pass
13588,2392900,2732939,2732939,,,,,,Pass,Pass
10330,425684,3617430,3617430,,,,,,Pass,Pass
10728,2366147,2828563,2828563,,,,,,Pass,Pass
11156,16789113,3294632,3294632,,,,,,Pass,Pass
13675,22275045,3287375,3287375,,,,,,Pass,Pass
13623,425669,4010896,4010896,,,,,,Pass,Pass
13936,66763139,7778552,9072122,"[{'source_projectx_id_mapped': 'rovi_id:1224681641,Map_reason:{""titleMapType"":""Exact"",""titleScore"":1.0,""releaseDateMatch"":false,""airDateMatch"":false,""ottMatch"":0.0,""creditCount"":22,""totalScore"":0.0,""LanguageMatch"":false,""creditWeight"":0.5}'}, {'sourceId': '13936'}]","[{'rovi_projectx_id_mapped': 'rovi_id:66763139,Map_reason:not found in projectx'}]",True,,False,Fail,Fail
14977,279614,4115903,4115903,,,,,,Pass,Pass
15044,383180761,4857901,4857901,,,,,,Pass,Pass
14802,66492528,3404163,3404163,,,,,,Pass,Pass
15110,365263,4149485,4149485,,,,,,Pass,Pass
10505,2061207,5301269,5301269,,,,,,Pass,Pass
15211,15094222,6877882,6877882,,,,,,Pass,Pass
15250,659162208,8364678,8364678,,,,,,Pass,Pass
15262,67023562,3279969,3279969,,,,,,Pass,Pass
15274,447977907,8128016,8128016,,,,,,Pass,Pass
15235,359499385,8226192,8226192,,,,,,Pass,Pass
15335,581633412,8265844,8265844,,,,,,Pass,Pass
14818,322981450,3294149,3294149,,,,,,Pass,Pass
15207,371357783,8066068,8066068,,,,,,Pass,Pass
15402,674390652,2902196,2902196,,,,,,Pass,Pass
15537,661156610,3529815,3529815,,,,,,Pass,Pass
15558,658933633,8364032,8364032,,,,,,Pass,Pass
15559,67347483,3978150,3978150,,,,,,Pass,Pass
15564,21580609,3013636,3013636,,,,,,Pass,Pass
125,2285877,3374604,3374604,,,,,,Pass,Pass
15563,470026707,3972835,3972835,,,,,,Pass,Pass
15585,657735238,8361601,8361601,,,,,,Pass,Pass
15617,12109884,2970544,2970544,,,,,,Pass,Pass
15631,518760977,8188269,8188269,,,,,,Pass,Pass
15709,333925890,8785682,8785682,,,,,,Pass,Pass
15713,563552392,3365490,3365490,,,,,,Pass,Pass
15985,373826930,3495923,3495923,,,,,,Pass,Pass
15984,386465737,3379879,3379879,,,,,,Pass,Pass
15795,22377249,3413511,3413511,,,,,,Pass,Pass
15998,335034162,3204260,3204260,,,,,,Pass,Pass
16021,457397312,3524937,3524937,,,,,,Pass,Pass
16087,67129987,7805415,7805415,,,,,,Pass,Pass
16080,19047397,7294377,2764957,"[{'source_projectx_id_mapped': 'rovi_id:332717879,Map_reason:{""titleMapType"":""Exact"",""titleScore"":1.0,""releaseDateMatch"":false,""airDateMatch"":false,""ottMatch"":0.0,""creditCount"":6,""totalScore"":0.0,""LanguageMatch"":true,""creditWeight"":0.5}'}, {'sourceId': '16080'}]","[{'rovi_projectx_id_mapped': 'rovi_id:19047397,Map_reason:not found in projectx'}]",True,,False,Fail,Fail
16063,367621787,3441848,3441848,,,,,,Pass,Pass
16068,11803690,2899187,2899187,,,,,,Pass,Pass
16157,1681035,2760401,2760401,,,,,,Pass,Pass
16177,708002598,8444328,8444328,,,,,,Pass,Pass
15696,506272190,3321960,3321960,,,,,,Pass,Pass
16195,331837486,8002490,8002490,,,,,,Pass,Pass
16207,942931038,8751041,8751041,,,,,,Pass,Pass
16200,66272447,4012372,4012372,,,,,,Pass,Pass
16237,11933600,2761233,2761233,,,,,,Pass,Pass
16250,545359971,3383924,3383924,,,,,,Pass,Pass
15801,545199175,3390902,3390902,,,,,,Pass,Pass
16292,545277544,3495646,3495646,,,,,,Pass,Pass
16246,661554177,8368512,8574596,"[{'source_projectx_id_mapped': 'rovi_id:804754370,Map_reason:not found in projectx'}, {'sourceId': '16246'}]","[{'rovi_projectx_id_mapped': 'rovi_id:661554177,Map_reason:not found in projectx'}]",True,,False,Fail,Fail
16320,503292084,10100740,10100740,,,,,,Pass,Pass
16370,945674413,8756273,8756273,,,,,,Pass,Pass
16512,324969080,3659353,3659353,,,,,,Pass,Pass
16513,313425501,3360018,3360018,,,,,,Pass,Pass
16603,304358168,3296559,3296559,,,,,,Pass,Pass
16620,14693376,3034282,3034282,,,,,,Pass,Pass
16482,673096,4506314,4506314,,,,,,Pass,Pass
15818,545392195,3725708,3725708,,,,,,Pass,Pass
15820,545386550,3522029,3522029,,,,,,Pass,Pass
15799,919906586,8699810,8699810,,,,,,Pass,Pass
16822,22515389,3211410,3211410,,,,,,Pass,Pass
16854,819105225,8254381,8254381,,,,,,Pass,Pass
16173,1105787661,8943495,8943495,,,,,,Pass,Pass
16381,722503276,3492085,3492085,,,,,,Pass,Pass
16870,22378177,3267073,3267073,,,,,,Pass,Pass
16877,940378796,8747253,8747253,,,,,,Pass,Pass
16921,686433687,4003463,4003463,,,,,,Pass,Pass
16930,66164898,3874669,3874669,,,,,,Pass,Pass
16886,668926962,8376628,8376628,,,,,,Pass,Pass
16998,1487956505,9383390,9383390,,,,,,Pass,Pass
17144,421119,3921135,3921135,,,,,,Pass,Pass
18951,21718205,3345859,14788394,[{'sourceId': '18951'}],"[{'rovi_projectx_id_mapped': 'rovi_id:21718205,Map_reason:not found in projectx'}, {'sourceId': '149,Map_reason:{""color"":0.0,""language"":1.0,""credits"":0.0,""directors"":0.0,""part_names"":0.1428571429,""episode_titles"":0.2745098039,""genres"":1.0,""amazon"":1.0,""netflix"":1.0,""hulu"":0.0,""hbo"":0.0,""showtime"":0.0,""vudu"":1.0,""episode_airdates"":0.0,""season_count"":0.0,""genres_missing"":0.0,""credits_missing"":0.0,""directors_missing"":1.0,""part_names_missing"":0.0,""release_year"":0.0,""run_time"":0.0,""release_year_diff"":56.0,""release_year_missing"":0.0,""run_time_diff"":1770.0,""run_time_missing"":0.0,""levenshtein_titles"":1.0,""cosine_titles"":1.0,""partial_titles"":1.0}'}]",,True,False,Fail,Fail
17235,22521214,3243155,3243155,,,,,,Pass,Pass
17257,830987723,8597997,8597997,,,,,,Pass,Pass
17273,812761973,8582110,8582110,,,,,,Pass,Pass
17319,998217876,3969680,3969680,,,,,,Pass,Pass
17315,853376810,8623097,8623097,,,,,,Pass,Pass
17330,585193620,8268922,8268922,,,,,,Pass,Pass
17221,784095641,3419180,3419180,,,,,,Pass,Pass
17302,306981668,3981140,13365734,[{'sourceId': '17302'}],"[{'rovi_projectx_id_mapped': 'rovi_id:306981668,Map_reason:not found in projectx'}]",,,False,Fail,Fail
17102,1817918,2784637,2784637,,,,,,Pass,Pass
15880,386562423,3570067,3570067,,,,,,Pass,Pass
17391,1093724630,8931194,8931194,,,,,,Pass,Pass
17394,630930640,3498863,3498863,,,,,,Pass,Pass
15819,545383125,8220856,8220856,,,,,,Pass,Pass
17430,560772269,3858509,3858509,,,,,,Pass,Pass
17441,545241842,3766184,3766184,,,,,,Pass,Pass
17451,1681028251,9469006,9469006,,,,,,Pass,Pass
17534,19262246,3321129,3321129,,,,,,Pass,Pass
17528,689522875,8319107,8319107,,,,,,Pass,Pass
17509,1234483969,9084064,9084064,,,,,,Pass,Pass
17531,781675275,8540095,8540095,,,,,,Pass,Pass
17530,806576751,8200048,13361821,[{'sourceId': '17530'}],"[{'rovi_projectx_id_mapped': 'rovi_id:806576751,Map_reason:not found in projectx'}]",,,False,Fail,Fail
17748,895807211,3797869,3797869,,,,,,Pass,Pass
15817,993444536,3520287,3520287,,,,,,Pass,Pass
17991,308459700,3653247,3653247,,,,,,Pass,Pass
18229,700812471,3870774,3870774,,,,,,Pass,Pass
18031,386149818,8098816,11351906,"[{'source_projectx_id_mapped': 'rovi_id:5448401370,Map_reason:not found in projectx'}, {'sourceId': '18031'}]","[{'rovi_projectx_id_mapped': 'rovi_id:386149818,Map_reason:not found in projectx'}]",True,,False,Fail,Fail
18328,19926338,7408171,13349561,[{'sourceId': '18328'}],"[{'rovi_projectx_id_mapped': 'rovi_id:19926338,Map_reason:not found in projectx'}]",,,False,Fail,Fail
18399,1055546552,8886862,8886862,,,,,,Pass,Pass
18321,893648370,3808346,3808346,,,,,,Pass,Pass
18432,1061293947,8892460,8892460,,,,,,Pass,Pass
18507,895705225,3783107,3783107,,,,,,Pass,Pass
18477,930178107,3684589,3684589,,,,,,Pass,Pass
18508,880922326,8662974,8662974,,,,,,Pass,Pass
18584,586882462,8270233,8270233,,,,,,Pass,Pass
18750,14658718,6854797,6854797,,,,,,Pass,Pass
10508,364976,4149444,4149444,,,,,,Pass,Pass
18734,813736320,3581366,3581366,,,,,,Pass,Pass
18775,930203258,3910672,3910672,,,,,,Pass,Pass
16387,331864353,3510007,3510007,,,,,,Pass,Pass
18792,447987379,3543801,3543801,,,,,,Pass,Pass
18961,21719372,3285368,3285368,,,,,,Pass,Pass
16233,512463271,3665136,3665136,,,,,,Pass,Pass
18885,1002006301,8826973,8826973,,,,,,Pass,Pass
18887,889300119,3742977,3742977,,,,,,Pass,Pass
18948,1011892384,3741408,3741408,,,,,,Pass,Pass
7098,18233985,3363316,3363316,,,,,,Pass,Pass
15736,67417314,3733058,3733058,,,,,,Pass,Pass
19467,301160355,3466891,3466891,,,,,,Pass,Pass
19536,1035828782,3722963,14531882,[{'sourceId': '19536'}],"[{'rovi_projectx_id_mapped': 'rovi_id:1035828782,Map_reason:not found in projectx'}]",,,False,Fail,Fail
19542,662401258,3860700,3860700,,,,,,Pass,Pass
19623,285144,4121451,4121451,,,,,,Pass,Pass
18893,546733009,3694538,3694538,,,,,,Pass,Pass
14869,1145923157,8976146,8976146,,,,,,Pass,Pass
18973,1029453964,8857178,8857178,,,,,,Pass,Pass
20146,22502078,3184152,3184152,,,,,,Pass,Pass
20145,1005722363,3697734,3697734,,,,,,Pass,Pass
20144,21751388,3841671,3841671,,,,,,Pass,Pass
20143,66121059,3364133,3364133,,,,,,Pass,Pass
20142,322946895,3278393,3278393,,,,,,Pass,Pass
20255,1028993700,3898173,3898173,,,,,,Pass,Pass
20287,918723577,8697244,8697244,,,,,,Pass,Pass
19537,1087074236,3723662,3723662,,,,,,Pass,Pass
20625,873425479,8651669,8651669,,,,,,Pass,Pass
20874,1334069900,9237479,9237479,,,,,,Pass,Pass
20352,1147344042,8977483,8977483,,,,,,Pass,Pass
20617,1123352864,3546739,3546739,,,,,,Pass,Pass
21506,1316886556,9213831,9213831,,,,,,Pass,Pass
21507,5449094895,11520130,11520130,,,,,,Pass,Pass
20532,301160346,3355186,3355186,,,,,,Pass,Pass
21605,604180948,3395740,3395740,,,,,,Pass,Pass
19698,939969754,3781892,3781892,,,,,,Pass,Pass
18998,1024560147,8851122,8851122,,,,,,Pass,Pass
18739,1046915435,3694881,3694881,,,,,,Pass,Pass
14787,21512120,7467610,7467610,,,,,,Pass,Pass
19134,4884088326,11095709,11095709,,,,,,Pass,Pass
20685,1140631464,8971680,8971680,,,,,,Pass,Pass
19647,1046914029,3759584,3759584,,,,,,Pass,Pass
21732,66492462,3210704,3210704,,,,,,Pass,Pass
18707,951700899,3919012,3919012,,,,,,Pass,Pass
10349,18819496,3142642,3142642,,,,,,Pass,Pass
20702,961678690,3515085,3515085,,,,,,Pass,Pass
21769,709491414,3761161,3761161,,,,,,Pass,Pass
21960,1144006062,8972485,8972485,,,,,,Pass,Pass
22017,1398132278,9302228,9302228,,,,,,Pass,Pass
20928,1059899283,8890425,8890425,,,,,,Pass,Pass
18760,1055532722,3561899,3561899,,,,,,Pass,Pass
21959,1161855126,2869633,2869633,,,,,,Pass,Pass
21903,20037997,3278192,3278192,,,,,,Pass,Pass
22531,863953578,8636978,8636978,,,,,,Pass,Pass
22634,1196360109,3744874,3744874,,,,,,Pass,Pass
22678,1191235455,[9031970],Nil,,,,,,source_id not ingested,Fail
22756,608067014,3370392,3370392,,,,,,Pass,Pass
23278,1046915310,8875238,8875238,,,,,,Pass,Pass
20587,470031424,3513040,3513040,,,,,,Pass,Pass
24649,1294181921,3708476,3708476,,,,,,Pass,Pass
23350,1355100566,9262489,9262489,,,,,,Pass,Pass
24871,2323418,3533906,3533906,,,,,,Pass,Pass
24807,1352212822,3744632,3744632,,,,,,Pass,Pass
22674,1292097789,9168959,9168959,,,,,,Pass,Pass
24986,958608633,8746686,8746686,,,,,,Pass,Pass
22454,1255584815,3721606,3721606,,,,,,Pass,Pass
25169,430314,3461851,3461851,,,,,,Pass,Pass
25168,11764346,5554536,5554536,,,,,,Pass,Pass
25192,1538224269,3487896,3487896,,,,,,Pass,Pass
25216,993204974,3776528,3776528,,,,,,Pass,Pass
25273,947043960,8758743,8758743,,,,,,Pass,Pass
26350,1416390951,9318065,9318065,,,,,,Pass,Pass
26581,1167105320,8998040,8998040,,,,,,Pass,Pass
25662,22007779,7575808,7575808,,,,,,Pass,Pass
26558,313424332,4012360,4012360,,,,,,Pass,Pass
27060,1167105323,8997978,8997978,,,,,,Pass,Pass
26751,1130167099,8963501,8963501,,,,,,Pass,Pass
25686,1221887023,9066153,14880728,[{'sourceId': '25686'}],"[{'rovi_projectx_id_mapped': 'rovi_id:1221887023,Map_reason:not found in projectx'}, {'sourceId': '42848,Map_reason:{""color"":0,""language"":1,""credits"":0,""directors"":0,""part_names"":0,""episode_titles"":0.8571428571,""genres"":0,""amazon"":0,""netflix"":0,""hulu"":0,""hbo"":0,""showtime"":0,""vudu"":0,""episode_airdates"":0,""season_count"":0,""genres_missing"":1,""credits_missing"":1,""directors_missing"":1,""part_names_missing"":1,""release_year"":1,""run_time"":0,""release_year_diff"":0,""release_year_missing"":0,""run_time_diff"":0,""run_time_missing"":1,""levenshtein_titles"":1.0,""cosine_titles"":1.0,""partial_titles"":1,""id_1"":""projectx:9066153"",""id_2"":""guidebox:SM-42848"",""score"":4.0571428571}'}]",,True,False,Fail,Fail
23333,1087150723,3789001,3789001,,,,,,Pass,Pass
27730,717454,4556595,4556595,,,,,,Pass,Pass
25121,1273033076,9960990,9960990,,,,,,Pass,Pass
27801,1426298284,9325234,14783013,[{'sourceId': '27801'}],"[{'rovi_projectx_id_mapped': 'rovi_id:1426298284,Map_reason:not found in projectx'}, {'sourceId': '51201,Map_reason:{""color"":0.0,""language"":1.0,""credits"":0.0,""directors"":0.0,""part_names"":0.0,""episode_titles"":1.0,""genres"":0.0,""amazon"":0.0,""netflix"":0.0,""hulu"":0.0,""hbo"":0.0,""showtime"":0.0,""vudu"":0.0,""episode_airdates"":0.0,""season_count"":0.0,""genres_missing"":1.0,""credits_missing"":1.0,""directors_missing"":1.0,""part_names_missing"":1.0,""release_year"":0.0,""run_time"":0.0,""release_year_diff"":0.0,""release_year_missing"":1.0,""run_time_diff"":0.0,""run_time_missing"":1.0,""levenshtein_titles"":1.0,""cosine_titles"":1.0,""partial_titles"":1.0,""score"":4.0}'}]",,True,False,Fail,Fail
27796,1046915501,3997002,3997002,,,,,,Pass,Pass
26909,1209816482,3720711,3720711,,,,,,Pass,Pass
27518,1046915122,3901595,3901595,,,,,,Pass,Pass
19287,1352142797,3717506,3717506,,,,,,Pass,Pass
28197,1406073269,3750474,3750474,,,,,,Pass,Pass
28252,12030030,2942237,2942237,,,,,,Pass,Pass
28079,211159,3549941,3549941,,,,,,Pass,Pass
19186,1046914033,8874667,8874667,,,,,,Pass,Pass
28356,1466861535,9361536,9361536,,,,,,Pass,Pass
14794,14237872,3141819,3141819,,,,,,Pass,Pass
19447,622653394,3711398,3711398,,,,,,Pass,Pass
27912,1274784408,9136212,9136212,,,,,,Pass,Pass
28284,1053470645,3844404,3844404,,,,,,Pass,Pass
28690,1902561063,3362931,3362931,,,,,,Pass,Pass
28715,5233969182,11261408,11261408,,,,,,Pass,Pass
24826,1331960368,9236460,9236460,,,,,,Pass,Pass
28798,1653023635,9463536,13259999,[{'sourceId': '28798'}],"[{'rovi_projectx_id_mapped': 'rovi_id:1653023635,Map_reason:not found in projectx'}]",,,False,Fail,Fail
28802,3559158732,10387378,10387378,,,,,,Pass,Pass
16217,67347444,3704296,3704296,,,,,,Pass,Pass
28829,1274767896,9136174,9136174,,,,,,Pass,Pass
24828,1457538057,3934472,3934472,,,,,,Pass,Pass
26521,1115985839,3523764,3523764,,,,,,Pass,Pass
29248,11810425,5630500,5630500,,,,,,Pass,Pass
20306,1053480823,3770217,3770217,,,,,,Pass,Pass
30105,21702432,3367090,14662046,[{'sourceId': '30105'}],"[{'rovi_projectx_id_mapped': 'rovi_id:21702432,Map_reason:not found in projectx'}]",,,False,Fail,Fail
29227,1538366608,3773422,3773422,,,,,,Pass,Pass
14894,301456007,7877700,7877700,,,,,,Pass,Pass
23240,509982750,8176989,8176989,,,,,,Pass,Pass
31629,1954497623,10011216,10011216,,,,,,Pass,Pass
29223,1264047511,3777170,3777170,,,,,,Pass,Pass
31705,4113851839,10573127,10573127,,,,,,Pass,Pass
31715,1547451878,3709377,3709377,,,,,,Pass,Pass
31920,1377141430,9284763,9284763,,,,,,Pass,Pass
31919,1501789658,3993124,3993124,,,,,,Pass,Pass
31956,1457027240,3694207,3694207,,,,,,Pass,Pass
28922,1742832453,9503497,9503497,,,,,,Pass,Pass
22655,726231478,3584781,3584781,,,,,,Pass,Pass
28162,960020040,3545153,14376307,[{'sourceId': '28162'}],"[{'rovi_projectx_id_mapped': 'rovi_id:960020040,Map_reason:not found in projectx'}]",,,False,Fail,Fail
32635,4113817273,10572922,10572922,,,,,,Pass,Pass
32673,1523579086,3709670,3709670,,,,,,Pass,Pass
29509,1373810517,9281057,9281057,,,,,,Pass,Pass
31885,1544489031,10048024,10048024,,,,,,Pass,Pass
33359,1786768768,9522957,9522957,,,,,,Pass,Pass
32504,1046916124,9936393,9936393,,,,,,Pass,Pass
29088,1237755841,9086105,9086105,,,,,,Pass,Pass
21998,1219877239,9063599,9063599,,,,,,Pass,Pass
33446,1288022200,9158511,9158511,,,,,,Pass,Pass
31942,1460466111,10046774,10046774,,,,,,Pass,Pass
28651,1482900873,9377631,9377631,,,,,,Pass,Pass
33680,3289010670,10259635,10259635,,,,,,Pass,Pass
33788,1830486866,3717298,3717298,,,,,,Pass,Pass
26994,1150336527,3878244,3878244,,,,,,Pass,Pass
33833,1803088475,9531270,9531270,,,,,,Pass,Pass
33895,1440588702,3748835,3748835,,,,,,Pass,Pass
33450,1519091656,3726004,3726004,,,,,,Pass,Pass
34002,11886086,3175977,3175977,,,,,,Pass,Pass
33735,1443670102,3748102,3748102,,,,,,Pass,Pass
34030,13765529,6804150,6804150,,,,,,Pass,Pass
29151,1519092102,3910437,3910437,,,,,,Pass,Pass
34167,3925036463,10467004,14343518,[{'sourceId': '34167'}],"[{'rovi_projectx_id_mapped': 'rovi_id:3925036463,Map_reason:not found in projectx'}]",,,False,Fail,Fail
34145,1253941394,9105070,9105070,,,,,,Pass,Pass
33736,1443729890,3771588,3771588,,,,,,Pass,Pass
29152,1450853280,9346891,9346891,,,,,,Pass,Pass
32681,1490453251,9384606,9384606,,,,,,Pass,Pass
34471,819350096,8586685,8586685,,,,,,Pass,Pass
34460,3398102571,10313745,10313745,,,,,,Pass,Pass
34513,1866811435,3793259,3793259,,,,,,Pass,Pass
32666,1130653065,3886432,3886432,,,,,,Pass,Pass
29023,1241168692,10056496,10056496,,,,,,Pass,Pass
33991,4224197994,10782846,10782846,,,,,,Pass,Pass
32268,1227921989,3938568,3938568,,,,,,Pass,Pass
32464,1300375604,9189784,9189784,,,,,,Pass,Pass
33402,982844461,10010939,10010939,,,,,,Pass,Pass
34813,10465529,3277287,3277287,,,,,,Pass,Pass
34885,1897645272,9971915,9971915,,,,,,Pass,Pass
32463,1787000299,3909986,3909986,,,,,,Pass,Pass
35162,1107114595,8944520,8944520,,,,,,Pass,Pass
35188,332992690,8006164,13489564,[{'sourceId': '35188'}],"[{'rovi_projectx_id_mapped': 'rovi_id:332992690,Map_reason:not found in projectx'}]",,,False,Fail,Fail
35241,1362801579,9270263,9270263,,,,,,Pass,Pass
35276,708589050,3986511,14805995,[{'sourceId': '35276'}],"[{'rovi_projectx_id_mapped': 'rovi_id:708589050,Map_reason:not found in projectx'}]",,,False,Fail,Fail
34457,1822341910,9581616,9581616,,,,,,Pass,Pass
32273,1278881507,9139684,9139684,,,,,,Pass,Pass
32465,1134660772,3733680,3733680,,,,,,Pass,Pass
34656,1295299718,3776612,3776612,,,,,,Pass,Pass
35456,4741680599,10145136,10145136,,,,,,Pass,Pass
35634,3174144661,10138208,10138208,,,,,,Pass,Pass
35110,1268351993,9129031,9129031,,,,,,Pass,Pass
35576,2116246363,3964442,3964442,,,,,,Pass,Pass
29022,1539825797,3839582,3839582,,,,,,Pass,Pass
35329,3177567879,10139092,10139092,,,,,,Pass,Pass
35714,4803542622,11059068,11059068,,,,,,Pass,Pass
33794,1252380531,3754270,3957165,"[{'source_projectx_id_mapped': 'rovi_id:4561032615,Map_reason:not found in projectx'}, {'sourceId': '33794'}]","[{'rovi_projectx_id_mapped': 'rovi_id:1252380531,Map_reason:not found in projectx'}]",True,,False,Fail,Fail
35534,1814439386,3752725,3752725,,,,,,Pass,Pass
36158,3256942366,10240504,10240504,,,,,,Pass,Pass
35633,1217600722,9060783,9060783,,,,,,Pass,Pass
36159,1694831752,2783002,2783002,,,,,,Pass,Pass
36163,3928035806,4001940,4001940,,,,,,Pass,Pass
36166,4741680539,11033304,11033304,,,,,,Pass,Pass
35538,1777967566,9518313,9518313,,,,,,Pass,Pass
36168,3924881442,10466899,13223181,[{'sourceId': '36168'}],"[{'rovi_projectx_id_mapped': 'rovi_id:3924881442,Map_reason:not found in projectx'}]",,,False,Fail,Fail
36156,1930898229,9993319,9993319,,,,,,Pass,Pass
36157,3930488167,10472426,10472426,,,,,,Pass,Pass
36152,1672956152,9466227,9466227,,,,,,Pass,Pass
36153,3206147608,10220415,10220415,,,,,,Pass,Pass
36172,3499185912,10362119,10362119,,,,,,Pass,Pass
36174,4058329730,9398668,9398668,,,,,,Pass,Pass
36175,1980474406,3936326,3936326,,,,,,Pass,Pass
36176,1274699452,9136787,9136787,,,,,,Pass,Pass
36178,1980477126,10069526,10069526,,,,,,Pass,Pass
36179,2001556332,3798577,3798577,,,,,,Pass,Pass
36185,999412154,3721419,3721419,,,,,,Pass,Pass
36188,3310599064,10269632,10269632,,,,,,Pass,Pass
36119,3139935000,10096310,10096310,,,,,,Pass,Pass
35107,1331830365,3788420,3788420,,,,,,Pass,Pass
36126,1913117187,9987758,9987758,,,,,,Pass,Pass
36129,1492470357,9387931,9387931,,,,,,Pass,Pass
36130,3514956183,10377002,10377002,,,,,,Pass,Pass
36131,1777967409,9518273,9518273,,,,,,Pass,Pass
36133,410999,4165879,4165879,,,,,,Pass,Pass
36135,1731774238,9498453,9498453,,,,,,Pass,Pass
36137,1443255787,9339535,9339535,,,,,,Pass,Pass
36138,19319981,7363089,7363089,,,,,,Pass,Pass
36139,1063930809,3474481,3474481,,,,,,Pass,Pass
36140,1230210906,9076751,9076751,,,,,,Pass,Pass
36142,999187123,3721888,3721888,,,,,,Pass,Pass
36143,870726543,8645631,8645631,,,,,,Pass,Pass
36027,21922922,7551660,7551660,,,,,,Pass,Pass
36070,1245055571,3886230,3886230,,,,,,Pass,Pass
26566,643535822,8341650,8341650,,,,,,Pass,Pass
36071,1263055644,9124285,9124285,,,,,,Pass,Pass
36073,969804,3356303,3356303,,,,,,Pass,Pass
32533,708589585,3967764,3967764,,,,,,Pass,Pass
36031,970958416,9513272,9513272,,,,,,Pass,Pass
36079,1098294082,3764486,3764486,,,,,,Pass,Pass
36080,1654261386,3987459,13224659,[{'sourceId': '36080'}],"[{'rovi_projectx_id_mapped': 'rovi_id:1654261386,Map_reason:not found in projectx'}]",,,False,Fail,Fail
29183,379854478,3369618,3369618,,,,,,Pass,Pass
32625,1382738994,9289923,9289923,,,,,,Pass,Pass
18046,1949895565,6916047,6916047,,,,,,Pass,Pass
36090,4815293403,6894927,6894927,,,,,,Pass,Pass
36091,1533555049,9420801,9420801,,,,,,Pass,Pass
22672,687769896,8410889,8410889,,,,,,Pass,Pass
36102,1702821005,9483484,9483484,,,,,,Pass,Pass
16248,1681025486,9468319,9468319,,,,,,Pass,Pass
29454,477897343,8162866,8162866,,,,,,Pass,Pass
36034,1270810717,9131727,9131727,,,,,,Pass,Pass
36035,1283276685,9152426,9152426,,,,,,Pass,Pass
36036,990857177,8812470,8812470,,,,,,Pass,Pass
23723,20008729,10467093,10467093,,,,,,Pass,Pass
930,1208841620,4012235,4012235,,,,,,Pass,Pass
36048,18858231,3269826,3269826,,,,,,Pass,Pass
36049,689027896,8285232,8285232,,,,,,Pass,Pass
36038,10004633,5511961,5511961,,,,,,Pass,Pass
36039,3895672985,10459221,13224719,[{'sourceId': '36039'}],"[{'rovi_projectx_id_mapped': 'rovi_id:3895672985,Map_reason:not found in projectx'}]",,,False,Fail,Fail
36052,1149163593,3980290,3980290,,,,,,Pass,Pass
36053,1357094537,10182402,10182402,,,,,,Pass,Pass
25147,1078239092,3797690,3797690,,,,,,Pass,Pass
36059,1895627666,9983797,9983797,,,,,,Pass,Pass
36023,1276980477,9138549,9138549,,,,,,Pass,Pass
27673,1046915883,3798637,3798637,,,,,,Pass,Pass
36064,2287375,2982933,2982933,,,,,,Pass,Pass
35914,1496598778,9389770,9389770,,,,,,Pass,Pass
36335,2005881693,10081350,10081350,,,,,,Pass,Pass
33760,1750046492,9506378,9506378,,,,,,Pass,Pass
36390,1536665933,9424403,9424403,,,,,,Pass,Pass
36382,1980459962,10068984,10068984,,,,,,Pass,Pass
36383,1980460886,10069112,10069112,,,,,,Pass,Pass
36413,1517557258,9407458,9407458,,,,,,Pass,Pass
36449,1390843560,9296288,9296288,,,,,,Pass,Pass
36450,3291925769,10261051,10261051,,,,,,Pass,Pass
36548,4112155065,3960745,3960745,,,,,,Pass,Pass
36544,3405874980,575152